id,name,synonyms,category,kcal,fat_g,carbs_g,protein_g
1,"Vitello, petto, crudo",,Carne e frattaglie/Vitello,204.0,14.5,0.0,18.3
2,"Vitello, costoletta, cruda",,Carne e frattaglie/Vitello,161.0,8.7,0.0,20.7
3,"Vitello, bistecca, cruda",,Carne e frattaglie/Vitello,113.0,2.4,0.0,22.8
4,"Agnello, cosciotto (Svizzera, Nuova Zelanda), crudo",,"Carne e frattaglie/Agnello, pecora",155.0,8.2,0.0,20.2
5,"Agnello, costoletta, cruda",,"Carne e frattaglie/Agnello, pecora",179.0,10.9,0.0,20.2
6,"Manzo, carne macinata, magra, cruda",Trito,Carne e frattaglie/Manzo,154.0,7.5,0.0,21.6
7,"Maiale, carne macinata, cruda",Trito,Carne e frattaglie/Maiale,159.0,8.5,0.0,20.5
8,"Maiale, cotoletta, cruda",,Carne e frattaglie/Maiale,179.0,10.4,0.0,21.4
9,"Maiale, spezzatino, crudo",Ragù,Carne e frattaglie/Maiale,135.0,5.7,0.0,20.9
10,"Vitello, fegato, crudo",,Carne e frattaglie/Vitello,127.0,3.4,4.6,19.6
11,"Vitello, macinato, crudo",Trito,Carne e frattaglie/Vitello,105.0,2.6,0.0,20.5
12,"Cervo, entrecôte, crudo",,Carne e frattaglie/Selvaggina,111.0,2.1,0.0,23.1
13,"Vitello, sminuzzato, crudo",,Carne e frattaglie/Vitello,98.0,1.1,0.0,22.0
14,"Vitello, girello, cruda",Fettina,Carne e frattaglie/Vitello,104.0,1.8,0.0,21.9
15,"Vitello, spezzatino, crudo",,Carne e frattaglie/Vitello,102.0,2.4,0.0,20.0
16,"Coniglio, filetto, crudo",,Carne e frattaglie/Altre specie animali,111.0,1.5,0.0,24.3
17,"Agnello, lombata, cruda (Australia, Nuova Zelanda)",,"Carne e frattaglie/Agnello, pecora",117.0,3.3,0.0,21.8
18,"Agnello, carré, crudo (Australia, Nuova Zelanda)",,"Carne e frattaglie/Agnello, pecora",156.0,8.3,0.0,20.3
19,"Agnello, spezzatino, crudo (Svizzera)",,"Carne e frattaglie/Agnello, pecora",154.0,8.4,0.0,19.6
20,"Pollo, petto con pelle, crudo",,Carne e frattaglie/Pollame,152.0,6.5,0.0,23.3
22,"Pollo, petto senza pelle, crudo",,Carne e frattaglie/Pollame,107.0,1.0,0.0,24.6
24,"Pollo, coscia con pelle, cruda",,Carne e frattaglie/Pollame,163.0,10.2,0.0,17.9
26,"Pollo, coscia senza pelle, cruda",,Carne e frattaglie/Pollame,135.0,6.2,0.0,19.7
28,"Capriolo, spezzatino, crudo",Ragù,Carne e frattaglie/Selvaggina,105.0,1.9,0.0,22.0
29,"Scaloppina di capriolo, cruda",,Carne e frattaglie/Selvaggina,105.0,1.7,0.0,22.5
30,"Manzo, entrecôte, crudo",,Carne e frattaglie/Manzo,133.0,4.5,0.0,23.2
32,"Manzo, bistecca, cruda",Schiena,Carne e frattaglie/Manzo,165.0,9.0,0.0,21.1
34,"Manzo, girello, crudo",Fettina,Carne e frattaglie/Manzo,106.0,1.8,0.0,22.4
35,"Manzo, per bollito, misto, crudo",,Carne e frattaglie/Manzo,227.0,16.6,0.0,19.5
36,"Manzo, per bollito, magro, crudo",,Carne e frattaglie/Manzo,132.0,5.5,0.0,20.7
37,"Manzo, sminuzzato, crudo",Spezzatino,Carne e frattaglie/Manzo,102.0,1.5,0.0,22.2
38,"Manzo, spezzatino, crudo",Ragù,Carne e frattaglie/Manzo,97.0,1.3,0.0,21.2
39,"Maiale, costine, crude",,Carne e frattaglie/Maiale,239.0,18.6,0.0,17.9
40,"Maiale, sminuzzato, crudo",,Carne e frattaglie/Maiale,134.0,5.4,0.0,21.3
41,"Maiale, bistecca di collo, crudo",,Carne e frattaglie/Maiale,203.0,14.1,0.0,18.9
42,"Maiale, lonza, cruda",,Carne e frattaglie/Maiale,138.0,5.1,0.0,22.9
43,"Maiale, girello, crudo",Fettina,Carne e frattaglie/Maiale,127.0,4.9,0.0,20.6
47,Acqua potabile (valori medi in Svizzera),,Bevande analcoliche/Acqua potabile,0.0,0.0,0.0,0.0
49,Burro speciale,,Grassi e oli/Grassi,746.0,82.3,0.7,0.7
50,Burro per arrostire,,Grassi e oli/Grassi,885.0,98.3,0.0,0.1
51,Burro da cucina,,Grassi e oli/Grassi,745.0,82.2,0.7,0.5
52,"Yogurt, naturale",,Latte e prodotti di latte/Yogurt e latte acidulato,66.0,3.6,4.5,3.9
53,"Yogurt, alla fragola",,Latte e prodotti di latte/Yogurt e latte acidulato,101.0,2.7,15.2,3.4
54,"Yogurt, al cioccolato",,Latte e prodotti di latte/Yogurt e latte acidulato,120.0,3.9,16.9,3.9
55,"Yogurt, alle nocciole",,Latte e prodotti di latte/Yogurt e latte acidulato,119.0,4.6,15.0,3.8
56,"Yogurt, alla vaniglia",,Latte e prodotti di latte/Yogurt e latte acidulato,98.0,3.0,14.0,3.7
57,"Yogurt, al caffè",,Latte e prodotti di latte/Yogurt e latte acidulato,99.0,3.1,14.1,3.7
58,"Yogurt bifidus, naturale",,Latte e prodotti di latte/Yogurt e latte acidulato,66.0,3.6,4.5,4.0
59,"Latte parzialmente scremato, pastorizzato",,Latte e prodotti di latte/Latte,56.0,2.8,4.7,3.1
60,Burro del caseificio,,Grassi e oli/Grassi,747.0,82.5,0.6,0.4
61,"Latte parzialmente scremato, UHT",,Latte e prodotti di latte/Latte,57.0,2.8,4.6,3.3
62,"Latte intero, pastorizzato",,Latte e prodotti di latte/Latte,68.0,4.0,4.7,3.2
63,"Latte intero, UHT",,Latte e prodotti di latte/Latte,68.0,4.1,4.6,3.2
64,"Latte scremato, UHT",,Latte e prodotti di latte/Latte,33.0,0.1,4.7,3.3
65,"Panna intera, pastorizzata",,Grassi e oli/Panna,334.0,34.8,3.1,2.0
66,"Panna intera, UHT",,Grassi e oli/Panna,335.0,34.9,3.1,2.0
67,"Panna semigrassa, pastorizzata",,Grassi e oli/Panna,274.0,27.9,3.3,2.3
68,"Panna semigrassa, UHT",,Grassi e oli/Panna,251.0,25.1,3.7,2.5
69,Panna da caffè UHT,,Grassi e oli/Panna,161.0,15.0,3.8,2.6
70,"Quark, naturale, alla panna",Ricotta,Latte e prodotti di latte/Formaggio fresco e quark,183.0,15.6,3.7,6.9
71,"Quark, naturale, magro",Ricotta,Latte e prodotti di latte/Formaggio fresco e quark,61.0,0.2,4.2,10.6
72,"Bevanda a base di soia, naturale",,Alimenti proteici a base vegetale e alternative ai prodotti animali/Bevande a base vegetale,40.0,2.1,1.5,3.6
82,Mozzarella,,Latte e prodotti di latte/Formaggio fresco e quark,256.0,19.5,0.7,19.5
99,"Yogurt, al caffè bio",,Latte e prodotti di latte/Yogurt e latte acidulato,95.0,3.3,13.1,3.4
191,Burro semigrasso,,Grassi e oli/Grassi,391.0,39.8,3.5,4.8
193,"Salmone, affumicato",,Pesce/Pesci di mare,173.0,8.9,0.0,23.2
194,"Salmone d'allevamento, crudo",,Pesce/Pesci di mare,223.0,15.9,0.0,19.9
195,Cioccolato al latte,,Dolciumi/Cioccolato e prodotti a base di cacao,537.0,31.1,56.9,6.5
196,"Cioccolato, nero (amaro)",,Dolciumi/Cioccolato e prodotti a base di cacao,537.0,31.8,53.4,5.7
197,"Cioccolato, bianco",,Dolciumi/Cioccolato e prodotti a base di cacao,567.0,35.2,55.8,6.7
198,Fiocchi di avena,,"Pane, fiocchi e cereali per la prima colazione/Fiocchi, crusca e germi",381.0,7.5,59.5,13.5
202,Panettone,,Dolciumi/Altre pasticceri dolci,354.0,10.7,56.5,6.4
203,Farina di frumento (farina bigia) tipo 1100,,"Prodotti a base di cereali, legumi e patate/Farine e amidi",339.0,1.7,64.6,13.5
204,Farina di frumento (farina bianca) tipo 550,,"Prodotti a base di cereali, legumi e patate/Farine e amidi",344.0,1.3,69.5,12.0
205,Farina di frumento (farina bianca) tipo 400,,"Prodotti a base di cereali, legumi e patate/Farine e amidi",346.0,1.1,71.0,11.5
206,Farina di frumento (farina integrale) tipo 1700,,"Prodotti a base di cereali, legumi e patate/Farine e amidi",338.0,2.0,61.0,13.5
207,Farina di frumento (farina semibianca) tipo 720,,"Prodotti a base di cereali, legumi e patate/Farine e amidi",340.0,1.5,66.2,13.0
208,"Margarina, senza burro, 70 - 80 % di grasso",,Grassi e oli/Grassi,696.0,77.0,0.2,0.5
209,"Margarina, 35 - 40 % di grasso",,Grassi e oli/Grassi,357.0,39.0,1.1,0.3
210,"Salmone selvatico, crudo",,Pesce/Pesci di mare,182.0,11.5,0.0,19.7
211,"Coregone lavarello, crudo",,Pesce/Pesci d’acqua dolce,98.0,2.3,0.0,19.2
269,"Mandorle, tostate e salate",,Snack salati/Noci e semi salati,649.0,55.2,7.2,25.6
270,Nocciole,,"Noci, semi e frutti oleosi",661.0,59.5,10.1,16.4
271,Noci,,"Noci, semi e frutti oleosi",709.0,67.3,6.9,15.7
272,"Castagna, cruda",,"Noci, semi e frutti oleosi",190.0,1.9,36.5,2.9
273,Mandorle,,"Noci, semi e frutti oleosi",624.0,52.1,7.8,25.6
274,Pistacchi,,"Noci, semi e frutti oleosi",621.0,50.3,12.3,25.5
275,Anacardi,,"Noci, semi e frutti oleosi",619.0,48.1,23.2,21.5
276,Semi di zucca,,"Noci, semi e frutti oleosi",615.0,49.1,4.7,35.6
277,Semi di lino,,"Noci, semi e frutti oleosi",533.0,42.2,3.6,21.3
278,"Mandorle, tostate senza grasso e salate",,Snack salati/Noci e semi salati,637.0,52.5,10.1,25.4
279,Noce del Brasile,,"Noci, semi e frutti oleosi",698.0,66.5,4.2,17.0
280,"Semi di sesamo, non decorticati",,"Noci, semi e frutti oleosi",619.0,53.8,4.0,23.1
281,Semi di girasole,,"Noci, semi e frutti oleosi",621.0,54.5,3.6,25.1
282,Arachide,,"Noci, semi e frutti oleosi",623.0,49.1,14.8,26.1
283,Pinoli,,"Noci, semi e frutti oleosi",688.0,61.9,13.0,16.5
284,Noce di cocco,,"Noci, semi e frutti oleosi",384.0,36.5,4.8,4.6
285,"Merluzzo bianco, crudo",,Pesce/Pesci di mare,78.0,0.6,0.0,18.1
289,"Trota, cruda",Trota fario,Pesce/Pesci d’acqua dolce,127.0,6.2,0.0,17.7
290,"Uovo di gallina, intero, crudo",,Uova,140.0,9.8,0.3,12.6
348,"Pomodoro, crudo",,Verdure/Verdure fresche,21.0,0.3,3.3,0.9
349,"Melanzana, cruda",,Verdure/Verdure fresche,21.0,0.1,2.4,1.1
350,"Cavolfiore, crudo",,Verdure/Verdure fresche,26.0,0.7,2.1,1.8
351,"Broccoli, crudi",,Verdure/Verdure fresche,39.0,0.6,3.2,3.6
352,"Finocchio, crudo",,Verdure/Verdure fresche,23.0,0.4,2.6,1.0
353,"Fagiolino verde, crudo",,Verdure/Verdure fresche,32.0,0.2,4.1,1.9
354,"Cetriolo, crudo",,Verdure/Verdure fresche,12.0,0.0,1.8,0.7
355,"Carota, cruda",,Verdure/Verdure fresche,42.0,0.4,7.6,0.6
356,"Aglio, crudo",,Verdure/Verdure fresche,107.0,0.5,16.3,6.4
357,"Sedano rapa, crudo",,Verdure/Verdure fresche,32.0,0.3,4.0,1.4
358,"Porro, crudo",,Verdure/Verdure fresche,32.0,0.2,4.0,2.0
359,"Peperone verde, crudo",,Verdure/Verdure fresche,22.0,0.3,3.0,0.9
360,"Peperone rosso, crudo",,Verdure/Verdure fresche,32.0,0.1,5.9,0.9
361,"Rafano, crudo",,Verdure/Verdure fresche,24.0,0.1,3.9,1.0
362,"Rabarbaro, crudo",,Frutta/Frutta fresca,22.0,0.2,1.5,0.8
363,"Cavolino di Bruxelles, crudo",,Verdure/Verdure fresche,41.0,0.4,3.3,4.0
364,"Cavolo rosso, crudo",,Verdure/Verdure fresche,29.0,0.2,4.3,1.1
365,"Spinaci, crudi",,Verdure/Verdure fresche,25.0,0.6,1.3,2.6
366,"Sedano, crudo",,Verdure/Verdure fresche,18.0,0.2,2.4,0.6
367,"Zucchina, cruda",,Verdure/Verdure fresche,17.0,0.3,1.8,1.2
368,"Cipolla, cruda",,Verdure/Verdure fresche,39.0,0.6,6.3,1.1
369,"Pisello, crudo",,Verdure/Verdure fresche,90.0,0.7,11.3,6.9
370,"Lenticchie, intere, secche",,"Prodotti a base di cereali, legumi e patate/Legumi",313.0,1.5,38.8,24.4
371,"Crescione, crudo",,Verdure/Verdure fresche,19.0,0.2,1.9,1.7
372,"Formentino, crudo",,Verdure/Verdure fresche,18.0,0.2,0.8,2.0
373,"Prezzemolo, fresco",,Verdure/Erbe aromatiche,58.0,0.5,7.4,3.9
374,"Erba cipollina, fresca",,Verdure/Erbe aromatiche,30.0,0.6,1.9,3.0
375,"Champignon, crudo",,Verdure/Funghi,25.0,0.3,1.1,3.7
376,"Gallinaccio, crudo",,Verdure/Funghi,24.0,0.5,0.2,2.3
377,"Ananas, crudo",,Frutta/Frutta fresca,52.0,0.1,11.7,0.5
378,"Mela, cruda",,Frutta/Frutta fresca,52.0,0.3,11.6,0.3
379,"Albicocca, cruda",,Frutta/Frutta fresca,44.0,0.1,9.0,0.8
380,"Avocado, crudo",,"Noci, semi e frutti oleosi",158.0,15.1,1.2,1.6
381,"Banana, cruda",,Frutta/Frutta fresca,90.0,0.2,19.7,1.1
382,"Pera, cruda",,Frutta/Frutta fresca,54.0,0.3,10.9,0.5
383,"Mora, cruda",,Frutta/Frutta fresca,47.0,0.7,6.5,1.1
384,"Datteri, secchi",,Frutta/Frutta secca,287.0,0.4,64.7,2.4
385,"Fragola, cruda",,Frutta/Frutta fresca,38.0,0.4,6.0,0.6
386,"Fico, crudo",,Frutta/Frutta fresca,71.0,0.5,13.5,1.2
387,"Fichi, secchi",,Frutta/Frutta secca,267.0,1.2,55.9,3.1
388,"Pompelmo (bianco o rosso), crudo",,Frutta/Frutta fresca,39.0,0.2,8.0,0.9
389,"Mirtillo, crudo",,Frutta/Frutta fresca,51.0,0.2,10.6,0.9
390,"Lampone, crudo",,Frutta/Frutta fresca,44.0,0.8,5.8,1.2
391,"Ribes rosso, crudo",,Frutta/Frutta fresca,50.0,0.7,7.1,1.6
392,"Ribes nero, crudo",,Frutta/Frutta fresca,71.0,0.9,9.7,1.3
393,"Cachi, crudo",,Frutta/Frutta fresca,77.0,0.3,16.0,0.9
394,"Ciliegie, crude",,Frutta/Frutta fresca,62.0,0.4,13.0,0.8
395,"Kiwi, crudo",,Frutta/Frutta fresca,58.0,0.6,11.0,0.9
396,"Mango, crudo",,Frutta/Frutta fresca,68.0,0.6,14.3,0.6
397,"Mandarino, crudo",,Frutta/Frutta fresca,45.0,0.2,9.2,0.8
398,"Limone, crudo",,Frutta/Frutta fresca,24.0,0.6,2.9,0.8
399,"Melone, crudo",,Frutta/Frutta fresca,62.0,0.1,14.8,1.1
400,"Uva spina, cruda",,Frutta/Frutta fresca,39.0,0.2,7.1,0.8
401,"Pesca, gialla, cruda",,Frutta/Frutta fresca,43.0,0.1,8.9,0.8
402,"Anguria, cruda",,Frutta/Frutta fresca,39.0,0.2,8.3,0.7
403,"Mirabella (susina gialla), cruda",,Frutta/Frutta fresca,76.0,0.2,18.0,0.6
404,"Pesca noce, cruda",,Frutta/Frutta fresca,55.0,0.3,11.3,1.0
405,"Arancia, cruda",,Frutta/Frutta fresca,45.0,0.2,8.0,0.8
408,"Semi di sesamo, decorticati",,"Noci, semi e frutti oleosi",660.0,57.4,4.6,26.8
410,"Tuorlo d'uovo, crudo",,Uova,349.0,31.3,0.3,16.4
411,"Albume d'uovo, crudo",,Uova,45.0,0.0,0.4,10.8
412,Olio di semi di mais,,Grassi e oli/Oli,900.0,100.0,0.0,0.0
413,"Sardina sott'olio, sgocciolata",,Pesce/Pesci di mare,204.0,11.6,0.5,24.4
414,"Acciuga sott'olio, sgocciolata",,Pesce/Pesci di mare,182.0,8.5,0.2,26.4
415,"Passera di mare, cruda",Platessa,Pesce/Pesci di mare,85.0,1.9,0.0,17.1
416,"Luccio, crudo",,Pesce/Pesci d’acqua dolce,81.0,0.8,0.0,18.4
417,"Tonno, in salamoia, sgocciolato",,Pesce/Pesci di mare,109.0,1.0,0.0,24.9
418,"Tonno, sott'olio, sgocciolato",,Pesce/Pesci di mare,199.0,9.6,0.9,27.3
419,"Riso tipo parboiled, secco",,"Prodotti a base di cereali, legumi e patate/Riso",356.0,1.0,78.6,7.5
420,Farina di grano saraceno,,"Prodotti a base di cereali, legumi e patate/Farine e amidi",343.0,2.8,65.4,12.0
421,"Grano saraceno, decorticato",,"Prodotti a base di cereali, legumi e patate/Altri prodotti a base di cereali",341.0,3.1,62.4,13.1
422,"Miglio, grano decorticato",,"Prodotti a base di cereali, legumi e patate/Altri prodotti a base di cereali",360.0,3.9,68.8,10.6
423,"Semola di grano duro, secca",,"Prodotti a base di cereali, legumi e patate/Altri prodotti a base di cereali",347.0,1.6,66.8,13.3
424,Popcorn,Mais soffiato,Snack salati/Altri snack salati,367.0,4.2,62.9,12.0
425,"Semolino di mais, secco",Semolino di granturco;Polenta,"Prodotti a base di cereali, legumi e patate/Mais",350.0,1.1,73.8,8.8
426,Fecola di mais,Amido,"Prodotti a base di cereali, legumi e patate/Farine e amidi",354.0,0.0,88.0,0.3
427,"Riso raffinato, secco",Riso bianco,"Prodotti a base di cereali, legumi e patate/Riso",352.0,0.9,78.0,7.4
428,"Riso integrale, secco","Riso sbramato, secco","Prodotti a base di cereali, legumi e patate/Riso",350.0,2.8,71.4,7.4
429,"Orzo perlato, secco",Orzo mondato,"Prodotti a base di cereali, legumi e patate/Altri prodotti a base di cereali",337.0,2.0,64.0,9.1
430,Germe di frumento,Germe di grano,"Pane, fiocchi e cereali per la prima colazione/Fiocchi, crusca e germi",375.0,9.5,35.1,29.2
431,Crusca di frumento,,"Pane, fiocchi e cereali per la prima colazione/Fiocchi, crusca e germi",271.0,5.5,17.7,15.2
432,"Mais dolce, crudo",Granturco,Verdure/Verdure fresche,85.0,1.8,12.6,3.2
433,"Pere, secche",,Frutta/Frutta secca,288.0,1.4,59.7,2.3
435,"Mele, sbucciate, secche",,Frutta/Frutta secca,264.0,1.6,55.4,1.4
436,"Bacca di sambuco nero, cruda",,Frutta/Frutta fresca,63.0,1.7,7.4,2.5
437,"Cavolo cinese, crudo",,Verdure/Verdure fresche,14.0,0.2,1.2,1.4
438,"Taccole, crude",,Verdure/Verdure fresche,48.0,0.3,6.4,3.8
439,"Ceci, secchi",,"Prodotti a base di cereali, legumi e patate/Legumi",338.0,4.9,44.3,18.6
441,"Lattuga romana, cruda",,Verdure/Verdure fresche,17.0,0.3,1.2,1.2
442,"Fagioli di soia, secchi",,"Prodotti a base di cereali, legumi e patate/Legumi",396.0,18.3,8.7,38.2
443,"Asparago (bianco o verde), crudo",,Verdure/Verdure fresche,26.0,0.3,2.8,2.2
447,"Insalata belga, cruda",,Verdure/Verdure fresche,20.0,0.2,2.8,1.1
448,"Lattuga cappuccio, cruda",,Verdure/Verdure fresche,16.0,0.4,1.1,1.3
449,"Cavolo rapa, crudo",,Verdure/Verdure fresche,27.0,0.2,3.7,1.9
450,"Bietola da coste, cruda",,Verdure/Verdure fresche,16.0,0.2,1.6,1.0
451,"Barbabietola, cruda",,Verdure/Verdure fresche,48.0,0.3,8.4,1.7
452,"Scorzonera, cruda",,Verdure/Verdure fresche,54.0,0.3,2.1,1.4
453,"Cavolo bianco, crudo",,Verdure/Verdure fresche,36.0,0.6,4.6,1.4
454,"Verza, cruda",,Verdure/Verdure fresche,27.0,0.1,3.0,2.0
455,"Fungo porcino, crudo",Boleto,Verdure/Funghi,39.0,0.4,0.5,5.4
456,"Ravanelli, crudi",,Verdure/Verdure fresche,14.0,0.1,1.5,0.9
457,"Spugnole, crude",,Verdure/Funghi,29.0,0.3,0.5,2.5
458,"Cicoria rossa, cruda",Radicchio rosso,Verdure/Verdure fresche,19.0,0.1,1.6,1.4
459,"Lattuga iceberg, cruda",,Verdure/Verdure fresche,15.0,0.2,2.1,0.8
460,"Timo, fresco",,Verdure/Erbe aromatiche,52.0,1.2,7.3,1.5
461,"Salvia, fresca",,Verdure/Erbe aromatiche,59.0,2.1,6.9,1.7
462,"Rosmarino, fresco",,Verdure/Erbe aromatiche,62.0,2.5,7.7,0.8
463,"Menta, fresca",,Verdure/Erbe aromatiche,49.0,0.7,5.3,3.8
464,"Basilico, fresco",,Verdure/Erbe aromatiche,46.0,0.8,5.1,3.1
465,"Cicoria bianca di Milano, cruda",,Verdure/Verdure fresche,16.0,0.2,1.5,1.2
466,"Germogli di soia, crudi",,Verdure/Germogli e piantine,55.0,1.0,4.7,5.5
467,"Indivia riccia/scarola, cruda",Indivia scarola;Indivia riccia,Verdure/Verdure fresche,16.0,0.2,1.2,1.8
468,"Rucola, cruda",,Verdure/Verdure fresche,22.0,0.4,0.1,3.6
469,"Albicocche, secche",,Frutta/Frutta secca,239.0,0.5,59.1,2.9
470,Zucchero bianco,Zucchero cristallino;Saccarosio,Dolciumi/Zuccheri ed edulcoranti,400.0,0.0,100.0,0.0
471,Zucchero bruno,Zucchero integrale;Zucchero grezzo,Dolciumi/Zuccheri ed edulcoranti,390.0,0.0,97.6,0.0
472,Miele (miele di fiori),,Dolciumi/Confettura e prodotti dolci da spalmare sul pane,306.0,0.0,76.0,0.4
473,"Fagiolini verdi, secchi",Fagiolo comune,Verdure/Verdure secche,318.0,2.0,42.1,20.2
474,"Prugna, cruda",,Frutta/Frutta fresca,48.0,0.2,10.2,0.6
475,"Prugna, secca",,Frutta/Frutta secca,227.0,0.4,55.4,1.6
476,"Mela cotogna, cruda",,Frutta/Frutta fresca,47.0,0.5,7.3,0.4
477,"Uvetta, secca",Uva sultanina,Frutta/Frutta secca,321.0,0.9,73.2,3.0
478,"Uva, bianca, cruda",Uva da tavola,Frutta/Frutta fresca,69.0,0.3,15.2,0.7
479,"Prugne susine, crude",,Frutta/Frutta fresca,43.0,0.1,8.8,0.6
480,"Zucca, cruda",,Verdure/Verdure fresche,28.0,0.1,4.6,1.1
481,"Passera pianuzza, cruda",,Pesce/Pesci di mare,80.0,1.6,0.0,16.5
482,Parmigiano,,Latte e prodotti di latte/Formaggio a pasta dura,401.0,31.0,0.0,30.5
483,Gorgonzola,,Latte e prodotti di latte/Formaggio a pasta dura,357.0,31.2,0.1,19.0
484,Formaggio Roquefort,,Latte e prodotti di latte/Formaggio a pasta molle,382.0,33.9,0.0,19.2
485,Mascarpone,,Latte e prodotti di latte/Formaggio fresco e quark,435.0,44.5,4.1,4.5
486,"Lepre (media), cruda",,Carne e frattaglie/Altre specie animali,105.0,1.9,0.0,22.0
487,"Cervo (media), crudo",,Carne e frattaglie/Selvaggina,112.0,3.3,0.0,20.6
489,"Cinghiale (media), crudo",,Carne e frattaglie/Selvaggina,108.0,3.3,0.0,19.5
491,"Cetriolini, sott'aceto",,Verdure/Verdure cotte (incl. conserve),14.0,0.1,2.1,0.7
492,"Oliva, verde, in salamoia, sgocciolata",,"Noci, semi e frutti oleosi",154.0,15.7,0.0,1.3
493,"Olive, nere",,"Noci, semi e frutti oleosi",176.0,17.2,0.8,1.4
494,"Cipolline, sott'aceto",,Verdure/Verdure cotte (incl. conserve),28.0,0.2,4.9,0.9
495,Formaggio Tête de Moine,,Latte e prodotti di latte/Formaggio a pasta dura,416.0,35.5,0.0,24.2
497,Fecola di patate,Amido,"Prodotti a base di cereali, legumi e patate/Farine e amidi",336.0,0.1,83.1,0.6
498,Bevanda gassata a base di cola zuccherata,,Bevande analcoliche/Bevande zuccherate,40.0,0.0,10.0,0.0
499,Bevanda gassata a base di cola edulcorata,,Bevande analcoliche/Bevande a ridotto contenuto calorico,0.0,0.0,0.0,0.0
505,"Formaggio fresco granulato, al naturale",Cottage cheese,Latte e prodotti di latte/Formaggio fresco e quark,100.0,4.5,2.4,12.4
506,Ricotta svizzera,,Latte e prodotti di latte/Formaggio fresco e quark,122.0,7.2,3.3,10.9
507,Formaggio alle erbe glaronese,Schabziger,Latte e prodotti di latte/Formaggio a pasta dura,131.0,0.5,0.0,31.6
508,"Vino rosso, 9 vol%",,Bevande alcoliche/Vino,55.0,0.0,0.2,0.2
509,"Vino rosso, 12 vol%",,Bevande alcoliche/Vino,70.0,0.0,0.3,0.2
510,"Vino bianco, 11 vol%",,Bevande alcoliche/Vino,71.0,0.0,2.0,0.1
511,Vino bianco 12.5 vol%,,Bevande alcoliche/Vino,72.0,0.0,0.1,0.2
512,"Sidro di mele, 4 vol%",,Bevande alcoliche/Vino,31.0,0.0,2.5,0.0
513,"Sidro di mele, 6.2 vol%",,Bevande alcoliche/Vino,63.0,0.0,7.2,0.0
514,"Vermut, 15 vol%",,Bevande alcoliche/Vino,132.0,0.0,12.9,0.1
515,"Sherry, 18.5 vol%",,Bevande alcoliche/Vino,118.0,0.0,3.6,0.1
516,"Vino di Porto, 18.5 vol%",,Bevande alcoliche/Vino,148.0,0.0,11.7,0.2
517,"Liquore all'uovo, 16.5 vol%",,Bevande alcoliche/Altre bevande alcoliche,285.0,7.0,28.0,4.0
518,"Acquavite di cereali, 40% vol (p.es. Whisky)",,Bevande alcoliche/Spiritosi,247.0,0.0,0.1,0.0
519,"Acquavite di vino (p.es. Cognac, brandy)",,Bevande alcoliche/Spiritosi,240.0,0.0,2.0,0.0
520,Acquavite di canna da zucchero (p.es. Rum),,Bevande alcoliche/Spiritosi,234.0,0.0,0.0,0.0
526,"Latte condensato, zuccherato",,Latte e prodotti di latte/Latte,339.0,10.0,54.3,8.0
527,"Latte condensato, non zuccherato",,Latte e prodotti di latte/Latte,131.0,7.6,9.3,6.4
528,Latte di capra,,Latte e prodotti di latte/Latte,57.0,3.2,4.2,2.8
529,Latticello,,Latte e prodotti di latte/Bevande a base di latte e yogurt,34.0,0.5,4.0,3.4
530,"Formaggio Gruyère, grasso",,Latte e prodotti di latte/Formaggio a pasta dura,394.0,32.0,0.0,26.4
531,Formaggio Limburger/Münster,,Latte e prodotti di latte/Formaggio a pasta dura,273.0,21.4,0.0,20.0
532,Formaggio Raclette,,Latte e prodotti di latte/Formaggio a pasta dura,355.0,27.9,0.0,25.9
533,Formaggio Reblochon,,Latte e prodotti di latte/Formaggio a pasta molle,307.0,25.2,0.0,19.9
534,Formaggio Vacherin Mont d'Or,,Latte e prodotti di latte/Formaggio a pasta molle,278.0,23.2,0.0,17.2
536,Vacherin friborghese,,Latte e prodotti di latte/Formaggio a pasta dura,368.0,30.4,0.0,23.5
539,Formaggio in salamoia (di latte di mucca),Feta,Latte e prodotti di latte/Formaggio a pasta molle,256.0,20.7,1.4,16.0
549,Formaggio in salamoia (di latte di pecora e capra),Feta,Latte e prodotti di latte/Formaggio a pasta molle,281.0,24.3,0.7,14.8
551,Vino spumante (p.es.Champagne),,Bevande alcoliche/Vino,71.0,0.0,1.5,0.2
552,Formaggio Sbrinz,,Latte e prodotti di latte/Formaggio a pasta dura,411.0,33.2,0.0,28.0
553,"Formaggio Appenzeller, grasso",,Latte e prodotti di latte/Formaggio a pasta dura,383.0,31.7,0.0,24.3
554,"Formaggio Appenzeller, un quarto grasso",,Latte e prodotti di latte/Formaggio a pasta dura,235.0,11.4,0.0,33.1
555,Formaggio Emmentaler grasso,,Latte e prodotti di latte/Formaggio a pasta dura,407.0,32.6,0.0,28.4
556,"Formaggio Tilsiter di latte pastorizzato, grasso",,Latte e prodotti di latte/Formaggio a pasta dura,348.0,28.0,0.0,24.1
557,"Formaggio Tilsiter di latte crudo, grasso",,Latte e prodotti di latte/Formaggio a pasta dura,374.0,30.2,0.0,25.6
558,"Formaggio fuso a fette, un quarto grasso",Sottilette,Latte e prodotti di latte/Prodotti di formaggio,155.0,8.6,0.0,19.4
559,"Formaggio fuso a fette, di latte intero",Sottilette,Latte e prodotti di latte/Prodotti di formaggio,316.0,25.0,0.0,22.8
560,"Formaggio fuso da spalmare, un quarto grasso",,Latte e prodotti di latte/Prodotti di formaggio,150.0,9.3,0.0,16.4
561,"Formaggio fuso da spalmare, di latte intero",,Latte e prodotti di latte/Prodotti di formaggio,247.0,21.2,0.0,14.1
562,Succo di pere,,Frutta/Succhi di frutta;Bevande analcoliche/Succhi di frutta e di verdura,50.0,0.2,11.6,0.4
563,"Formaggio fuso a fette, alla panna",Sottilette,Latte e prodotti di latte/Prodotti di formaggio,327.0,30.0,0.0,14.3
564,Succo di pomodoro,,Bevande analcoliche/Succhi di frutta e di verdura;Verdure/Succhi di verdure,16.0,0.1,2.9,0.8
565,"Formaggio fuso da spalmare, alla panna",,Latte e prodotti di latte/Prodotti di formaggio,316.0,29.4,0.0,12.9
566,Succo di carota,,Bevande analcoliche/Succhi di frutta e di verdura;Verdure/Succhi di verdure,32.0,0.1,6.6,0.7
567,"Formaggio fresco, alla doppia panna",,Latte e prodotti di latte/Formaggio fresco e quark,351.0,32.1,4.5,11.1
568,Succo di mele,,Frutta/Succhi di frutta;Bevande analcoliche/Succhi di frutta e di verdura,48.0,0.1,11.4,0.2
569,Sciroppo non diluito,,Bevande analcoliche/Sciroppo,286.0,0.1,70.6,0.1
570,Formaggio St. Paulin,,Latte e prodotti di latte/Formaggio a pasta dura,325.0,26.4,0.0,21.8
571,"Quark, natuale, semigrasso",Ricotta,Latte e prodotti di latte/Formaggio fresco e quark,99.0,5.0,4.1,9.4
572,Nettare d'arancia,,Bevande analcoliche/Bevande zuccherate;Bevande analcoliche/Succhi di frutta e di verdura,42.0,0.0,10.1,0.3
573,Succo d'uva,,Frutta/Succhi di frutta;Bevande analcoliche/Succhi di frutta e di verdura,67.0,0.1,16.3,0.3
574,Panna acidula,Crème fraiche,Grassi e oli/Panna,336.0,35.0,2.8,2.4
575,"Panna acida, semigrassa",,Grassi e oli/Panna,173.0,16.6,3.2,2.7
576,Succo d'arancia,,Frutta/Succhi di frutta;Bevande analcoliche/Succhi di frutta e di verdura,42.0,0.1,9.6,0.6
578,"Latte scremato, in polvere",,Latte e prodotti di latte/Latte,348.0,1.0,50.5,34.3
581,"Cacao in polvere, senza zucchero",,Dolciumi/Cioccolato e prodotti a base di cacao,380.0,20.6,11.6,22.4
583,Burro di cacao,,Grassi e oli/Grassi,900.0,100.0,0.0,0.0
585,"Latte intero, in polvere",,Latte e prodotti di latte/Latte,480.0,26.2,35.1,24.7
587,"Yogurt, naturale magro",,Latte e prodotti di latte/Yogurt e latte acidulato,42.0,0.1,5.5,4.7
588,"Yogurt alla frutta, magro con edulcoranti",,Latte e prodotti di latte/Yogurt e latte acidulato,49.0,0.1,7.0,4.5
589,Olio di cartamo,,Grassi e oli/Oli,900.0,100.0,0.0,0.0
590,"Yogurt con aromi, magro con edulcoranti",,Latte e prodotti di latte/Yogurt e latte acidulato,47.0,0.1,7.0,4.4
591,Olio d'oliva,,Grassi e oli/Oli,900.0,100.0,0.0,0.0
592,Olio di vinaccioli,,Grassi e oli/Oli,900.0,100.0,0.0,0.0
593,Olio di germi di grano,,Grassi e oli/Oli,900.0,100.0,0.0,0.0
594,Strutto,,Grassi e oli/Grassi,900.0,100.0,0.0,0.0
595,"Limonata con aromi, zuccherata",Gassosa;Spuma,Bevande analcoliche/Bevande zuccherate,37.0,0.0,9.1,0.0
596,Olio di arachidi,,Grassi e oli/Oli,900.0,100.0,0.0,0.0
598,Olio di semi di girasole,,Grassi e oli/Oli,900.0,100.0,0.0,0.0
600,Olio di colza,,Grassi e oli/Oli,900.0,100.0,0.0,0.0
601,Grasso di cocco,Olio di cocco,Grassi e oli/Grassi,894.0,99.0,0.0,0.8
602,"Siero di latte, dolce",,Latte e prodotti di latte/Bevande a base di latte e yogurt,24.0,0.2,4.7,0.8
603,Olio di soia,,Grassi e oli/Oli,900.0,100.0,0.0,0.0
605,Succo di limone,,Frutta/Succhi di frutta;Bevande analcoliche/Succhi di frutta e di verdura,28.0,0.2,2.5,0.4
612,Cioccolato al latte con nocciole,,Dolciumi/Cioccolato e prodotti a base di cacao,568.0,38.1,46.2,8.7
613,"Formaggio Brie, grasso",,Latte e prodotti di latte/Formaggio a pasta molle,297.0,23.5,0.0,21.4
614,"Formaggio Camembert, grasso",,Latte e prodotti di latte/Formaggio a pasta molle,297.0,23.7,0.0,20.8
615,Tomino,Tomme,Latte e prodotti di latte/Formaggio a pasta molle,284.0,22.5,0.0,20.3
616,"Formaggio Brie, alla panna",,Latte e prodotti di latte/Formaggio a pasta molle,342.0,30.0,0.0,17.7
617,"Ananas, sciroppato, in scatola, sgocciolata",,Frutta/Frutta cotta (incl. conserve),70.0,0.1,15.9,0.5
619,"Formaggio Camembert, alla panna",,Latte e prodotti di latte/Formaggio a pasta molle,354.0,31.7,0.0,17.1
620,"Pera, sciroppata, in scatola, sgocciolata",,Frutta/Frutta cotta (incl. conserve),71.0,0.4,15.2,0.4
621,"Albicocca, sciroppata, in scatola, sgocciolata",,Frutta/Frutta cotta (incl. conserve),62.0,0.1,13.7,0.9
622,"Formaggio Camembert, semigrasso",,Latte e prodotti di latte/Formaggio a pasta molle,188.0,10.0,0.0,24.4
624,"Pesca, sciroppata, in scatola, sgocciolata",,Frutta/Frutta cotta (incl. conserve),82.0,0.1,18.6,0.7
625,"Pesca, con edulcorante, in scatola, sgocciolata",,Frutta/Frutta cotta (incl. conserve),40.0,0.1,8.1,0.8
627,"Mele, purea, zuccherata, conserva",,Frutta/Frutta cotta (incl. conserve),89.0,0.3,20.5,0.3
628,"Mele, purea, non zuccherata, conserva",,Frutta/Frutta cotta (incl. conserve),55.0,0.3,11.7,0.3
629,"Funghi prataioli, conserva",Champignon,Verdure/Funghi,19.0,0.3,0.5,2.2
630,"Piselli, conserva",,Verdure/Verdure cotte (incl. conserve),87.0,0.8,12.8,4.8
631,"Formaggio morbido, alla doppia panna",,Latte e prodotti di latte/Formaggio a pasta molle,376.0,37.5,0.0,9.7
632,"Mais dolce, conserva",Granoturco,Verdure/Verdure cotte (incl. conserve),105.0,1.7,18.2,3.0
633,"Pannocchiette di mais, sott'aceto",Granturco,Verdure/Verdure cotte (incl. conserve),119.0,1.4,21.0,3.4
634,Sale da cucina senza iodio e fluoro,,"Diversi/Sale, spezie e aromi",0.0,0.0,0.0,0.0
635,Ketchup,,Diversi/Salse,117.0,0.4,26.0,2.0
636,Concentrato di pomodoro,"Pomodoro, purea",Verdure/Verdure cotte (incl. conserve),77.0,0.2,12.9,4.5
637,"Pomodoro, pelato, conserva",,Verdure/Verdure cotte (incl. conserve),22.0,0.1,3.8,1.1
638,"Manzo, spalla, arrosto, crudo",,Carne e frattaglie/Manzo,117.0,3.5,0.0,21.6
639,"Manzo, filetto, crudo",,Carne e frattaglie/Manzo,123.0,4.0,0.0,21.9
640,"Manzo, fettina, cruda",,Carne e frattaglie/Manzo,111.0,2.3,0.0,22.6
641,"Cioccolato al latte con uva secca, nocciole e mandorle",,Dolciumi/Cioccolato e prodotti a base di cacao,509.0,28.5,52.7,8.4
642,Cioccolato al latte ripieno di crema alle nocciole,Branche,Dolciumi/Cioccolato e prodotti a base di cacao,556.0,35.4,49.1,8.3
643,Cioccolato al latte con nougat/torrone alle mandorle e miele,,Dolciumi/Cioccolato e prodotti a base di cacao,534.0,31.3,54.8,7.3
644,Acquavite di ciliegie (Kirsch),,Bevande alcoliche/Spiritosi,245.0,0.0,0.0,0.0
646,"Acquavite 40 % vol (Vodka, Gin)",,Bevande alcoliche/Spiritosi,234.0,0.0,0.0,0.0
647,"Crauti, sott’aceto",,Verdure/Verdure cotte (incl. conserve),19.0,0.3,1.7,1.3
648,"Manzo, collo, spezzatino (gulash), crudo",Gulasch,Carne e frattaglie/Manzo,150.0,8.1,0.0,19.3
650,"Salsa d'arrosto, legata",,Diversi/Salse,53.0,3.0,4.6,1.6
651,"Salsa d'arrosto, chiara",,Diversi/Salse,44.0,2.5,3.5,1.5
652,Salsa alla cacciatora,,Diversi/Salse,58.0,1.8,8.0,2.2
653,Ragù alla bolognese,,Diversi/Salse,96.0,4.0,8.3,6.3
654,Cioccolato al latte ripieno di alcool,,Dolciumi/Cioccolato e prodotti a base di cacao,484.0,22.8,59.1,5.6
655,"Cioccolato al latte ripieno di crema (Gianduja, Nougat/Torrone)",,Dolciumi/Cioccolato e prodotti a base di cacao,571.0,38.1,47.6,7.9
656,"Manzo, lingua, cruda",,Carne e frattaglie/Manzo,196.0,13.0,3.7,16.0
657,"Manzo, fegato, crudo",,Carne e frattaglie/Manzo,142.0,4.3,5.3,20.5
658,"Vitello, spalla, arrosto, crudo",,Carne e frattaglie/Vitello,122.0,4.6,0.0,20.2
660,"Vitello, filetto, crudo",,Carne e frattaglie/Vitello,119.0,3.8,0.0,21.2
661,"Vitello, geretto, crudo",Ossobuco,Carne e frattaglie/Vitello,116.0,3.7,0.0,20.7
662,"Vitello, scaloppina, cruda",Fesa francese;Fettina,Carne e frattaglie/Vitello,103.0,1.6,0.0,22.2
663,Paprica,,"Diversi/Sale, spezie e aromi",358.0,13.0,34.9,14.8
664,"Brodo di verdura, preparato",,Cibi/Brodi e zuppe,6.0,0.4,0.4,0.3
665,Brodo di pollo preparato,,Cibi/Brodi e zuppe,5.0,0.3,0.3,0.3
666,Salsa olandese,,Diversi/Salse,212.0,18.0,9.3,3.0
667,Salsa al pomodoro,,Diversi/Salse,69.0,2.1,9.7,1.8
668,Brodo di carne preparato,,Cibi/Brodi e zuppe,5.0,0.3,0.2,0.3
669,Zuppa d'orzo grigionese,,Cibi/Brodi e zuppe,42.0,0.9,6.7,1.4
670,Zuppa al pomodoro,,Cibi/Brodi e zuppe,39.0,1.0,6.3,0.7
671,Minestrone,,Cibi/Brodi e zuppe,53.0,1.8,7.0,2.0
672,"Vitello, animella, cruda",,Carne e frattaglie/Vitello,96.0,3.0,0.0,17.2
673,"Rognone di vitello, crudo",,Carne e frattaglie/Vitello,95.0,3.1,1.0,15.8
674,"Vitello, lingua, cruda",,Carne e frattaglie/Vitello,186.0,12.2,1.9,17.2
675,"Agnello, filetto, crudo",,"Carne e frattaglie/Agnello, pecora",122.0,4.5,0.0,20.4
676,"Maiale, spalla, arrosto, crudo",,Carne e frattaglie/Maiale,181.0,9.2,0.0,24.6
677,"Maiale, filetto, crudo",,Carne e frattaglie/Maiale,121.0,3.6,0.0,22.2
678,"Maiale, geretto, crudo",Ossobuco,Carne e frattaglie/Maiale,173.0,7.6,0.7,25.6
679,"Maiale, fesa francese, cruda",Fettina,Carne e frattaglie/Maiale,115.0,2.7,0.0,22.6
681,Snack Flips di arachidi,,Snack salati/Altri snack salati,507.0,24.2,56.5,13.2
683,"Salsa ai funghi, legata",,Diversi/Salse,132.0,8.9,8.6,4.1
684,Zuppa gulasch,,Cibi/Brodi e zuppe,67.0,2.4,6.3,4.8
685,"Cavallo, filetto, crudo",,Carne e frattaglie/Altre specie animali,112.0,2.9,0.0,21.4
686,"Coniglio (media), crudo",,Carne e frattaglie/Altre specie animali,150.0,7.5,0.0,20.5
687,"Capra (media), cruda",,Carne e frattaglie/Altre specie animali,149.0,7.9,0.0,19.5
688,Zuppa di funghi,Crema di funghi,Cibi/Brodi e zuppe,38.0,1.2,5.5,1.1
689,"Maiale, fegato, crudo",,Carne e frattaglie/Maiale,131.0,4.9,0.9,20.7
691,Prosciutto cotto di coscia,,Prodotti carnei e insaccati/Insaccati cotti,104.0,2.3,0.7,20.2
692,Prosciutto cotto di spalla,,Prodotti carnei e insaccati/Insaccati cotti,106.0,3.3,0.4,18.6
693,"Prosciutto, crudo",,Prodotti carnei e insaccati/Insaccati crudi,229.0,11.5,0.3,31.0
694,"Gelato alla panna, gusto frutta",,Dolciumi/Gelati a base di latte,185.0,8.0,24.7,3.5
696,Marmellata,,Dolciumi/Confettura e prodotti dolci da spalmare sul pane,246.0,0.5,58.7,0.5
697,"Marmellata, a valore energetico ridotto con edulcoranti",,Dolciumi/Confettura e prodotti dolci da spalmare sul pane,136.0,0.5,31.9,0.5
701,"Lonza affumicata, cruda",,Prodotti carnei e insaccati/Insaccati cotti,156.0,7.5,0.5,21.7
703,Crema da spalmare alle nocciole e cioccolato,,Dolciumi/Confettura e prodotti dolci da spalmare sul pane,549.0,32.8,55.9,6.0
704,Pancetta affumicata da cuocere,Speck,Prodotti carnei e insaccati/Insaccati crudi,322.0,27.6,0.6,17.8
705,Bresaola,,Prodotti carnei e insaccati/Insaccati crudi,155.0,2.6,0.4,32.4
707,Pancetta (speck),"Pancetta di campagna, affumicata",Prodotti carnei e insaccati/Insaccati crudi,400.0,34.3,0.6,22.1
708,Grasso di palma - Olio di palma,,Grassi e oli/Oli;Grassi e oli/Grassi,899.0,99.9,0.0,0.0
709,"Carne secca (dei Grigioni, del Ticino o del Vallese)",,Prodotti carnei e insaccati/Insaccati crudi,190.0,3.5,0.4,39.3
711,"Pollo, intero con pelle, crudo",,Carne e frattaglie/Pollame,168.0,10.3,0.0,18.8
713,"Tacchino, petto, scaloppina o sminuzzato, crudo",,Carne e frattaglie/Pollame,109.0,1.5,0.0,24.0
715,Coppa,,Prodotti carnei e insaccati/Insaccati crudi,319.0,22.5,0.3,28.8
717,"Carne secca appenzellese, cruda",Mostbröckli,Prodotti carnei e insaccati/Insaccati crudi,150.0,1.9,0.5,32.6
718,Prosciutto arrotolato,,Prodotti carnei e insaccati/Insaccati cotti,181.0,10.6,1.2,20.3
719,"Manzo, petto, crudo",,Carne e frattaglie/Manzo,188.0,12.5,0.0,18.9
732,"Melassa, sciroppo di melassa",,Dolciumi/Confettura e prodotti dolci da spalmare sul pane,274.0,0.0,67.2,1.2
734,"Frumento (grano tenero), chicco intero",,"Prodotti a base di cereali, legumi e patate/Altri prodotti a base di cereali",327.0,1.8,59.6,11.4
739,Fiocchi di orzo,,"Pane, fiocchi e cereali per la prima colazione/Fiocchi, crusca e germi",333.0,1.5,66.1,8.5
740,Chips di banana secca,,Frutta/Frutta secca,370.0,1.8,80.7,3.9
741,"Banana, secca",,Frutta/Frutta secca,273.0,1.0,60.2,3.0
742,"Noce di cocco, secca",Cocco grattugiato;Fiocchi di cocco,"Noci, semi e frutti oleosi",653.0,61.3,5.3,7.6
748,Farina di segale tipo 815,,"Prodotti a base di cereali, legumi e patate/Farine e amidi",334.0,1.0,71.0,6.9
749,"Farina di segale, integrale, cruschello tipo 1800",,"Prodotti a base di cereali, legumi e patate/Farine e amidi",321.0,1.5,56.6,10.8
750,Pangrattato,,"Prodotti a base di cereali, legumi e patate/Farine e amidi",373.0,2.1,73.5,12.7
751,Burro di arachidi,,Diversi/Prodotti da spalmare,636.0,51.8,12.5,26.1
752,Farina di segale tipo 1050,,"Prodotti a base di cereali, legumi e patate/Farine e amidi",340.0,1.2,67.8,9.0
753,"Halibut, crudo",Ippoglosso,Pesce/Pesci di mare,118.0,3.9,0.0,20.6
754,"Merluzzo nero, crudo",,Pesce/Pesci di mare,84.0,0.8,0.0,19.3
755,"Sogliola, cruda",,Pesce/Pesci di mare,80.0,0.6,0.0,18.7
756,"Tonno, crudo",,Pesce/Pesci di mare,114.0,1.3,0.0,25.8
757,"Sardina, cruda",,Pesce/Pesci di mare,134.0,6.1,0.0,19.8
758,Cotechino,,Prodotti carnei e insaccati/Insaccati crudi,450.0,42.3,0.0,17.2
759,Zampone,,Carne e frattaglie/Maiale,361.0,31.6,0.0,19.1
760,"Nasello, crudo",,Pesce/Pesci di mare,74.0,0.6,0.0,17.0
761,"Cozze, crude",,Pesce/Frutti di mare e crostacei,85.0,2.7,3.4,11.7
762,Sale da cucina con iodio,,"Diversi/Sale, spezie e aromi",0.0,0.0,0.0,0.0
763,"Lievito per pane, pressato",,Diversi/Lievito;Diversi/Ingredienti per prodotti da forno,96.0,1.2,1.1,16.7
764,"Calamaro, crudo",,Pesce/Frutti di mare e crostacei,77.0,1.2,2.2,14.4
765,"Pesce Persico, crudo",,Pesce/Pesci d’acqua dolce,79.0,0.7,0.0,18.0
766,"Gambero, sgusciato, crudo (fresco o surgelato)",,Pesce/Frutti di mare e crostacei,74.0,0.8,0.0,16.6
767,"Scampo, crudo",,Pesce/Frutti di mare e crostacei,93.0,1.3,0.8,19.6
768,Zucchero d'uva,Glucosio;Destrosio,Dolciumi/Zuccheri ed edulcoranti,399.0,0.0,99.8,0.0
769,Crusca d'avena,,"Pane, fiocchi e cereali per la prima colazione/Fiocchi, crusca e germi",371.0,7.0,50.8,18.5
770,Surimi,,Pesce/Prodotti della pesca,125.0,4.9,11.8,8.3
771,Maionese,,Grassi e oli/Maionese,693.0,75.2,2.6,1.4
772,"Maionese, a valore energetico ridotto",,Grassi e oli/Maionese,327.0,34.5,3.3,0.9
773,"Bastoncino di pesce, impanato e prefritto",,Pesce/Pesci di mare,232.0,11.9,15.5,15.5
774,Paté di campgagna,Pasticcio di campagna,Prodotti carnei e insaccati/Insaccati cotti,298.0,26.5,0.9,13.6
775,"Macedonia di frutta, sciroppata, in scatola, sgocciolata",,Frutta/Frutta cotta (incl. conserve),77.0,0.2,17.3,0.6
776,Salsiccia di fegato,,Prodotti carnei e insaccati/Insaccati cotti,253.0,19.1,0.5,19.8
777,"Macedonia di frutta, con edulcorante, in scatola, sgocciolata",,Frutta/Frutta cotta (incl. conserve),47.0,0.2,9.5,0.7
778,Sanguinaccio,,Prodotti carnei e insaccati/Insaccati cotti,149.0,10.9,2.5,10.2
779,Pantli,,Prodotti carnei e insaccati/Insaccati crudi,538.0,50.0,0.9,21.1
780,"Salsiccia ""Saucisson""",,Prodotti carnei e insaccati/Insaccati crudi,403.0,36.4,0.5,18.2
781,Saucisse aux choux,,Prodotti carnei e insaccati/Insaccati crudi,363.0,32.4,1.6,15.9
783,Salametto,,Prodotti carnei e insaccati/Insaccati crudi,343.0,31.4,0.3,14.8
786,Luganiga,Luganighetta,Prodotti carnei e insaccati/Insaccati crudi,292.0,22.4,0.5,21.7
787,Schüblig di campagna,,Prodotti carnei e insaccati/Insaccati crudi,524.0,48.5,0.3,21.3
789,Salsiccia del birraio,,Prodotti carnei e insaccati/Salsicce scottate,291.0,25.4,0.0,15.6
790,Salsiccia bernese (di lingua),,Prodotti carnei e insaccati/Salsicce scottate,333.0,29.4,0.0,17.3
791,Salsiccia del cacciatore,Schützenwurst,Prodotti carnei e insaccati/Salsicce scottate,244.0,23.0,0.2,9.2
792,Schüblig di San Gallo,,Prodotti carnei e insaccati/Salsicce scottate,237.0,20.7,0.2,12.6
796,Terrina di cacciagione,,Carne e frattaglie/Selvaggina,243.0,18.7,1.6,16.5
797,"Fondue classico, preparato",,Cibi/Altri cibi salati/saporiti,306.0,22.0,1.0,18.3
798,"Doppia panna, pastorizzata",,Grassi e oli/Panna,468.0,50.0,2.7,1.9
799,"Pasta all'uovo, secca",,"Prodotti a base di cereali, legumi e patate/Pasta",365.0,2.8,69.9,13.3
800,"Pasta, secca",,"Prodotti a base di cereali, legumi e patate/Pasta",353.0,1.2,70.5,12.6
801,"Pasta integrale, secca",,"Prodotti a base di cereali, legumi e patate/Pasta",338.0,2.5,60.6,12.6
802,Galletta di riso integrale,,"Pane, fiocchi e cereali per la prima colazione/Pane croccante, fette biscottate, cracker e gallette",390.0,2.8,81.5,7.7
803,"Té, non zuccherato",,Bevande analcoliche/Tè,0.0,0.0,0.0,0.0
804,"Té freddo, zuccherato",,Bevande analcoliche/Bevande zuccherate;Bevande analcoliche/Tè,30.0,0.0,7.5,0.0
805,Rollmops,Filetti di aringa marinati,Pesce/Prodotti della pesca,191.0,13.8,3.0,13.7
806,"Budino, al caramello",,Dolciumi/Creme e budini,125.0,2.1,23.0,3.4
807,"Crema, al cioccolato",,Dolciumi/Creme e budini,122.0,3.0,20.0,3.6
809,"Budino, alla vaniglia",,Dolciumi/Creme e budini,102.0,2.1,18.0,2.8
810,"Budino, al cioccolato",,Dolciumi/Creme e budini,121.0,2.6,21.0,3.0
813,"Patate, pelate, crude",,"Prodotti a base di cereali, legumi e patate/Patate e altri tuberi amidacei",76.0,0.1,15.6,2.0
815,"Piselli e carote, conserva",,Verdure/Verdure cotte (incl. conserve),68.0,0.6,9.6,4.2
816,"Birra, lager",,Bevande alcoliche/Birra,42.0,0.0,3.1,0.5
817,Birra ai cinque cereali,,Bevande alcoliche/Birra,39.0,0.0,2.0,0.6
818,"Patate fritte al forno, surgelate",,"Prodotti a base di cereali, legumi e patate/Patate e altri tuberi amidacei",154.0,5.1,23.4,2.4
819,Mortadella,,Prodotti carnei e insaccati/Salsicce scottate,306.0,26.6,0.8,15.7
820,Treccia al burro,,"Pane, fiocchi e cereali per la prima colazione/Pane e prodotti di panetteria",325.0,11.4,45.7,9.0
821,Pane integrale di grano,Pane graham,"Pane, fiocchi e cereali per la prima colazione/Pane e prodotti di panetteria",213.0,1.3,38.3,8.6
822,Panino al latte,,"Pane, fiocchi e cereali per la prima colazione/Pane e prodotti di panetteria",309.0,8.7,47.3,9.4
823,Pane bianco,,"Pane, fiocchi e cereali per la prima colazione/Pane e prodotti di panetteria",242.0,0.8,48.9,8.5
824,Pane di segale vallesano,,"Pane, fiocchi e cereali per la prima colazione/Pane e prodotti di panetteria",218.0,1.0,38.8,7.6
825,Pane per toast integrale,,"Pane, fiocchi e cereali per la prima colazione/Pane e prodotti di panetteria",271.0,4.9,43.7,9.3
826,Pane per toast all'olio vegetale,,"Pane, fiocchi e cereali per la prima colazione/Pane e prodotti di panetteria",267.0,3.3,49.2,8.7
827,Pane per toast al burro,,"Pane, fiocchi e cereali per la prima colazione/Pane e prodotti di panetteria",316.0,10.4,45.7,8.9
828,Pane ticinese,,"Pane, fiocchi e cereali per la prima colazione/Pane e prodotti di panetteria",323.0,5.2,57.1,10.3
829,Pane bigio,,"Pane, fiocchi e cereali per la prima colazione/Pane e prodotti di panetteria",234.0,1.2,44.3,9.5
830,Pane di segale (con lievito),,"Pane, fiocchi e cereali per la prima colazione/Pane e prodotti di panetteria",210.0,0.9,39.0,6.5
831,Pane alle noci,,"Pane, fiocchi e cereali per la prima colazione/Pane e prodotti di panetteria",331.0,17.9,30.2,9.2
832,Panino di Sils (con sale iodato),,"Pane, fiocchi e cereali per la prima colazione/Pane e prodotti di panetteria",285.0,5.3,48.9,9.3
833,Pane semi-bianco,,"Pane, fiocchi e cereali per la prima colazione/Pane e prodotti di panetteria",240.0,1.1,46.4,9.4
834,"Cornetto al burro, integrale",Croissant,"Pane, fiocchi e cereali per la prima colazione/Pane e prodotti di panetteria",365.0,19.7,37.3,6.8
835,Cornetto di Sils (con sale iodato),Croissant,"Pane, fiocchi e cereali per la prima colazione/Pane e prodotti di panetteria",423.0,25.0,39.4,9.1
836,"Cornetto al burro, bianco",Croissant,"Pane, fiocchi e cereali per la prima colazione/Pane e prodotti di panetteria",432.0,24.2,43.5,8.7
839,"Lievito di birra, secco",,Alimenti speciali/Supplementi;Diversi/Lievito,354.0,4.2,26.5,47.9
842,"Panino ""Bürli"" (farina semibianca)",,"Pane, fiocchi e cereali per la prima colazione/Pane e prodotti di panetteria",215.0,1.0,41.4,8.6
843,Bürli di San Gallo (farina semi-bianca),,"Pane, fiocchi e cereali per la prima colazione/Pane e prodotti di panetteria",231.0,1.0,44.6,9.1
844,Panino,Michetta,"Pane, fiocchi e cereali per la prima colazione/Pane e prodotti di panetteria",255.0,0.8,51.8,8.7
845,Pane parigino,Baguette,"Pane, fiocchi e cereali per la prima colazione/Pane e prodotti di panetteria",255.0,0.9,51.2,9.0
846,Pane di tritello di segale,,"Pane, fiocchi e cereali per la prima colazione/Pane e prodotti di panetteria",225.0,1.1,40.0,7.7
851,Bombolone farcito,Berliner,Dolciumi/Altre pasticceri dolci,329.0,13.7,44.0,6.2
852,Biscotti savoiardi,,Dolciumi/Biscotti,413.0,8.3,71.8,12.2
855,Buccia d'arancia candita,,Dolciumi/Altri dolciumi,306.0,0.3,74.3,0.4
856,Cedro candito,,Dolciumi/Altri dolciumi,289.0,0.4,70.0,0.4
858,"Rösti (patate pronte da arrostire, prodotto pronto al consumo)",,"Prodotti a base di cereali, legumi e patate/Patate e altri tuberi amidacei",108.0,4.1,14.9,1.9
859,Biber (con ripieno di mandorle e/o nocciole),,Dolciumi/Altre pasticceri dolci,392.0,10.2,65.1,8.5
860,"Fiocchi di patate, in polvere con latte e sale (purea istantanea)",,"Prodotti a base di cereali, legumi e patate/Patate e altri tuberi amidacei",365.0,5.3,65.5,11.3
862,Pasticcino alle pere,,Dolciumi/Altre pasticceri dolci,363.0,10.4,57.2,4.9
863,"Purea di patate, preparata (con latte intero e burro)",,"Prodotti a base di cereali, legumi e patate/Patate e altri tuberi amidacei",95.0,3.5,12.9,2.2
864,"Brunsli di Basilea, fatti in casa",,Dolciumi/Biscotti,515.0,29.8,43.3,14.9
866,"Purea di patate, preparata (con acqua e burro)",,"Prodotti a base di cereali, legumi e patate/Patate e altri tuberi amidacei",80.0,2.8,11.5,2.0
867,"Chräbeli (biscotti all'anice), fatti in casa",,Dolciumi/Biscotti,366.0,2.9,75.3,8.6
868,Amaretti (duri),,Dolciumi/Biscotti,464.0,13.0,76.7,8.8
869,"Amaretto alle nocciole, fatto in casa",,Dolciumi/Biscotti,544.0,37.0,37.5,12.2
871,"Bastoncini alle nocciole, fatti in casa",,Dolciumi/Biscotti,567.0,36.6,47.0,10.5
874,Biscotti prussiani,,Dolciumi/Biscotti,438.0,22.4,53.8,4.7
875,"Frollini, fatti in casa",,Dolciumi/Biscotti,474.0,26.2,53.1,5.9
876,"Stelle alla cannella, fatte in casa",,Dolciumi/Biscotti,505.0,25.9,50.9,14.2
877,Cake alla finanziera,,"Dolciumi/Dolci, torte e cake",440.0,26.1,38.5,11.1
878,Dolcetti (Maddalena) (con burro),,Dolciumi/Altre pasticceri dolci,460.0,24.8,51.3,7.3
879,"Milanesini, fatti in casa",,Dolciumi/Biscotti,431.0,20.8,53.2,7.1
881,Ciambelline di Willisau,,Dolciumi/Biscotti,380.0,0.6,87.5,5.5
882,Torta al Kirsch di Zugo,,"Dolciumi/Dolci, torte e cake",307.0,17.1,27.5,5.8
883,Torta foresta nera,,"Dolciumi/Dolci, torte e cake",258.0,15.9,22.5,4.5
884,Petit Beurre con cioccolato,,Dolciumi/Biscotti,482.0,21.3,63.8,7.7
887,Cake alla tirolese,,"Dolciumi/Dolci, torte e cake",514.0,34.6,40.1,8.9
888,"Dolcetti al cocco, fatti in casa",,Dolciumi/Biscotti,549.0,38.9,35.1,6.9
889,Torta/ Ciambellone/ Muffin al cioccolato,,"Dolciumi/Dolci, torte e cake",424.0,21.9,47.3,8.1
892,"Sorbetto, alla frutta",,Dolciumi/Gelati a base di acqua,137.0,0.0,32.1,0.2
893,Ghiacciolo,,Dolciumi/Gelati a base di acqua,88.0,0.0,22.0,0.0
897,Amido di frumento,,"Prodotti a base di cereali, legumi e patate/Farine e amidi",348.0,0.1,85.8,0.4
898,Cake marmorizzato,,"Dolciumi/Dolci, torte e cake",356.0,17.1,42.6,7.4
901,Torta al burro,,"Dolciumi/Dolci, torte e cake",430.0,24.7,44.7,6.9
902,Torta di noci engadinese,,"Dolciumi/Dolci, torte e cake",481.0,27.7,49.9,7.0
903,Biscotti alle nocciole,Sablé alle nocciole,Dolciumi/Biscotti,473.0,27.7,47.4,6.7
904,"Pasta sfoglia, fatta in casa (al burro), cruda",,"Prodotti a base di cereali, legumi e patate/Paste",364.0,24.7,29.4,5.2
905,"Pasta sfoglia, fatta in casa (con grasso vegetale), cruda",,"Prodotti a base di cereali, legumi e patate/Paste",349.0,23.2,29.3,5.2
906,"Pasta per torta (con grasso vegetale), cruda",,"Prodotti a base di cereali, legumi e patate/Paste",394.0,23.5,38.1,6.6
907,"Pasta per pizza (con grasso vegetale), cruda",,"Prodotti a base di cereali, legumi e patate/Paste",229.0,3.6,41.2,7.0
909,"Pasta frolla (con grasso vegetale), dolce, cruda",,"Prodotti a base di cereali, legumi e patate/Paste",395.0,19.9,46.7,6.4
910,"Pasta lievitata (con burro), dolce, cruda",,"Prodotti a base di cereali, legumi e patate/Paste",311.0,11.1,43.2,8.7
911,Cannella,,"Diversi/Sale, spezie e aromi",317.0,3.2,56.0,3.9
913,"Cornetto alle nocciole, pasta sfoglia",,Dolciumi/Altre pasticceri dolci,419.0,26.9,36.2,6.8
914,"Cornetto alle nocciole, pasta lievitata",,Dolciumi/Altre pasticceri dolci,318.0,12.6,41.9,7.7
915,"Lumaca alle nocciole, pasta lievitata",,Dolciumi/Altre pasticceri dolci,445.0,18.7,54.9,12.2
916,Torta di carote,,"Dolciumi/Dolci, torte e cake",303.0,16.4,25.8,11.1
917,Discoletto (Frollini alla marmellata),,Dolciumi/Altre pasticceri dolci,499.0,25.6,60.3,5.8
918,"Pane croccante (Knäckebrot), integrale",,"Pane, fiocchi e cereali per la prima colazione/Pane croccante, fette biscottate, cracker e gallette",325.0,1.7,57.9,12.0
919,"Pane croccante (Knäckebrot), integrale, con semi di sesamo",,"Pane, fiocchi e cereali per la prima colazione/Pane croccante, fette biscottate, cracker e gallette",354.0,6.9,52.4,13.1
920,"Pane croccante (Knäckebrot), integrale, con semi di lino",,"Pane, fiocchi e cereali per la prima colazione/Pane croccante, fette biscottate, cracker e gallette",345.0,5.8,52.4,12.9
924,Millefoglie,,Dolciumi/Altre pasticceri dolci,301.0,18.8,28.8,4.1
928,Bastoncini di pasta sfoglia,,Snack salati/Prodotti di pasta sfoglia,490.0,32.9,40.4,7.1
929,Zwieback,Fette biscottate integrali,"Pane, fiocchi e cereali per la prima colazione/Pane croccante, fette biscottate, cracker e gallette",412.0,9.1,61.2,17.5
930,Zwieback,Fette biscottate,"Pane, fiocchi e cereali per la prima colazione/Pane croccante, fette biscottate, cracker e gallette",421.0,7.8,74.6,11.6
932,Chips di mais,,Snack salati/Patatine,509.0,27.2,56.0,7.8
938,"Fiocchi di miglio, integrali",,"Pane, fiocchi e cereali per la prima colazione/Fiocchi, crusca e germi",360.0,3.9,68.8,10.6
939,"Fiocchi di frumento, integrali",,"Pane, fiocchi e cereali per la prima colazione/Fiocchi, crusca e germi",335.0,1.8,59.6,13.5
940,Cornflakes,,"Pane, fiocchi e cereali per la prima colazione/Mix di muesli e cereali per la prima colazione",376.0,1.2,81.5,7.6
942,"Miscela per muesli, fiocchi misti con frutta e noci, zuccherata",,"Pane, fiocchi e cereali per la prima colazione/Mix di muesli e cereali per la prima colazione",365.0,5.6,62.3,11.4
943,"Miscela per muesli, fiocchi misti con frutta e noci, senza zucchero",,"Pane, fiocchi e cereali per la prima colazione/Mix di muesli e cereali per la prima colazione",372.0,8.3,57.4,11.3
944,"Miscela per muesli croccante, con noci e semi, zuccherata",,"Pane, fiocchi e cereali per la prima colazione/Mix di muesli e cereali per la prima colazione",432.0,16.2,56.2,11.3
945,"Miscela per muesli croccante, con frutta, zuccherata",,"Pane, fiocchi e cereali per la prima colazione/Mix di muesli e cereali per la prima colazione",426.0,15.1,60.0,8.7
948,"Miscela per muesli croccante, con cioccolato",,"Pane, fiocchi e cereali per la prima colazione/Mix di muesli e cereali per la prima colazione",443.0,17.4,59.0,9.0
950,"Cracker, salatini, salatini da aperitivo",,Snack salati/Bastonicini salati e brezel,449.0,15.9,66.3,9.2
951,Caramella gommosa all'aroma di frutta,,Dolciumi/Caramelle e gomme da masticare,341.0,0.0,78.6,6.6
952,Caramella dura,,Dolciumi/Caramelle e gomme da masticare,385.0,0.3,95.0,0.5
953,Caramella alla panna,,Dolciumi/Caramelle e gomme da masticare,351.0,3.6,79.3,0.4
954,Caramella morbida,,Dolciumi/Caramelle e gomme da masticare,448.0,17.2,71.1,2.1
960,Cioccolato in polvere,,Dolciumi/Cioccolato e prodotti a base di cacao,398.0,7.8,71.3,5.3
978,"Cacao in polvere, deoliato, senz zucchero",,Dolciumi/Cioccolato e prodotti a base di cacao,343.0,12.0,19.6,24.8
983,"Caffè solubile, in polvere",Caffè istantaneo,Bevande analcoliche/Caffè,283.0,0.0,42.6,11.2
986,"Frutto della passione, crudo",,Frutta/Frutta fresca,102.0,3.0,10.9,2.1
987,"Mirtillo rosso (cranberry), crudo",,Frutta/Frutta fresca,36.0,0.5,6.2,0.3
994,"Caffè, nero, non zuccherato",,Bevande analcoliche/Caffè,2.0,0.0,0.3,0.1
995,Farina di soia integrale (intera),,"Prodotti a base di cereali, legumi e patate/Farine e amidi",470.0,22.4,17.3,40.8
996,"Farina di soia, sgrassata",,"Prodotti a base di cereali, legumi e patate/Farine e amidi",296.0,1.2,7.5,51.5
1002,"Carota, al vapore (senza aggiunta di sale)",,Verdure/Verdure cotte (incl. conserve),44.0,0.4,8.0,0.7
1003,"Melanzane, stufate (senza aggiunta di grassi o sale)",,Verdure/Verdure cotte (incl. conserve),24.0,0.2,2.8,1.3
1004,"Cavolfiore, al vapore (senza aggiunta di sale)",,Verdure/Verdure cotte (incl. conserve),26.0,0.7,2.1,1.8
1005,"Broccoli, al vapore (senza aggiunta di sale)",,Verdure/Verdure cotte (incl. conserve),35.0,0.5,2.9,3.3
1006,"Cicoria belga, al vapore (senza aggiunta di sale)",Indivia belga,Verdure/Verdure cotte (incl. conserve),20.0,0.2,2.8,1.1
1007,"Cavolo cinese, stufato (senza aggiunta di grasso e sale)",,Verdure/Verdure cotte (incl. conserve),14.0,0.2,1.2,1.3
1008,"Finocchio, al vapore (senza aggiunta di sale)",,Verdure/Verdure cotte (incl. conserve),22.0,0.4,2.5,1.0
1009,"Fagiolini verdi, al vapore (senza agigunta di sale)",Fagiolo comune,Verdure/Verdure cotte (incl. conserve),33.0,0.2,4.3,2.0
1010,"Piselli, verdi, al vapore (senza aggiunta sale)",,Verdure/Verdure cotte (incl. conserve),99.0,0.8,12.5,7.6
1011,"Piselli (conserva), riscaldati (senza aggiunta di sale)",,Verdure/Verdure cotte (incl. conserve),89.0,0.8,13.1,4.9
1012,"Taccole, al vapore (senza aggiunta di sale)",,Verdure/Verdure cotte (incl. conserve),52.0,0.3,6.9,4.1
1013,"Sedano rapa, al vapore (senza aggiunta di sale)",,Verdure/Verdure cotte (incl. conserve),32.0,0.3,4.0,1.4
1014,"Cavolo rapa, al vapore (senza aggiunta di sale)",,Verdure/Verdure cotte (incl. conserve),28.0,0.2,3.9,2.0
1015,"Porro, stufato (senza aggiunta di sale)",,Verdure/Verdure cotte (incl. conserve),34.0,0.2,4.2,2.1
1016,"Bietola, al vapore (senza aggiunta di sale)",,Verdure/Verdure cotte (incl. conserve),20.0,0.3,2.0,1.3
1017,"Peperone, verde, stufato (senza aggiunta di sale)",,Verdure/Verdure cotte (incl. conserve),27.0,0.4,3.7,1.1
1018,"Peperone, rosso, stufato (senza aggiunta di sale)",,Verdure/Verdure cotte (incl. conserve),39.0,0.1,7.2,1.1
1019,"Barbabietola, al vapore (senza aggiunta di sale)",,Verdure/Verdure cotte (incl. conserve),56.0,0.4,10.0,2.0
1020,"Zucca, al vapore (senza aggiunta di sale)",,Verdure/Verdure cotte (incl. conserve),29.0,0.1,4.7,1.1
1021,"Cavolini di Bruxelles, al vapore (senza aggiunta di sale)",,Verdure/Verdure cotte (incl. conserve),37.0,0.4,3.0,3.6
1022,"Cavolo rosso, stufato (senza aggiunta di sale)",,Verdure/Verdure cotte (incl. conserve),25.0,0.2,3.7,1.0
1023,"Scorzonera, al vapore (senza aggiunta di sale)",,Verdure/Verdure cotte (incl. conserve),56.0,0.3,2.2,1.5
1024,"Asparago (bianco o verde), al vapore (senza aggiunta di sale)",,Verdure/Verdure cotte (incl. conserve),25.0,0.3,2.7,2.0
1025,"Spinaci, al vapore (senza aggiunta di sale)",,Verdure/Verdure cotte (incl. conserve),31.0,0.8,1.6,3.3
1026,"Sedano verde, al vapore (senza aggiunta di sale)",,Verdure/Verdure cotte (incl. conserve),19.0,0.2,2.4,0.6
1027,"Pomodoro, stufato (senza aggiunta di grasso e sale)",,Verdure/Verdure cotte (incl. conserve),26.0,0.3,4.0,1.1
1028,"Cavolo bianco, al vapore (senza aggiunta di grasso e sale)",,Verdure/Verdure cotte (incl. conserve),35.0,0.6,4.4,1.3
1029,"Cavolo bianco, stufato (senza aggiunta di sale)",,Verdure/Verdure cotte (incl. conserve),37.0,0.6,4.6,1.4
1030,"Verza, stufata (senza aggiunta di sale)",,Verdure/Verdure cotte (incl. conserve),26.0,0.1,2.9,1.9
1031,"Zucchina, stufata (senza aggiunta di grassi e sale)",,Verdure/Verdure cotte (incl. conserve),20.0,0.3,2.2,1.5
1032,"Mais dolce, stufato (senza aggiunta di sale)",Granturco,Verdure/Verdure cotte (incl. conserve),92.0,1.9,13.6,3.5
1033,"Mais dolce, conserva, riscaldato (senza aggiunta di sale)",Granoturco,Verdure/Verdure cotte (incl. conserve),107.0,1.7,18.6,3.1
1034,"Piselli e carote, (conserva), riscaldati (senza aggiunta di sale)",,Verdure/Verdure cotte (incl. conserve),70.0,0.6,9.8,4.3
1035,"Cipolla, stufata (senza aggiunta di grasso e sale)",,Verdure/Verdure cotte (incl. conserve),43.0,0.7,7.0,1.2
1036,"Cipolla, arrostita (senza aggiunta di grasso e sale)",,Verdure/Verdure cotte (incl. conserve),92.0,1.5,14.9,2.6
1037,"Champignon, stufato (senza aggiunta di grasso e sale)",,Verdure/Funghi,29.0,0.3,1.2,4.2
1038,"Gallinaccio, stufato (senza aggiunta di grasso e sale)",,Verdure/Funghi,28.0,0.6,0.2,2.6
1039,"Spugnole, stufate (senza aggiunta di sale)",,Verdure/Funghi,34.0,0.4,0.6,2.8
1040,"Fungo porcino, stufato (senza aggiunta di grasso e sale)",Boleto,Verdure/Funghi,46.0,0.5,0.6,6.1
1041,Farina di spelta tipo 1100,,"Prodotti a base di cereali, legumi e patate/Farine e amidi",348.0,2.2,65.0,14.3
1042,Farina di spelta integrale tipo 1900,Farina di spelta nera,"Prodotti a base di cereali, legumi e patate/Farine e amidi",345.0,2.5,58.0,15.0
1043,Farina di spelta bianca tipo 550,,"Prodotti a base di cereali, legumi e patate/Farine e amidi",348.0,1.6,68.2,13.3
1049,"Mele, cotte, sgocciolate (senza aggiunta di zucchero)",,Frutta/Frutta cotta (incl. conserve),56.0,0.3,12.2,0.3
1050,"Pere, cotte, sgocciolate (senza aggiunta di zucchero)",,Frutta/Frutta cotta (incl. conserve),57.0,0.4,11.3,0.6
1051,"Albicocche, cotte, sgocciolate (senza aggiunta di zucchero)",,Frutta/Frutta cotta (incl. conserve),45.0,0.2,9.0,1.0
1052,"Ciliegie, cotte, sgocciolate (senza aggiunta di zuccheri)",,Frutta/Frutta cotta (incl. conserve),58.0,0.5,12.0,0.9
1053,"Mirabella (susina gialla), cotta, sgocciolata (senza aggiunta di zucchero)",,Frutta/Frutta cotta (incl. conserve),70.0,0.2,16.6,0.7
1054,"Prugne, cotte, sgocciolate (senza aggiunta di zuccheri)",,Frutta/Frutta cotta (incl. conserve),48.0,0.2,10.1,0.7
1055,"Mela cotogna, cotta, sgocciolata (senza aggiunta di zucchero)",,Frutta/Frutta cotta (incl. conserve),49.0,0.6,7.3,0.5
1056,"Prugne, cotte, sgocciolate (senza aggiunta di zucchero)",,Frutta/Frutta cotta (incl. conserve),43.0,0.1,8.7,0.7
1057,"Patate, pelate, al vapore (senza aggiunta di sale)",,"Prodotti a base di cereali, legumi e patate/Patate e altri tuberi amidacei",75.0,0.1,15.6,2.0
1059,"Ceci, cotti (senza aggiunta di grassi e sale)",,"Prodotti a base di cereali, legumi e patate/Legumi",131.0,2.0,16.8,7.3
1060,"Lenticchie, intere, cotte (senza aggiunta di grassi e sale)",,"Prodotti a base di cereali, legumi e patate/Legumi",111.0,0.5,13.5,8.8
1061,"Fagiolo di soia, cotto (senza aggiunta di grassi o sale)",,"Prodotti a base di cereali, legumi e patate/Legumi",157.0,7.3,3.3,15.0
1062,"Pasta all'uovo, cotta in acqua salata (sale non iodato)",,"Prodotti a base di cereali, legumi e patate/Pasta",132.0,1.1,25.0,5.0
1063,"Pasta, cotta in acqua salata (sale non iodato)",,"Prodotti a base di cereali, legumi e patate/Pasta",158.0,0.6,31.2,5.9
1064,"Pasta integrale, cotta in acqua salata (sale non iodato)",,"Prodotti a base di cereali, legumi e patate/Pasta",152.0,1.2,26.8,5.9
1065,"Riso tipo parboiled, bollito in acqua salata (sale non iodato)",,"Prodotti a base di cereali, legumi e patate/Riso",121.0,0.3,26.7,2.5
1066,"Riso raffinato, bollito in acqua salata (sale non iodato)",Riso bianco;Riso brillato,"Prodotti a base di cereali, legumi e patate/Riso",117.0,0.3,25.8,2.5
1067,"Riso integrale, bollito in acqua salata (sale non iodato)",Riso sbramato,"Prodotti a base di cereali, legumi e patate/Riso",133.0,1.1,27.0,2.8
1068,"Olio di girasole HO, raffinato",,Grassi e oli/Oli,900.0,100.0,0.0,0.0
1069,"Olio di colza HOLL (high oleic, low linolenic)",,Grassi e oli/Oli,900.0,100.0,0.0,0.0
1070,"Uovo di gallina, intero, cotto, sodo",,Uova,156.0,10.9,0.3,14.0
1071,"Vitello, petto, cotto (senza aggiunta di grassi e sale)",,Carne e frattaglie/Vitello,234.0,15.5,0.0,23.5
1072,"Manzo, petto, cotto (senza aggiunta di grassi e sale)",,Carne e frattaglie/Manzo,254.0,15.6,0.0,28.3
1073,"Vitello, arrosto di spalla, cotto al forno (senza aggiunta di grassi e sale)",,Carne e frattaglie/Vitello,161.0,5.2,0.0,28.6
1074,"Manzo, spalla, arrostita al forno, cottura al sangue (senza aggiunta di grassi o sale)",,Carne e frattaglie/Manzo,135.0,3.3,0.0,26.3
1075,"Manzo, spalla, arrostita al forno, cottura media (senza aggiunta di grassi o sale)",,Carne e frattaglie/Manzo,146.0,3.6,0.0,28.5
1076,"Manzo, spalla, arrostita al forno, ben cotta (senza aggiunta di grassi o sale)",,Carne e frattaglie/Manzo,170.0,4.2,0.0,33.1
1077,"Maiale, spalla, arrostita al forno, cottura media (senza aggiunta di grassi o sale)",,Carne e frattaglie/Maiale,202.0,9.3,0.0,29.6
1079,"Maiale, spalla, arrostita al forno, ben cotta (senza aggiunta di grassi o sale)",,Carne e frattaglie/Maiale,221.0,10.2,0.0,32.5
1080,Salsiccia di vitello,,Prodotti carnei e insaccati/Salsicce scottate,228.0,19.2,1.2,12.5
1081,Cervelat,,Prodotti carnei e insaccati/Salsicce scottate,249.0,21.5,0.5,13.4
1082,Salsiccia viennese,Wienerli;Hot Dog,Prodotti carnei e insaccati/Salsicce scottate,242.0,20.4,0.6,13.9
1083,Salsiccia di Lione,,Prodotti carnei e insaccati/Salsicce scottate,244.0,21.8,0.5,11.5
1084,Fleischkäse (pasticcio di carne),,Prodotti carnei e insaccati/Salsicce scottate,256.0,22.3,1.4,12.5
1085,Salsiccia da arrostire di maiale,Bratwurst di maiale,Prodotti carnei e insaccati/Insaccati crudi,236.0,18.8,0.5,16.2
1086,Salsiccia di maiale,,Prodotti carnei e insaccati/Salsicce scottate,268.0,22.4,0.5,16.2
1087,Salsiccette Minipic,Würstel Minipic,Prodotti carnei e insaccati/Insaccati crudi,460.0,39.1,0.8,26.1
1088,Salsiccia vodese,,Prodotti carnei e insaccati/Insaccati crudi,358.0,32.3,0.2,16.5
1089,Salsiz,,Prodotti carnei e insaccati/Insaccati crudi,415.0,34.9,0.0,25.2
1090,Landjäger (salamino affumicato),,Prodotti carnei e insaccati/Insaccati crudi,491.0,42.7,0.0,26.6
1091,Salame,,Prodotti carnei e insaccati/Insaccati crudi,367.0,30.1,0.0,24.1
1092,Lioner di pollo,,Prodotti carnei e insaccati/Salsicce scottate,205.0,16.4,0.9,13.5
1093,Cotto,,Prodotti carnei e insaccati/Insaccati cotti,93.0,3.1,0.6,15.7
1094,Salame (linea economica),,Prodotti carnei e insaccati/Insaccati crudi,422.0,37.1,0.0,22.0
1098,"Pesce (media), crudo",,Pesce/Pesci d’acqua dolce;Pesce/Pesci di mare,124.0,5.3,0.0,19.1
1099,"Crostaceo (media), crudi",,Pesce/Frutti di mare e crostacei,84.0,1.1,0.4,18.1
1100,"Carne di pollame (media, senza interiora), cruda",,Carne e frattaglie/Pollame,134.0,5.3,0.1,21.6
1101,"Fettina (media di vitello, manzo, maiale, pollo), cruda",,Carne e frattaglie,110.0,2.1,0.2,22.6
1102,"Carne di maiale (media, senza interiora, cotoletta, stinco), cruda",,Carne e frattaglie/Maiale,160.0,8.3,0.0,21.4
1103,"Carne di manzo (media, senza interiora e costine), cruda",,Carne e frattaglie/Manzo,137.0,5.7,0.0,21.4
1104,"Spezzatino (media di manzo, vitello, maiale e pollame), crudo",,Carne e frattaglie,111.0,2.3,0.2,22.5
1105,"Carne tritata (media di manzo, vitello, maiale e pollo), cruda",,Carne e frattaglie,183.0,11.4,0.0,20.1
1106,"Carne di vitello (media, escluse interiora e la cotoletta), cruda",,Carne e frattaglie/Vitello,127.0,4.8,0.0,21.1
1107,"Costoletta (media di vitello, maiale e agnello), cruda",,Carne e frattaglie,177.0,10.2,0.0,21.3
1108,"Carne di pollame senza pelle (media), cruda",,Carne e frattaglie/Pollame,114.0,2.5,0.1,22.9
1109,"Carne di pollame con pelle (media), cruda",,Carne e frattaglie/Pollame,161.0,9.0,0.0,20.0
1110,"Agnello (media, senza interiora e cotoletta), crudo",,"Carne e frattaglie/Agnello, pecora",137.0,6.1,0.0,20.5
1111,"Carne (in media, senza interiora), cruda",,Carne e frattaglie,140.0,6.0,0.0,21.5
1112,Salsiccia da cuocere affumicata (media),,Prodotti carnei e insaccati/Salsicce scottate,249.0,21.2,0.5,14.0
1113,Salsiccia da cuocere non affumicata (media),,Prodotti carnei e insaccati/Salsicce scottate,250.0,21.5,0.8,13.3
1114,Salsiccia cruda (media),,Prodotti carnei e insaccati/Insaccati crudi,443.0,39.2,0.2,22.2
1115,Salsiccia cruda con maturazione troncata (in media),,Prodotti carnei e insaccati/Insaccati crudi,312.0,26.5,0.7,17.6
1116,Salsiccia da cuocere (media),,Prodotti carnei e insaccati/Insaccati cotti,236.0,18.8,1.4,15.0
1117,Carne salmistrata cruda (media),,Prodotti carnei e insaccati/Insaccati crudi,240.0,12.7,0.4,31.0
1118,Carne salmistrata da cuocere (media),,Prodotti carnei e insaccati/Insaccati cotti,223.0,15.6,0.7,19.8
1119,"Bacche (media), crude",,Frutta/Frutta fresca,43.0,0.5,7.0,0.9
1120,"Frutta (media), secca",,Frutta/Frutta secca,278.0,1.1,60.5,2.5
1121,"Cappuccino (senza polvere di cioccolato), non zuccherato",,Latte e prodotti di latte/Bevande a base di latte e yogurt;Bevande analcoliche/Caffè,43.0,2.5,2.9,2.0
1122,"Bacche (media), cotte (senza aggiunta di zucchero),",,Frutta/Frutta cotta (incl. conserve),38.0,0.5,5.9,0.9
1123,"Frutta (media), cruda",,Frutta/Frutta fresca,56.0,0.3,11.5,0.7
1124,"Frutta (media), cotta (senza aggiunta di zucchero)",,Frutta/Frutta cotta (incl. conserve),50.0,0.3,10.1,0.6
1125,"Selvaggina (media), cruda",,Carne e frattaglie/Selvaggina,114.0,3.2,0.0,21.1
1126,"Agrumi (media), crudi",,Frutta/Frutta fresca,40.0,0.3,7.5,0.8
1127,"Lattuga (media), crude",,Verdure/Verdure fresche,17.0,0.3,1.6,1.3
1128,"Funghi (media), crudi",,Verdure/Funghi,26.0,0.3,1.0,3.6
1129,"Funghi (media), cotti (senza aggiunta di grasso e sale)",,Verdure/Funghi,30.0,0.3,1.2,4.1
1130,"Succo di frutta, senza aggiunta di zucchero (media)",,Frutta/Succhi di frutta;Bevande analcoliche/Succhi di frutta e di verdura,47.0,0.1,10.8,0.4
1131,"Succo di frutta diluito (media), senza aggiunta di zuccheri (60% succo, 40% acqua)",Schorle,Bevande analcoliche/Succhi di frutta e di verdura,28.0,0.1,6.5,0.3
1132,Sciroppo pronto (diluito di regola 1:5.5),,Bevande analcoliche/Bevande zuccherate,55.0,0.0,13.6,0.0
1133,"Legumi (media), secchi",,"Prodotti a base di cereali, legumi e patate/Legumi",335.0,4.9,37.7,25.1
1134,"Legumi (media), cotti (senza aggiunta di grassi e sale)",,"Prodotti a base di cereali, legumi e patate/Legumi",127.0,1.9,14.0,9.6
1135,Farina (media),,"Prodotti a base di cereali, legumi e patate/Farine e amidi",344.0,1.4,68.8,12.0
1136,Farina bianca (media),,"Prodotti a base di cereali, legumi e patate/Farine e amidi",345.0,1.3,69.7,12.0
1152,"Verdura (media), cruda",,Verdure/Verdure fresche,29.0,0.3,4.3,1.3
1161,"Verdura, tuberi e radici (media), cotta (senza aggiunta di grasso e sale)",,Verdure/Verdure cotte (incl. conserve),38.0,0.3,6.5,0.8
1162,"Verdura, tuberi e radici (media), al vapore (senza aggiunta di sale)",,Verdure/Verdure cotte (incl. conserve),42.0,0.4,7.3,0.9
1163,"Verdura, tuberi e radici (media), stufata (senza aggiunta di grasso e sale)",,Verdure/Verdure cotte (incl. conserve),36.0,0.3,6.3,0.8
1164,"Verdura a foglia (media esclusa la lattuga), cotta (senza aggiunta di grassi o sale)",,Verdure/Verdure cotte (incl. conserve),22.0,0.3,2.6,1.3
1165,"Verdura a foglia (media esclusa la lattuga), al vapore (senza aggiunta di grassi o sale)",,Verdure/Verdure cotte (incl. conserve),23.0,0.3,2.7,1.4
1166,"Verdura a foglia (media esclusa la lattuga), stufata (senza aggiunta di grassi o sale)",,Verdure/Verdure cotte (incl. conserve),24.0,0.3,2.8,1.4
1167,"Cavoli (media), crudi",,Verdure/Verdure fresche,32.0,0.5,3.3,2.2
1168,"Bastoncino di pesce (impanato e prefritto), cotto in olio di colza HOLL",,Pesce/Pesci di mare,302.0,18.9,16.8,16.0
1169,"Bastoncino di pesce (impanato e prefritto), cotto al forno (senza aggiunta di grasso)",,Pesce/Pesci di mare,251.0,12.4,17.6,16.7
1170,"Semi e noci (media), senza aggiunta di sale",,"Noci, semi e frutti oleosi",618.0,52.9,9.4,20.8
1176,"Pasta per torta (con burro), cruda",,"Prodotti a base di cereali, legumi e patate/Paste",375.0,21.2,38.5,6.7
1177,"Pasta lievitata (con grassa vegetale), dolce, cruda",,"Prodotti a base di cereali, legumi e patate/Paste",300.0,11.1,39.9,9.2
1181,"Pasta sfoglia di quark (con grasso vegetale), cruda",,"Prodotti a base di cereali, legumi e patate/Paste",388.0,26.9,28.8,7.1
1182,"Pasta sfoglia di quark (con burro), cruda",,"Prodotti a base di cereali, legumi e patate/Paste",401.0,28.3,29.0,7.1
1183,Birra panaché (media),,Bevande alcoliche/Birra,38.0,0.0,7.1,0.2
1184,"Latte macchiato, non zuccherato",,Latte e prodotti di latte/Bevande a base di latte e yogurt;Bevande analcoliche/Caffè,54.0,3.2,3.7,2.5
1185,"Caffelatte (scuro), non zuccherato",,Latte e prodotti di latte/Bevande a base di latte e yogurt;Bevande analcoliche/Caffè,16.0,0.9,1.2,0.7
1186,"Caffelatte, chiaro, non zuccherato",,Latte e prodotti di latte/Bevande a base di latte e yogurt;Bevande analcoliche/Caffè,22.0,1.3,1.6,1.0
1187,"Caffelatte, non zuccherato",,Latte e prodotti di latte/Bevande a base di latte e yogurt;Bevande analcoliche/Caffè,20.0,1.1,1.4,0.9
1188,"Caffè lungo, con cremino, non zuccherato",,Bevande analcoliche/Caffè,13.0,1.1,0.5,0.3
1189,"Ristretto, con cremino, non zuccherato",,Bevande analcoliche/Caffè,47.0,4.3,1.3,0.8
1190,"Espresso, con cremino, non zuccherato",,Bevande analcoliche/Caffè,28.0,2.5,0.8,0.5
1191,Formaggio blu (in media),,Latte e prodotti di latte/Formaggio a pasta dura,370.0,32.6,0.1,19.1
1192,Yogurt zuccherato (media),,Latte e prodotti di latte/Yogurt e latte acidulato,105.0,3.4,14.7,3.7
1193,"Formaggio a pasta dura e semi dura, grasso (in media)",,Latte e prodotti di latte/Formaggio a pasta dura,395.0,32.1,0.0,26.6
1194,Latte (media),,Latte e prodotti di latte/Latte,59.0,2.9,4.8,3.2
1195,Panna (media),,Grassi e oli/Panna,279.0,28.6,3.3,2.2
1196,Formaggio grattugiato,,Latte e prodotti di latte/Formaggio a pasta dura,400.0,31.8,0.0,28.4
1197,Formaggio a pasta molle (media senza prodotti sgrassati),,Latte e prodotti di latte/Formaggio a pasta molle,327.0,27.7,0.0,19.4
1198,"Birchermüesli, preparato (non zuccherato)",,Cibi/Muesli e pappa,86.0,3.1,11.1,2.6
1199,"Salsa per insalata ""aceto-olio"", fatta in casa (con olio di colza)",,Grassi e oli/Salse per insalate,287.0,30.2,2.5,0.7
1200,"Salsa per insalata italiana, fatta in casa (con olio d'oliva)",,Grassi e oli/Salse per insalate,421.0,46.1,1.0,0.3
1201,"Salsa per insalata francese, fatta in casa (con olio di colza)",,Grassi e oli/Salse per insalate,377.0,40.8,1.3,0.9
1202,Vinaigrette (con olio di colza),,Grassi e oli/Salse per insalate,232.0,22.9,1.8,4.2
1211,Formaggio delle alpi di Berna,,Latte e prodotti di latte/Formaggio a pasta dura,453.0,38.3,0.0,27.1
1212,Berner Hobelkäse (rotoli di formaggio),,Latte e prodotti di latte/Formaggio a pasta dura,491.0,41.2,0.0,30.0
1248,Leckerli di Basilea,,Dolciumi/Biscotti,412.0,7.9,75.0,7.5
1267,"Verdura, tuberi e radici (media), cruda",,Verdure/Verdure fresche,42.0,0.4,7.2,0.9
1268,Pane contadino,,"Pane, fiocchi e cereali per la prima colazione/Pane e prodotti di panetteria",242.0,2.0,44.3,9.2
1269,Impasto fermentato,,"Prodotti a base di cereali, legumi e patate/Paste",199.0,0.9,38.3,7.8
1272,Grittibänz (pane dolce),,Dolciumi/Altre pasticceri dolci,329.0,11.1,46.9,9.2
1273,Salsiccia bianca di carne di vitello (Weisswurst),,Prodotti carnei e insaccati/Salsicce scottate,220.0,18.9,0.6,11.8
1399,Farina per knöpfli,,"Prodotti a base di cereali, legumi e patate/Farine e amidi",347.0,1.5,67.6,12.9
1460,"Treccia al burro, integrale",,"Pane, fiocchi e cereali per la prima colazione/Pane e prodotti di panetteria",272.0,6.4,40.4,9.5
1463,"Panino ""michetta""",,"Pane, fiocchi e cereali per la prima colazione/Pane e prodotti di panetteria",245.0,0.9,48.5,9.2
1475,"Fondue moitié-moitié, preparato",,Cibi/Altri cibi salati/saporiti,292.0,20.8,1.0,16.8
1476,"Fondue, preparato con sidro di mele",,Cibi/Altri cibi salati/saporiti,282.0,21.4,1.6,18.7
1478,"Maccheroni dell'alpigiano, preparati",,Cibi/Altri cibi salati/saporiti,180.0,9.0,17.8,6.0
1479,"Torta di mele, fatta in casa, cotta nel forno (pasta sfoglia)",,"Dolciumi/Dolci, torte e cake;Cibi/Torte dolci e salate e gratin",160.0,7.5,19.7,2.7
1480,"Torta di mele, fatta in casa, cotta nel forno (pasta per torta)",,"Dolciumi/Dolci, torte e cake;Cibi/Torte dolci e salate e gratin",162.0,7.3,20.5,2.9
1481,"Torta d'albicocca, fatta in casa, cotta nel forno (pasta sfoglia)",,"Dolciumi/Dolci, torte e cake;Cibi/Torte dolci e salate e gratin",154.0,7.4,17.8,3.1
1482,"Torta di albicocca, fatta in casa, cotta nel forno (pasta per torta)",,"Dolciumi/Dolci, torte e cake;Cibi/Torte dolci e salate e gratin",156.0,7.2,18.6,3.3
1483,"Torta di pera, fatta in casa, cotta nel forno (pasta sfoglia)",,"Dolciumi/Dolci, torte e cake;Cibi/Torte dolci e salate e gratin",161.0,7.5,19.2,2.8
1484,"Torta di pera, fatta in casa, cotta nel forno (pasta per torta)",,"Dolciumi/Dolci, torte e cake;Cibi/Torte dolci e salate e gratin",163.0,7.3,19.9,3.1
1485,"Torta di mora, fatta in casa (con pasta frolla dolce)",,"Dolciumi/Dolci, torte e cake;Cibi/Torte dolci e salate e gratin",215.0,11.7,22.3,3.2
1487,"Crêpes al naturale, preparati",,Cibi/Altri cibi salati/saporiti,232.0,13.1,18.9,9.4
1488,"Crêpes al zucchero con cannella, preparati",,Cibi/Altri cibi dolci,253.0,11.4,28.8,8.2
1489,"Crêpes al formaggio Camembert, preparati",,Cibi/Altri cibi salati/saporiti,246.0,15.4,14.7,11.9
1491,"Crêpes ai funghi prataiolo, preparati",,Cibi/Altri cibi salati/saporiti,138.0,8.9,7.8,5.8
1493,"Crêpes alla verdura, preparati",,Cibi/Altri cibi salati/saporiti,165.0,9.1,13.8,6.0
1494,"Crêpes alla Nutella, preparati",,Cibi/Altri cibi dolci,376.0,22.1,35.7,7.8
1495,"Crêpes al prosciutto, preparati",,Cibi/Altri cibi salati/saporiti,191.0,9.6,13.1,12.8
1496,"Crêpes al lardo, preparati",,Cibi/Altri cibi salati/saporiti,251.0,16.2,14.9,11.2
1498,"Cocktail di gamberi, preparato",,Cibi/Insalate,168.0,13.4,4.0,4.4
1500,"Omelette francese, preparato",,Cibi/Altri cibi salati/saporiti,151.0,11.1,1.4,11.4
1501,"Omelette francese al prosciutto, preparato",,Cibi/Altri cibi salati/saporiti,143.0,9.6,1.3,12.8
1502,"Omelette francese al formaggio, preparato",,Cibi/Altri cibi salati/saporiti,192.0,14.5,1.2,14.0
1503,"Omelette francese al lardo, preparato",,Cibi/Altri cibi salati/saporiti,175.0,13.4,1.3,12.5
1504,"Flammkuchen, cotto nel forno",,Cibi/Torte dolci e salate e gratin,263.0,13.4,27.0,7.8
1505,Sandwich (baguette) con Fleischkäse (pasticcio di carne),,Cibi/Sandwich,217.0,9.0,25.3,8.0
1506,Sandwich (pane bigio) con Fleischkäse (pasticcio di carne),,Cibi/Sandwich,207.0,9.1,22.0,8.2
1507,"Fetta di semolino, preparato (con latte parzialmente scremato)",,Cibi/Altri cibi salati/saporiti,139.0,5.8,14.7,6.3
1508,"Fetta di semolino, preparato (con latte intero)",,Cibi/Altri cibi salati/saporiti,154.0,7.5,14.8,6.3
1509,"Semolino, preparato (con latte parzialmente scremato, senza aggiunta di zucchero)",,Cibi/Muesli e pappa,88.0,2.4,11.6,4.7
1510,"Semolino, preparato (con latte intero, senza aggiunta di zucchero)",,Cibi/Muesli e pappa,94.0,3.1,11.5,4.8
1511,"Pappa d'avena, preparata (con latte intero, senza aggiunta di zucchero)",,Cibi/Muesli e pappa,150.0,6.3,16.1,6.3
1512,"Pappa d'avena, preparata (con latte parzialmente scremato, senza aggiunta di zucchero)",,Cibi/Muesli e pappa,136.0,4.7,16.1,6.4
1513,"Riso al latte, preparato (con latte parzialmente scremato, senza aggiunta di zucchero)",,Cibi/Muesli e pappa,124.0,2.8,19.4,5.3
1514,"Riso al latte, preparato (con latte intero, senza aggiunta di zucchero)",,Cibi/Muesli e pappa,145.0,5.1,19.3,5.2
1515,Fotzelschnitte non zuccherato,,Cibi/Altri cibi dolci,221.0,9.9,24.3,8.0
1516,Insalata di patate (salsa di maionese e yogurt),,Cibi/Insalate,78.0,2.1,12.3,1.8
1517,Insalata di patate con salsa aceto-olio,,Cibi/Insalate,95.0,3.8,12.7,1.7
1518,"Purea di patate, preparata (con latte semiscremato e burro)",,"Prodotti a base di cereali, legumi e patate/Patate e altri tuberi amidacei",91.0,3.0,12.9,2.2
1519,"Purea di patate, preparata (con panna e burro)",,"Prodotti a base di cereali, legumi e patate/Patate e altri tuberi amidacei",138.0,8.4,12.9,2.0
1520,Sandwich (pane bigio) al formaggio a pasta molle,,Cibi/Sandwich,172.0,7.4,18.8,6.5
1521,Sandwich (baguette) con formaggio a pasta molle,,Cibi/Sandwich,181.0,7.3,21.5,6.3
1522,"Omelette tipo ""crêpes"", preparato",,Cibi/Altri cibi salati/saporiti,174.0,6.3,22.0,6.9
1523,"Omelette tipo ""crêpes"" al formaggio, preparato",,Cibi/Altri cibi salati/saporiti,194.0,8.8,18.2,9.9
1524,"Omelette tipo ""crêpes"" ai funghi prataiolo, preparato",,Cibi/Altri cibi salati/saporiti,129.0,6.5,11.6,5.4
1525,"Omelette tipo ""crêpes"" alle verdure, preparato",,Cibi/Altri cibi salati/saporiti,144.0,5.5,17.6,5.3
1526,"Omelette tipo ""crêpes"" al prosciutto, preparato",,Cibi/Altri cibi salati/saporiti,155.0,5.1,17.2,9.7
1527,"Omelette tipo ""crêpes"" al lardo, preparato",,Cibi/Altri cibi salati/saporiti,187.0,8.9,17.2,9.3
1528,"Torta di prugna, fatta in casa, cotta nel forno (pasta sfoglia)",,"Dolciumi/Dolci, torte e cake;Cibi/Torte dolci e salate e gratin",156.0,7.5,18.6,2.9
1529,"Torta di prugna susina, fatta in casa, cotta nel forno (pasta sfoglia)",,"Dolciumi/Dolci, torte e cake;Cibi/Torte dolci e salate e gratin",153.0,7.4,17.6,2.9
1530,"Torta di prugna, fatta in casa, cotta nel forno (pasta per torta)",,"Dolciumi/Dolci, torte e cake;Cibi/Torte dolci e salate e gratin",159.0,7.3,19.4,3.2
1531,"Torta di prugna susina, fatta in casa, cotta nel forno (pasta per torta)",,"Dolciumi/Dolci, torte e cake;Cibi/Torte dolci e salate e gratin",155.0,7.2,18.4,3.2
1532,"Pizza al tonno, cotta nel forno",,Cibi/Cibi italiani,225.0,7.5,26.6,11.9
1533,"Pizza Calzone, cotta nel forno",,Cibi/Cibi italiani,225.0,7.7,26.7,11.5
1534,"Pizza Hawaii, cotta nel forno",,Cibi/Cibi italiani,196.0,6.4,24.3,9.5
1535,"Pizza Margherita, cotta nel forno",,Cibi/Cibi italiani,238.0,8.4,30.0,9.9
1536,"Pizza con mascarpone e rucola, cotta nel forno",,Cibi/Cibi italiani,239.0,9.7,27.6,9.5
1537,"Pizza Prosciutto e Funghi, cotta nel forno",,Cibi/Cibi italiani,205.0,7.0,24.0,10.8
1538,"Pizza Prosciutto, cotta nel forno",,Cibi/Cibi italiani,219.0,6.5,28.8,10.7
1539,"Pizza Quattro Formaggi, cotta nel forno",,Cibi/Cibi italiani,297.0,10.6,37.2,12.3
1540,"Pizza alle verdure, cotta nel forno",,Cibi/Cibi italiani,125.0,3.2,17.6,5.7
1541,"Quiche Lorraine, cotta nel forno (pasta per torta)",,Cibi/Torte dolci e salate e gratin,307.0,23.6,14.5,9.1
1542,"Quiche Lorraine, cotta nel forno (pasta sfoglia)",,Cibi/Torte dolci e salate e gratin,304.0,24.8,11.5,8.5
1543,"Torta al formaggio, cotta nel forno (pasta per torta)",,Cibi/Torte dolci e salate e gratin,302.0,20.7,14.5,14.2
1544,"Torta al formaggio, cotta nel forno (pasta sfoglia)",,Cibi/Torte dolci e salate e gratin,298.0,21.8,11.6,13.7
1545,"Torta di ciliegie, fatta in casa, cotta nel forno (pasta sfoglia)",,"Dolciumi/Dolci, torte e cake;Cibi/Torte dolci e salate e gratin",167.0,7.6,20.7,3.1
1546,"Torta di ciliegie, fatta in casa, cotta nel forno (pasta per torta)",,"Dolciumi/Dolci, torte e cake;Cibi/Torte dolci e salate e gratin",169.0,7.4,21.5,3.3
1547,"Torta di rabarbaro, fatta in casa, cotta nel forno (pasta soglia)",,"Dolciumi/Dolci, torte e cake;Cibi/Torte dolci e salate e gratin",133.0,7.5,12.3,3.0
1548,"Torta di rabarbaro, fatta in casa, cotta nel forno (pasta per torta)",,"Dolciumi/Dolci, torte e cake;Cibi/Torte dolci e salate e gratin",136.0,7.3,13.0,3.3
1549,Sandwich (baguette) al prosciutto crudo,,Cibi/Sandwich,162.0,5.4,18.8,8.8
1550,Sandwich (pane bigio) al prosciutto crudo,,Cibi/Sandwich,155.0,5.5,16.4,9.0
1551,Sandwich (baguette) con affettati,,Cibi/Sandwich,154.0,6.8,17.3,5.3
1552,Sandwich (pane bigio) con affettati,,Cibi/Sandwich,148.0,6.8,15.3,5.5
1553,Sandwich (baguette) con carne secca,,Cibi/Sandwich,139.0,3.7,18.4,7.2
1554,Sandwich (pane bigio) con carne secca,,Cibi/Sandwich,132.0,3.8,16.2,7.4
1555,Sandwich (baguette) con salame,,Cibi/Sandwich,156.0,6.2,18.4,5.8
1556,Sandwich (pane bigio) con salame,,Cibi/Sandwich,149.0,6.3,16.2,5.9
1557,Sandwich (baguette) al prosciutto,,Cibi/Sandwich,129.0,3.5,17.4,6.3
1558,Sandwich (pane bigio) al prosciutto,,Cibi/Sandwich,123.0,3.6,15.3,6.4
1559,Sandwich (Baguette) al formaggio a pasta semi dura,,Cibi/Sandwich,176.0,7.3,20.2,6.7
1560,Sandwich (pane bigio) al formaggio a pasta semi dura,,Cibi/Sandwich,169.0,7.4,17.6,6.9
1561,Sandwich (baguette) con mozzarella,,Cibi/Sandwich,161.0,5.9,20.2,5.9
1562,Sandwich (pane bigio) con mozzarella,,Cibi/Sandwich,153.0,6.0,17.7,6.1
1566,"Torta ai spinaci, cotta nel forno (pasta per torta)",,Cibi/Torte dolci e salate e gratin,192.0,11.9,13.8,6.4
1567,"Torta ai spinaci, cotta nel forno (pasta sfoglia)",,Cibi/Torte dolci e salate e gratin,189.0,12.8,11.4,6.0
1568,"Insalata di cervelat, preparata",,Cibi/Insalate,224.0,21.1,1.3,7.1
1569,"Insalata di cervelat e formaggio, preparata",,Cibi/Insalate,262.0,22.6,0.7,13.8
1572,Kebab in piadina,,Cibi/Sandwich,121.0,3.4,14.6,7.6
1573,"Insalata Coleslaw, preparata",,Cibi/Insalate,119.0,9.8,4.7,1.6
1577,"Bami Goreng, preparato",,Cibi/Cibi asiatici,130.0,2.4,13.1,13.5
1579,"Nasi Goreng, preparato",,Cibi/Cibi asiatici,125.0,1.8,16.1,10.8
1580,Gratin di verdura,,Cibi/Torte dolci e salate e gratin,58.0,3.9,2.4,2.6
1582,"Polpettone, fatto in casa, cotto al forno",,Cibi/Altri cibi salati/saporiti,175.0,9.0,8.1,15.0
1583,"Hamburger (manzo), fatto in casa, cotto in olio di colza HOLL",,Carne e frattaglie/Manzo,231.0,14.7,6.4,17.8
1584,"Risotto senza formaggio, cotto",,"Prodotti a base di cereali, legumi e patate/Riso",125.0,1.6,24.9,2.4
1585,"Risotto ai funghi, cotto",,Cibi/Altri cibi salati/saporiti,129.0,3.9,18.5,4.2
1586,"Migliotto, cotto",,"Prodotti a base di cereali, legumi e patate/Altri prodotti a base di cereali",146.0,3.2,24.8,3.8
1587,"Orzotto, cotto",,"Prodotti a base di cereali, legumi e patate/Altri prodotti a base di cereali",134.0,2.4,22.3,3.2
1588,"Granotto, cotto",,Cibi/Altri cibi salati/saporiti,172.0,3.1,27.5,5.3
1589,"Salsiccia viennese, cotta",Wienerli;Hot Dog,Prodotti carnei e insaccati/Salsicce scottate,220.0,18.4,0.6,13.0
1590,Hot Dog in pane bianco con ketchup e senape,,Cibi/Altri cibi salati/saporiti,216.0,6.3,29.6,9.1
1592,"Torta di ribes, fatta in casa (avec pasta frolla dolce)",,"Dolciumi/Dolci, torte e cake;Cibi/Torte dolci e salate e gratin",216.0,11.7,22.6,3.5
1593,"Torta di ribes, fatta in casa, cotta nel forno (pasta sfoglia)",,"Dolciumi/Dolci, torte e cake;Cibi/Torte dolci e salate e gratin",158.0,7.8,16.4,3.6
1594,"Torta di mora, fatta in casa, cotta nel forno (pasta sfoglia)",,"Dolciumi/Dolci, torte e cake;Cibi/Torte dolci e salate e gratin",156.0,7.8,16.0,3.3
1595,"Torta di ribes, fatta in casa, cotta nel forno (pasta per torta)",,"Dolciumi/Dolci, torte e cake;Cibi/Torte dolci e salate e gratin",160.0,7.6,17.1,3.9
1596,"Torta di mora, fatta in casa, cotta nel forno (pasta per torta)",,"Dolciumi/Dolci, torte e cake;Cibi/Torte dolci e salate e gratin",158.0,7.6,16.7,3.5
1597,Insalata di pasta con salsa italiana,,Cibi/Insalate,130.0,6.0,12.6,5.5
1598,Insalata di pasta con salsa francese,,Cibi/Insalate,126.0,5.6,12.6,5.6
1599,"Patate al gratin ""dauphinois"", preparate",,Cibi/Torte dolci e salate e gratin,127.0,7.8,11.2,2.5
1600,"Patate al gratin ""savoyard"", preparate",,Cibi/Torte dolci e salate e gratin,78.0,2.6,10.5,2.3
1601,"Crostone al formaggio, preparato",,Cibi/Altri cibi salati/saporiti,270.0,12.0,25.9,13.6
1602,"Uovo strapazzato, preparato",,Cibi/Altri cibi salati/saporiti,147.0,10.8,1.4,11.1
1603,"Uovo strapazato alle erbe, preparato",,Cibi/Altri cibi salati/saporiti,140.0,10.0,1.9,10.6
1604,"Uovo strapazzato ai funghi champignon, preparato",,Cibi/Altri cibi salati/saporiti,127.0,9.0,1.5,9.8
1605,"Uovo strapazzato al formaggio, preparato",,Cibi/Altri cibi salati/saporiti,156.0,11.5,1.3,11.7
1606,"Uovo strapazzato al prosciutto, preparato",,Cibi/Altri cibi salati/saporiti,143.0,9.6,1.3,12.8
1607,"Insalata russa, preparata",,Cibi/Insalate,199.0,16.2,9.7,2.5
1609,"Taboulé, preparato (con Bulgur)",,Cibi/Insalate,110.0,5.5,11.5,2.3
1610,"Taboulé, preparato (con Couscous)",,Cibi/Insalate,132.0,6.2,15.0,3.1
1611,"Pasta al forno con prosciutto, preparato",,Cibi/Torte dolci e salate e gratin,163.0,7.0,14.4,10.2
1612,Salsa per insalate con yogurt (senza olio),,Grassi e oli/Salse per insalate,58.0,3.0,4.5,3.2
1613,Insalata al tonno (di tonno in salamoia) con salsa aceto-olio,,Cibi/Insalate,108.0,4.8,6.8,8.8
1615,"Torta alle cipolle, cotta nel forno (pasta sfoglia)",,Cibi/Torte dolci e salate e gratin,186.0,12.0,13.9,4.8
1616,"Torta alle cipolle, cotta nel forno (pasta per torta)",,Cibi/Torte dolci e salate e gratin,189.0,11.2,16.1,5.2
1617,"Torta ai pomodori, cotta nel forno (pasta sfoglia)",,Cibi/Torte dolci e salate e gratin,171.0,12.1,11.0,3.9
1618,"Torta ai pomodori, cotta nel forno (pasta per torta)",,Cibi/Torte dolci e salate e gratin,174.0,11.2,13.5,4.3
1619,"Semolino di mais, cotta",Polenta,"Prodotti a base di cereali, legumi e patate/Mais",79.0,0.2,16.7,2.0
1644,"Cannelloni con carne, preparati",,Cibi/Cibi italiani,191.0,10.1,14.3,9.8
1646,"Cannelloni con ricotta e spinaci, preparati",,Cibi/Cibi italiani,221.0,14.3,14.6,7.8
1648,"Chili con carne, preparato",,Cibi/Brodi e zuppe,118.0,3.5,9.2,10.2
1649,"Cordon bleu di vitello, preparato",,Carne e frattaglie/Vitello,233.0,11.1,10.3,22.9
1650,"Cordon bleu di maiale, preparato",,Carne e frattaglie/Maiale,241.0,11.8,10.3,23.2
1653,"Melanzana, al vapore (senza aggiunta di sale)",,Verdure/Verdure cotte (incl. conserve),21.0,0.1,2.4,1.1
1654,"Zucchina, al vapore (senza aggiunta di sale)",,Verdure/Verdure cotte (incl. conserve),18.0,0.3,1.9,1.3
1655,"Fette di sedano rapa, impanate, preparate",,Verdure/Verdure cotte (incl. conserve),139.0,5.7,15.4,4.7
1656,"Fette di zucca, impanate, preparate",,Cibi/Altri cibi salati/saporiti,144.0,5.8,16.7,4.7
1657,"Fette di zucchina, impanate, preparate",,Cibi/Altri cibi salati/saporiti,125.0,5.6,13.3,4.5
1658,"Fette di melanzana, impanate, preparate",,Cibi/Altri cibi salati/saporiti,136.0,5.8,14.6,4.7
1659,"Piccata di melanzane, preparata",,Cibi/Altri cibi salati/saporiti,138.0,8.3,8.9,5.6
1660,"Piccata di sedano rapa, preparata",,Cibi/Altri cibi salati/saporiti,136.0,8.2,8.4,5.4
1661,"Piccata di zucchina, preparata",,Cibi/Altri cibi salati/saporiti,122.0,8.1,6.5,5.2
1662,"Piccata di zucca, preparata",,Cibi/Altri cibi salati/saporiti,140.0,8.5,9.4,5.5
1664,"Lasagne di carne, preparata",,Cibi/Cibi italiani,154.0,7.0,12.8,9.2
1665,"Ratatouille, preparato",,Verdure/Verdure cotte (incl. conserve),47.0,2.2,4.4,1.4
1666,"Lasagne di verdura, preparata",,Cibi/Cibi italiani,133.0,7.6,11.3,4.4
1667,"Piccata di vitello, preparata",,Cibi/Altri cibi salati/saporiti,217.0,11.6,5.5,22.5
1668,"Piccata di maiale, preparata",,Cibi/Altri cibi salati/saporiti,226.0,12.4,5.5,22.9
1669,"Ragù di vitello con salsa, preparato",,Cibi/Altri cibi salati/saporiti,91.0,3.5,3.1,11.3
1670,"Ragù di cavallo con salsa, preparato",,Cibi/Altri cibi salati/saporiti,99.0,3.9,3.1,12.4
1671,"Ragù di maiale con salsa, preparato",,Cibi/Altri cibi salati/saporiti,112.0,5.5,3.1,12.1
1672,"Ragù di manzo con salsa, preparato",,Cibi/Altri cibi salati/saporiti,90.0,3.0,3.1,12.3
1673,"Ragù d'agnello con salsa, preparato",,Cibi/Altri cibi salati/saporiti,122.0,7.0,3.1,11.4
1674,"Spezzatino di pollo con salsa al curry, fatto in casa",,Carne e frattaglie/Pollame,123.0,5.1,3.3,15.8
1675,"Riz Casimir con pollo, preparato",,Cibi/Altri cibi salati/saporiti,126.0,3.3,16.1,7.4
1676,"Spezzatino di vitello con salsa al curry, fatto in casa",,Carne e frattaglie/Vitello,116.0,5.1,3.3,13.9
1677,"Riz Casimir con vitello, preparato",,Cibi/Altri cibi salati/saporiti,124.0,3.4,16.1,6.7
1679,Vitello tonnato senza guarnizione,,Carne e frattaglie/Vitello,197.0,12.1,0.7,21.3
1680,Vitello tonnato con guarnizione,,Carne e frattaglie/Vitello,172.0,10.6,0.9,17.9
1681,"Scaloppina di vitello, cotta in olio di colza HOLL",,Carne e frattaglie/Vitello,185.0,8.6,0.0,26.8
1682,"Maionese, con olio di colza, fatta in casa",,Grassi e oli/Maionese,794.0,87.1,0.1,2.4
1683,"Salsa cocktail, con maionese di colza, fatta in casa",,Diversi/Salse,697.0,74.7,3.8,2.3
1684,"Salsa tartara, con maionese di colza, fatta in casa",,Diversi/Salse,385.0,40.2,1.8,3.7
1685,Sandwich con scaloppina e salsa cocktail,,Cibi/Sandwich,262.0,11.2,25.1,14.5
1686,Sandwich con scaloppina e salsa tartara,,Cibi/Sandwich,242.0,10.2,23.2,13.9
1687,"Saltimbocca, cotto in olio di colza HOLL",,Carne e frattaglie/Vitello,216.0,11.2,0.1,28.8
1692,"Capuns, preparati",,Cibi/Altri cibi salati/saporiti,166.0,10.4,9.7,8.1
1693,Aceto,,"Diversi/Sale, spezie e aromi",21.0,0.0,0.7,0.1
1694,"Omelette tipo ""crêpes"" al zucchero con cannella, preparato",,Cibi/Altri cibi dolci,186.0,5.9,26.0,6.6
1695,"Omelette tipo ""crêpes"" alla Nutella",,Cibi/Altri cibi dolci,265.0,12.7,30.3,6.7
1696,Fiocchi di cereali (in media),,"Pane, fiocchi e cereali per la prima colazione/Fiocchi, crusca e germi",352.0,3.7,63.5,11.5
1697,"Insalata di bollito, preparata",,Cibi/Insalate,203.0,15.1,1.5,15.0
10353,Affettati (media),,Prodotti carnei e insaccati/Salsicce scottate,274.0,24.0,0.7,13.8
10377,"Fegato (media di vitello, manzo, maiale), crudo",,Carne e frattaglie,133.0,4.2,3.6,20.3
10378,"Lingua (media di vitello e manzo), cruda",,Carne e frattaglie/Vitello;Carne e frattaglie/Manzo,191.0,12.6,2.8,16.6
10406,Cornetti (media),,"Pane, fiocchi e cereali per la prima colazione/Pane e prodotti di panetteria",398.0,22.0,40.4,7.8
10446,Pane (media),,"Pane, fiocchi e cereali per la prima colazione/Pane e prodotti di panetteria",264.0,4.6,44.6,9.2
10449,"Patate fritte (fritte in olio di girasole HO), non salate",,"Prodotti a base di cereali, legumi e patate/Patate e altri tuberi amidacei",286.0,15.4,32.4,3.2
10450,"Patate fritte (cotte nel forno), non salate",,"Prodotti a base di cereali, legumi e patate/Patate e altri tuberi amidacei",213.0,6.6,32.6,3.8
10453,"Torta di frutta, fatta in casa, pasta sfoglia (media)",,"Dolciumi/Dolci, torte e cake;Cibi/Torte dolci e salate e gratin",155.0,7.6,17.6,3.1
10454,"Torta di frutta, fatta in casa, pasta per torta (media)",,"Dolciumi/Dolci, torte e cake;Cibi/Torte dolci e salate e gratin",158.0,7.4,18.4,3.3
10455,"Torta di frutta, fatta in casa, pasta frolla dolce (media)",,"Dolciumi/Dolci, torte e cake;Cibi/Torte dolci e salate e gratin",215.0,11.7,22.5,3.3
10456,"Torta di frutta, fatta in casa (in media)",,"Dolciumi/Dolci, torte e cake;Cibi/Torte dolci e salate e gratin",176.0,8.9,19.5,3.2
10457,Sale da cucina con iodio e fluoro,,"Diversi/Sale, spezie e aromi",0.0,0.0,0.0,0.0
10477,"Vino rosso, 13.5 vol%",,Bevande alcoliche/Vino,76.0,0.0,0.2,0.0
10478,Vino biancho diluito con acqua frizzante,,Bevande alcoliche/Vino,36.0,0.0,0.1,0.1
10479,Vino biancho diluito con limonata,,Bevande alcoliche/Vino,54.0,0.0,4.6,0.1
10486,Calimocho (Vino rosso con cola),,Bevande alcoliche/Altre bevande alcoliche,55.0,0.0,5.2,0.1
10532,Pasta di acciughe,,Diversi/Prodotti da spalmare,272.0,21.3,0.2,19.8
10533,Agar Agar,,Diversi/Gelificanti e leganti,160.0,0.2,0.0,2.4
10534,Lemon Curd,Crema di limone,Dolciumi/Creme e budini,317.0,16.0,36.8,6.4
10535,Dulce de Leche,Confettura di latte,Dolciumi/Confettura e prodotti dolci da spalmare sul pane,295.0,7.3,51.6,5.7
10536,Sciroppo di agave,,Dolciumi/Zuccheri ed edulcoranti,310.0,0.5,76.2,0.1
10542,Pasta di wasabi,,Diversi/Salse,308.0,10.6,49.6,2.9
10546,"Polenta nera, preparata",,"Prodotti a base di cereali, legumi e patate/Mais",113.0,4.8,13.0,4.2
10561,"Samosa, cotta al forno",,Cibi/Cibi asiatici,353.0,21.0,32.5,6.8
10562,"Samosa, fritta",,Cibi/Cibi asiatici,382.0,25.3,30.6,6.4
10567,"Risotto al pomodoro, fatto in casa",,Cibi/Altri cibi salati/saporiti,125.0,3.1,20.0,3.9
10582,"Cavoli (media), cotti (senza aggiunta di grassi o sale)",,Verdure/Verdure cotte (incl. conserve),31.0,0.5,3.1,2.1
12981,"Salsa besciamella, fatta in casa",,Diversi/Salse,146.0,9.8,10.1,4.2
12982,Pommes Chips,,Snack salati/Patatine,538.0,34.8,49.3,4.9
12983,Patatine a ridotto contenuto di grassi,,Snack salati/Patatine,468.0,22.1,59.2,5.9
13258,"Manzo, entrecôte, cotta, cottura media (senza aggiunta di grassi o sale)",,Carne e frattaglie/Manzo,162.0,4.6,0.0,30.2
13262,"Manzo, filetto, cotto in padella, cottura media (senza aggiunta di grassi o sale)",,Carne e frattaglie/Manzo,147.0,4.0,0.0,27.7
13269,"Maiale, filetto, cotto in padella (senza aggiunta di grassi o sale)",,Carne e frattaglie/Maiale,153.0,4.0,0.0,29.3
13270,"Maiale, fesa francese, fettina, cotta in padella (senza aggiunta di grassi o sale)",,Carne e frattaglie/Maiale,162.0,3.3,0.0,33.0
13273,"Agnello, filetto, cotto in padella, cottura media (senza aggiunta di grassi o sale)",,"Carne e frattaglie/Agnello, pecora",147.0,4.8,0.0,25.8
13275,"Tacchino, petto, scaloppina o sminuzzato, cotto in padella (senza aggiunta di grassi o sale)",,Carne e frattaglie/Pollame,141.0,1.5,0.0,31.8
13276,"Pollo, petto, fettina o sminuzzato, cotto in padella (senza aggiunta di grassi o sale)",,Carne e frattaglie/Pollame,128.0,0.8,0.0,30.1
13281,"Selvaggina (media), cotto (senza aggiunta di grassi o sale)",,Carne e frattaglie/Selvaggina,146.0,4.0,0.0,27.5
13283,"Maiale, cotoletta, cotta in padella (senza aggiunta di grassi o sale)",,Carne e frattaglie/Maiale,240.0,12.8,0.0,31.3
13284,"Maiale, collo, bistecca, cotto in padella (senza aggiunta di grassi o sale)",,Carne e frattaglie/Maiale,255.0,16.6,0.0,26.4
13285,"Maiale, sminuzzato, cotto in padella (senza aggiunta di grassi o sale)",,Carne e frattaglie/Maiale,176.0,6.4,0.0,29.8
13289,"Maiale, geretto, brasato (senza aggiunta di grassi o sale)",,Carne e frattaglie/Maiale,239.0,9.9,0.9,36.6
13291,"Manzo, per bollito, misto, bollito (senza aggiunta di grassi o sale)",,Carne e frattaglie/Manzo,276.0,18.9,0.0,26.6
13292,"Manzo, per bollito, magro, bollito (senza aggiunta di grassi e sale)",,Carne e frattaglie/Manzo,186.0,6.9,0.0,31.1
13297,"Manzo, carne macinata, cotta in padella (senza aggiunta di grassi o sale)",Trito,Carne e frattaglie/Manzo,211.0,8.9,0.0,32.6
13304,"Agnello, cosciotto, arrosto (senza aggiunta di grassi o sale)",,"Carne e frattaglie/Agnello, pecora",203.0,9.8,0.0,28.6
13309,"Pollo, intero con pelle, arrostito (senza aggiunta di grassi o sale)",,Carne e frattaglie/Pollame,193.0,10.3,0.0,25.1
13310,"Pollo, coscia con pelle, arrostita (senza aggiunta di grassi o sale)",,Carne e frattaglie/Pollame,187.0,10.2,0.0,23.9
13316,"Vitello, scaloppina, cotta in padella (senza aggiunta di grassi o sale)",,Carne e frattaglie/Vitello,128.0,1.6,0.0,28.4
13317,"Carne tritata (media di manzo,vitello, maiale e pollo), cotta in padella (senza aggiunta di grassi o sale)",,Carne e frattaglie,205.0,12.0,0.0,24.4
13318,"Spezzatino (media di manzo, vitello, maiale e pollame), cotto in padella (senza aggiunta di grassi o sale)",,Carne e frattaglie,142.0,2.6,0.2,29.5
13319,"Fettina (media di vitello, manzo, maiale, pollo), cotta in padella (senza aggiunta di grassi o sale)",,Carne e frattaglie,141.0,2.4,0.2,29.7
13320,"Fegato (media di vitello, manzo, maiale), cotto in padella (senza aggiunta di grassi o sale)",,Carne e frattaglie,155.0,4.9,4.4,23.5
13322,"Costoletta (media di vitello, maiale e agnello), cotta in padella (senza aggiunta di grassi o sale)",,Carne e frattaglie,215.0,11.2,0.0,28.5
13324,"Vitello, bistecca, cotto in padella (senza aggiunta di grassi o sale)",,Carne e frattaglie/Vitello,144.0,3.9,0.0,27.3
13325,"Vitello, sminuzzato, cotto in padella (senza aggiunta di grassi o sale)",,Carne e frattaglie/Vitello,123.0,1.1,0.0,28.2
13328,"Cavallo, filetto, cotto in padella (senza aggiunta di grassi o sale)",,Carne e frattaglie/Altre specie animali,139.0,3.1,0.0,27.8
13329,"Coniglio (media), cotto (senza aggiunta di grassi o sale)",,Carne e frattaglie/Altre specie animali,177.0,8.0,0.0,26.1
13333,"Prosciutto arrotolato, cotto (senza aggiunta di grassi o sale)",,Prodotti carnei e insaccati/Insaccati cotti,188.0,9.9,1.4,23.3
13341,"Salsiccia ""Saucisson"", cotto (senza aggiunta di grassi o sale)",,Prodotti carnei e insaccati/Insaccati crudi,442.0,39.4,0.6,21.1
13345,"Pesce (media), filetto, al vapore (senza aggiunta di grassi o sale)",,Pesce,123.0,5.8,0.0,17.9
13349,"Trota, intera, bollita (senza aggiunta di grassi o sale)",,Pesce/Pesci d’acqua dolce,115.0,5.4,0.0,16.6
13350,"Merluzzo bianco, filetto, al vapore (senza aggiunta di grassi o sale)",,Pesce/Pesci di mare,74.0,0.6,0.0,17.0
13351,"Passera pianuzza, filetto, al vapore (senza aggiunta di grassi o sale)",,Pesce/Pesci di mare,78.0,1.8,0.0,15.5
13354,"Salmone d'allevamento, filetto, al vapore (senza aggiunta di grassi o sale)",,Pesce/Pesci di mare,200.0,13.9,0.0,18.7
13377,"Vitello, geretto, brasato (senza aggiunta di grassi e sale)",Ossobuco,Carne e frattaglie/Vitello,158.0,4.3,0.0,29.7
13384,Latte di pecora,,Latte e prodotti di latte/Latte,105.0,7.1,4.7,5.5
13385,"Lenticchia, decorticata, secca",,"Prodotti a base di cereali, legumi e patate/Legumi",325.0,1.5,41.8,27.0
13386,"Lenticchie, decorticate, cotte (senza aggiunta di grassi e sale)",,"Prodotti a base di cereali, legumi e patate/Legumi",131.0,0.6,16.5,11.0
13387,"Fagiolo comune (tutti tipi), seme mature, secco",Fagiolo rosso;Fagiolo bianco;Fagiolo borlotto,"Prodotti a base di cereali, legumi e patate/Legumi",305.0,1.5,40.7,20.9
13388,"Fagiolo comuno (tutti tipi), seme mature, cotto (senza aggiunta di grassi e sale)",,"Prodotti a base di cereali, legumi e patate/Legumi",111.0,0.6,14.5,7.7
13389,"Piselli, semi maturi, decorticati, secchi",,"Prodotti a base di cereali, legumi e patate/Legumi",331.0,1.7,51.9,21.3
13390,"Piselli, semi maturi, decorticati, cotti (senza aggiunta di grassi e sale)",,"Prodotti a base di cereali, legumi e patate/Legumi",137.0,0.7,21.2,9.0
13391,"Formaggio maturato a pasta molle, grasso",,Latte e prodotti di latte/Formaggio a pasta molle,296.0,23.7,0.0,20.6
13392,"Formaggio maturato a pasta molle, alla panna",,Latte e prodotti di latte/Formaggio a pasta molle,347.0,30.9,0.0,17.4
13394,"Quinoa, cruda",,"Prodotti a base di cereali, legumi e patate/Altri prodotti a base di cereali",362.0,6.6,58.2,13.3
13395,"Blanc battu, naturale, magro",,Latte e prodotti di latte/Formaggio fresco e quark,47.0,0.0,3.9,7.8
13396,"Quinoa, cotta (senza aggiunta di grassi e sale)",,"Prodotti a base di cereali, legumi e patate/Altri prodotti a base di cereali",117.0,2.0,19.1,4.4
13397,"Amaranto, seme, crudo",,"Prodotti a base di cereali, legumi e patate/Altri prodotti a base di cereali",376.0,7.0,56.8,15.8
13398,"Amaranto, seme, cotto (senza aggiunta di grassi e sale)",,"Prodotti a base di cereali, legumi e patate/Altri prodotti a base di cereali",119.0,2.1,18.1,5.0
13399,"Latte, semiscremato 1.5% di gasso, UHT",,Latte e prodotti di latte/Latte,46.0,1.5,4.8,3.2
13400,"Cavolo piuma, crudo",,Verdure/Verdure fresche,44.0,0.9,2.5,4.3
13401,"Cavolo piuma, stufato (senza aggiunta di grasso e sale)",,Verdure/Verdure cotte (incl. conserve),44.0,0.9,2.6,4.3
13402,Olio di noce,,Grassi e oli/Oli,900.0,100.0,0.0,0.0
13404,Olio di semi di zucca,,Grassi e oli/Oli,900.0,100.0,0.0,0.0
13405,"Olio di semi di lino, spremuto a freddo",,Grassi e oli/Oli,900.0,100.0,0.0,0.0
13406,"Patata dolce, cruda",,"Prodotti a base di cereali, legumi e patate/Patate e altri tuberi amidacei",81.0,0.1,17.1,1.6
13407,"Patata dolce, al vapore (senza aggiunta di sale)",,"Prodotti a base di cereali, legumi e patate/Patate e altri tuberi amidacei",81.0,0.1,17.1,1.6
13413,"Crema alla vaniglia, fatta in casa, cotta",,Dolciumi/Creme e budini,109.0,4.6,12.7,4.3
13416,"Pasta per torta, integrale (con grasso vegetale), cruda",,"Prodotti a base di cereali, legumi e patate/Paste",359.0,20.2,33.7,7.6
13417,"Pasta per torta, integrale (con burro), cruda",,"Prodotti a base di cereali, legumi e patate/Paste",372.0,21.5,33.8,7.6
13418,"Pasta per strudel, cruda",,"Prodotti a base di cereali, legumi e patate/Paste",234.0,2.5,44.3,7.6
13419,"Pasta per flammkuchen, cruda",,"Prodotti a base di cereali, legumi e patate/Paste",221.0,2.9,39.9,7.5
13420,"Birra, analcolica",,Bevande alcoliche/Birra,23.0,0.0,4.9,0.4
13434,"Bevanda al malto e cacao, arricchita di vitamine e minerali, polvere (Media di prodotti commerciali)",,Dolciumi/Cioccolato e prodotti a base di cacao,372.0,1.8,76.4,10.7
13436,"Energy drink, con caffeina, taurina e vitamine, con edulcoranti",,Bevande analcoliche/Bevande a ridotto contenuto calorico,1.0,0.0,0.2,0.0
13437,"Tofu, solido, al naturale (media)",,Alimenti proteici a base vegetale e alternative ai prodotti animali/Alimenti proteici a base vegetale,148.0,8.5,2.9,14.7
13438,"Tofu, setoso (morbido), al naturale","Tofu, vellutato",Alimenti proteici a base vegetale e alternative ai prodotti animali/Alimenti proteici a base vegetale,53.0,2.9,1.5,5.0
13439,"Pastinaca, cruda",,Verdure/Verdure fresche,62.0,0.4,12.1,1.3
13440,"Papaia, matura, cruda","Papaya, matura, cruda",Frutta/Frutta fresca,44.0,0.1,9.5,0.5
13441,"Topinambur, crudo",Carciofo di Gerusalemme,Verdure/Verdure fresche,54.0,0.4,4.0,2.4
13442,"Topinambur, cotto (senza agguinta di sale)",,Verdure/Verdure cotte (incl. conserve),52.0,0.4,3.8,2.3
13443,"Pastinaca, cotta (senza aggiunta di sale)",,Verdure/Verdure cotte (incl. conserve),58.0,0.4,11.4,1.2
13445,"Pasta sfoglia (con grasso vegetale), cruda",,"Prodotti a base di cereali, legumi e patate/Paste",385.0,24.3,35.1,5.7
13446,Cornetto al prosciutto,Gipfel al prosciutto,Snack salati/Prodotti di pasta sfoglia;Cibi/Altri cibi salati/saporiti,340.0,20.9,26.0,11.1
13447,Pesto rosso,,Diversi/Salse,410.0,36.2,13.1,6.1
13448,"Barretta ai cereali, con copertura di cioccolato",,Dolciumi/Barrette,460.0,20.3,57.9,8.7
13449,"Carciofo, cuore, in scatola, sgocciolato",,Verdure/Verdure cotte (incl. conserve),27.0,0.5,2.3,1.8
13450,"Bevanda a base di riso, naturale",,Alimenti proteici a base vegetale e alternative ai prodotti animali/Bevande a base vegetale,54.0,1.3,10.3,0.2
13451,"Sostituto dello yogurt, a base di soia, naturale",,Alimenti proteici a base vegetale e alternative ai prodotti animali/Altri sostituti del latte,43.0,1.9,2.1,4.1
13452,"Sostituto dello yogurt, a base di soia, naturale, arricchito di calcio e vitamine",,Alimenti proteici a base vegetale e alternative ai prodotti animali/Altri sostituti del latte,40.0,2.1,1.1,3.9
13453,"Sostituto dello yogurt, a base di soia, con frutta o aromi, con zucchero",,Alimenti proteici a base vegetale e alternative ai prodotti animali/Altri sostituti del latte,76.0,1.7,11.1,3.6
13454,"Sostituto dello yogurt, a base di soia, con frutta o aromi, con zucchero, arricchito di calcio e vitamine",,Alimenti proteici a base vegetale e alternative ai prodotti animali/Altri sostituti del latte,85.0,2.3,12.9,3.0
13455,Aceto balsamico,,"Diversi/Sale, spezie e aromi",128.0,0.6,25.8,0.7
13456,Salsa di soia,,Diversi/Salse,56.0,0.6,4.1,8.1
13457,Semi di chia,,"Noci, semi e frutti oleosi",482.0,34.1,1.8,21.4
13458,Latte di cocco,,Grassi e oli/Panna,214.0,21.3,3.1,2.4
13459,Pesto verde,,Diversi/Salse,436.0,42.5,6.6,5.6
13460,Hamburger di pollo,,Cibi/Fast Food,247.0,11.0,23.8,12.7
13461,Hamburger di pesce,,Cibi/Fast Food,262.0,11.5,26.7,12.2
13462,"Pasta fresca, con ripieno di carne, cotta",,"Prodotti a base di cereali, legumi e patate/Pasta",174.0,4.7,25.1,6.9
13463,"Pomodoro, secco",,Verdure/Verdure secche,282.0,3.0,43.5,14.1
13464,Senape,,Diversi/Salse,124.0,7.7,3.8,7.1
13465,"Energy drink, con caffeina, taurina e vitamine, con zucchero",,Bevande analcoliche/Bevande zuccherate,42.0,0.0,10.4,0.0
13466,"Alghe, Nori, secche",,Verdure/Verdure secche,255.0,1.6,10.5,31.5
13477,"Composta di rabarbaro, con zucchero",,Frutta/Frutta cotta (incl. conserve),84.0,0.2,18.8,0.7
13486,Marron glacé,Castagna candita,Dolciumi/Altri dolciumi,316.0,0.5,75.5,0.9
13488,"Barretta ai cereali, senza copertura o ripieno",,Dolciumi/Barrette,418.0,13.0,64.0,8.2
13489,"Pasta fresca, con ripieno di spinaci e ricotta, cruda",,"Prodotti a base di cereali, legumi e patate/Pasta",212.0,5.7,30.0,8.7
13490,"Pomodoro, secco, sott'olio, sgocciolato",,Verdure/Verdure secche,187.0,11.7,13.4,4.3
13498,"Pasta fresca, con ripieno di spinaci e ricotta, cotta (senza aggiunta di grasso e sale)",,"Prodotti a base di cereali, legumi e patate/Pasta",175.0,4.8,24.5,7.4
13501,"Quark, alla frutta",,Latte e prodotti di latte/Formaggio fresco e quark,112.0,2.4,14.1,8.4
13502,"Salsa per insalata, italiana",,Grassi e oli/Salse per insalate,309.0,32.1,4.9,0.1
13503,"Salsa per insalata, francese",,Grassi e oli/Salse per insalate,360.0,37.4,4.5,1.4
13880,Succo d'ananas,,Frutta/Succhi di frutta,51.0,0.1,12.1,0.4
13882,"Melagrana, cruda",,Frutta/Frutta fresca,81.0,1.2,14.3,1.4
13883,"Litchi, crudo",,Frutta/Frutta fresca,77.0,0.5,16.1,1.1
13884,"Mango, secco",,Frutta/Frutta secca,293.0,2.2,61.1,2.9
13907,Acqua di cocco,,Bevande analcoliche/Altre bevande,19.0,0.0,4.5,0.1
13918,"Manioca, radice, cruda",,"Prodotti a base di cereali, legumi e patate/Patate e altri tuberi amidacei",157.0,0.3,36.3,1.4
13924,"Formaggio di capra, a pasta molle",,Latte e prodotti di latte/Formaggio a pasta molle,283.0,23.3,0.0,18.4
13926,"Formaggio fresco di capra, spalmabile",,Latte e prodotti di latte/Formaggio fresco e quark,162.0,12.2,2.4,10.6
13937,Salsa barbecue,,Diversi/Salse,131.0,0.6,30.3,0.6
13939,Salsa Worcester,,Diversi/Salse,124.0,0.1,29.4,1.4
13951,Scorza di limone,,Frutta/Frutta fresca,52.0,0.3,5.4,1.5
13956,Succo di pere concentrato,,Dolciumi/Zuccheri ed edulcoranti,351.0,1.7,81.0,3.1
13959,Cono gelato,,Dolciumi/Gelati a base di latte,292.0,13.5,37.8,3.4
13960,"Gelato, barretta o bastoncino, ricoperto di cioccolato",,Dolciumi/Gelati a base di latte,359.0,21.4,35.8,5.1
13976,"Trota, affumicata",,Pesce/Pesci d’acqua dolce,177.0,9.3,0.0,23.4
13977,"Cozza, cotta",,Pesce/Frutti di mare e crostacei,108.0,2.1,5.1,17.2
13978,"Sardina, in salsa di pomodoro, in scatola",,Pesce/Pesci di mare,177.0,10.8,0.9,18.5
13997,"Guacamole, preconfezionata",,Diversi/Salse,192.0,16.5,5.9,2.2
14002,Gazpacho,,Cibi/Brodi e zuppe,33.0,1.6,3.4,0.7
14003,Tzatziki,,Diversi/Salse,138.0,10.9,3.8,6.1
14007,Florentin (biscotto),,Dolciumi/Biscotti,514.0,28.7,50.7,9.3
14008,Cookie al cioccolato,,Dolciumi/Biscotti,502.0,25.9,59.0,6.5
14016,"Cialda, fresca",,Dolciumi/Altre pasticceri dolci,301.0,13.4,36.1,8.0
14023,Tiramisù,,Cibi/Altri cibi dolci,240.0,9.8,30.4,4.3
14024,Cheeseburger,,Cibi/Fast Food,281.0,14.2,24.3,13.2
14025,"Hamburger, doppio",,Cibi/Fast Food,258.0,12.1,24.7,11.9
14035,Schiumini,,Dolciumi/Biscotti,444.0,9.9,83.5,4.2
14038,Panino al cioccolato,,Dolciumi/Altre pasticceri dolci,366.0,14.3,49.7,8.6
14039,Schiumini al cioccolato,,Dolciumi/Biscotti,486.0,19.4,71.5,5.2
14043,"Pasta frolla (con burro), dolce, cruda",,"Prodotti a base di cereali, legumi e patate/Paste",424.0,22.9,45.8,7.8
14044,"Pasta frolla (con burro), dolce, cotta al forno",,"Prodotti a base di cereali, legumi e patate/Paste",530.0,28.6,57.3,9.8
14045,"Pasta frolla (con grasso vegetale ), dolce, cotta al forno",,"Prodotti a base di cereali, legumi e patate/Paste",494.0,24.9,58.4,8.0
14050,"Bevanda al malto e cacao, arricchita di vitamine e minerali, preparata (con latte)",,Bevande analcoliche/Bevande a base d'estratto di malto;Latte e prodotti di latte/Bevande a base di latte e yogurt,80.0,2.9,9.7,3.7
14052,"Fettina (media di vitello, manzo, maiale, pollo), impanata e preparata",,Carne e frattaglie,229.0,10.2,10.2,23.9
14054,"Manioca, radice, cotta (senza aggiunta di sale)",,"Prodotti a base di cereali, legumi e patate/Patate e altri tuberi amidacei",147.0,0.3,33.8,1.4
14055,Hummus,,Diversi/Salse,204.0,14.0,9.1,7.3
14056,Croque Monsieur,,Cibi/Sandwich,260.0,9.4,26.6,16.4
14060,Chiacchiere di carnevale,Frittelle di carnevale,Dolciumi/Altre pasticceri dolci,553.0,32.9,51.7,11.5
14061,"Involtino primavera, fritto",,Cibi/Cibi asiatici,224.0,11.2,23.1,6.5
14066,"Falafel, fritto (in olio di colza HOLL)",,Cibi/Cibi orientali,229.0,7.9,26.9,8.4
14067,"Petit Beurre, integrale",,Dolciumi/Biscotti,426.0,12.7,65.3,9.6
14068,"Fagiolini verdi secchi, messi a bagno, cotti al vapore (senza aggiunta di sale)",,Verdure/Verdure cotte (incl. conserve),76.0,0.5,10.1,4.8
14074,Petit Beurre,,Dolciumi/Biscotti,431.0,12.4,70.2,8.7
14077,Pane bigio (con sale iodato),,"Pane, fiocchi e cereali per la prima colazione/Pane e prodotti di panetteria",234.0,1.2,44.3,9.5
14078,Pane semi-bianco (con sale iodato),,"Pane, fiocchi e cereali per la prima colazione/Pane e prodotti di panetteria",240.0,1.1,46.4,9.4
14086,"Sale, marino, standard, bianco, senza aggiunta di iodio e fluoro",,"Diversi/Sale, spezie e aromi",0.0,0.0,0.0,0.0
14087,"Sale, marino, fiore di sale",,"Diversi/Sale, spezie e aromi",0.0,0.0,0.0,0.0
14088,"Sale, dell'Himalaya",,"Diversi/Sale, spezie e aromi",0.0,0.0,0.0,0.0
14089,"Salsiccia da arrostire di maiale, alla griglia (senza aggiunta di grassi o sale)",,Prodotti carnei e insaccati/Insaccati crudi,283.0,22.3,0.6,19.8
14090,"Tofu, affumicato (media)",,Alimenti proteici a base vegetale e alternative ai prodotti animali/Alimenti proteici a base vegetale,164.0,9.5,2.9,16.4
14091,Olio di canapa,,Grassi e oli/Oli,900.0,100.0,0.0,0.0
14092,"Arachide, tostata, salata",,Snack salati/Noci e semi salati,631.0,50.0,15.0,26.2
14093,Sciroppo d'acero,,Dolciumi/Zuccheri ed edulcoranti,271.0,0.2,67.2,0.0
14094,"Ananas, in succo d'ananas, in scatola, sgocciolato",,Frutta/Frutta cotta (incl. conserve),60.0,0.1,13.6,0.5
14095,"Ananas, in succo d'ananas, in scatola, non sgocciolato",,Frutta/Frutta cotta (incl. conserve),59.0,0.1,13.6,0.4
14096,"Ananas, con edulcorante, in scatola, sgocciolata",,Frutta/Frutta cotta (incl. conserve),42.0,0.1,9.4,0.5
14097,"Albicocca, con edulcorante, in scatola, sgocciolata",,Frutta/Frutta cotta (incl. conserve),41.0,0.1,8.2,0.9
14098,"Pera, con edulcorante, in scatola, sgocciolata",,Frutta/Frutta cotta (incl. conserve),50.0,0.3,9.9,0.5
14101,"Mirtillo, liofilizzato",,Frutta/Frutta secca,338.0,4.4,56.4,6.1
14104,"Miscela per muesli croccante, zuccherata (media)",,"Pane, fiocchi e cereali per la prima colazione/Mix di muesli e cereali per la prima colazione",432.0,15.9,58.8,9.4
14107,Olio di sesamo,,Grassi e oli/Oli,900.0,100.0,0.0,0.0
14108,Olio di nocciole,,Grassi e oli/Oli,900.0,100.0,0.0,0.0
14109,"Pane per toast, scuro o multicereali",,"Pane, fiocchi e cereali per la prima colazione/Pane e prodotti di panetteria",272.0,4.7,45.6,9.1
14112,"Sminuzzato/macinato/scaloppina, vegano, a base di mycoproteina, crudo",,"Alimenti proteici a base vegetale e alternative ai prodotti animali/Sostituti della carne, prodotti a base di carne, pesce o uova",92.0,2.3,1.6,13.4
14113,"Bevanda a base di mandorla, naturale",,Alimenti proteici a base vegetale e alternative ai prodotti animali/Bevande a base vegetale,33.0,2.6,1.3,1.1
14114,"Bevanda a base di avena, naturale",,Alimenti proteici a base vegetale e alternative ai prodotti animali/Bevande a base vegetale,47.0,1.5,7.8,0.5
14115,"Burger, vegano, a base di proteine di soia o pisello, crudo",,"Alimenti proteici a base vegetale e alternative ai prodotti animali/Sostituti della carne, prodotti a base di carne, pesce o uova",197.0,11.1,4.1,18.0
14117,Dolcetti (Maddalena) (con olio vegetale),,Dolciumi/Altre pasticceri dolci,434.0,20.0,55.1,7.9
14118,Seitan,,Alimenti proteici a base vegetale e alternative ai prodotti animali/Alimenti proteici a base vegetale,193.0,7.2,3.0,28.0
14119,"Tofu, solido, al naturale (prodotto con nigari)",,Alimenti proteici a base vegetale e alternative ai prodotti animali/Alimenti proteici a base vegetale,148.0,8.5,2.9,14.7
14120,"Tofu, solido, al naturale (prodotto con sale di calcio)",,Alimenti proteici a base vegetale e alternative ai prodotti animali/Alimenti proteici a base vegetale,148.0,8.5,2.9,14.7
14121,"Tofu, affumicato (prodotto con nigari)",,Alimenti proteici a base vegetale e alternative ai prodotti animali/Alimenti proteici a base vegetale,164.0,9.5,2.9,16.4
14122,"Tofu, affumicato (prodotto con sale di calcio)",,Alimenti proteici a base vegetale e alternative ai prodotti animali/Alimenti proteici a base vegetale,164.0,9.5,2.9,16.4
14123,"Miscela per muesli croccante, arricchita con vitamine e minerali",,"Pane, fiocchi e cereali per la prima colazione/Mix di muesli e cereali per la prima colazione",420.0,11.9,63.4,10.3
14124,"Bevanda a base di cocco, naturale",,Alimenti proteici a base vegetale e alternative ai prodotti animali/Bevande a base vegetale,22.0,1.0,2.8,0.4
14126,"Latte intero, standardizzato, 3.5 % di grasso, UHT",,Latte e prodotti di latte/Latte,65.0,3.5,5.0,3.2
14129,"Bevanda a base di soia, naturale, arricchita di calcio e vitamine",,Alimenti proteici a base vegetale e alternative ai prodotti animali/Bevande a base vegetale,40.0,2.1,1.5,3.6
14130,"Bevanda a base di avena, naturale, arricchita di calcio e vitamine",,Alimenti proteici a base vegetale e alternative ai prodotti animali/Bevande a base vegetale,48.0,1.5,7.8,0.5
14131,"Bevanda a base di mandorla, naturale, arricchita con calcio e vitamine",,Alimenti proteici a base vegetale e alternative ai prodotti animali/Bevande a base vegetale,33.0,2.6,1.3,1.1
14132,"Bevanda a base di cocco, naturale, arricchita di calcio e vitamine",,Alimenti proteici a base vegetale e alternative ai prodotti animali/Bevande a base vegetale,22.0,1.0,2.8,0.4
14133,"Bevanda a base di riso, naturale, arricchita di calcio",,Alimenti proteici a base vegetale e alternative ai prodotti animali/Bevande a base vegetale,54.0,1.3,10.3,0.2
14135,Burro allo yogurt,,Grassi e oli/Grassi,602.0,65.7,1.5,1.2
14136,"Palline di mais, croccante, con miele",,"Pane, fiocchi e cereali per la prima colazione/Mix di muesli e cereali per la prima colazione",379.0,1.5,83.5,5.9
14137,"Riso soffiato, croccante",,"Pane, fiocchi e cereali per la prima colazione/Mix di muesli e cereali per la prima colazione",385.0,1.5,86.0,6.3
14138,"Fiocchi di cereali croccanti, a base di frumento integrale e riso, naturale",,"Pane, fiocchi e cereali per la prima colazione/Mix di muesli e cereali per la prima colazione",382.0,1.5,80.7,8.5
14139,"Frumento soffiato, con miele o altri zuccheri",,"Pane, fiocchi e cereali per la prima colazione/Mix di muesli e cereali per la prima colazione",377.0,2.2,78.2,8.4
14141,"Cereali soffiati o estrusi, con cacao o cioccolato",,"Pane, fiocchi e cereali per la prima colazione/Mix di muesli e cereali per la prima colazione",380.0,2.8,76.6,8.9
14143,"Fagottini di cereali, ripieni con cioccolato e nocciole",,"Pane, fiocchi e cereali per la prima colazione/Mix di muesli e cereali per la prima colazione",446.0,16.1,66.6,6.3
14144,"Cornflakes, glassati con zucchero",,"Pane, fiocchi e cereali per la prima colazione/Mix di muesli e cereali per la prima colazione",382.0,0.9,86.0,5.7
14145,"Macinato, vegano, a base di proteine di soia o pisello, crudo",,"Alimenti proteici a base vegetale e alternative ai prodotti animali/Sostituti della carne, prodotti a base di carne, pesce o uova",167.0,8.4,5.0,14.8
14146,"Sminuzzato, vegano, a base di proteine di soia o pisello, crudo",,"Alimenti proteici a base vegetale e alternative ai prodotti animali/Sostituti della carne, prodotti a base di carne, pesce o uova",139.0,3.3,3.5,20.7
14147,"Soia testurizzata (sminuzzata, granulata), secca",,Alimenti proteici a base vegetale e alternative ai prodotti animali/Alimenti proteici a base vegetale,322.0,4.4,9.0,49.9
14148,"Nugget, vegano, a base di proteine vegetali, crudo",,"Alimenti proteici a base vegetale e alternative ai prodotti animali/Sostituti della carne, prodotti a base di carne, pesce o uova",250.0,10.9,19.7,15.5
14149,"Salsiccia, vegana, a base di tofu o di proteine di soia",,"Alimenti proteici a base vegetale e alternative ai prodotti animali/Sostituti della carne, prodotti a base di carne, pesce o uova",229.0,16.3,5.7,13.4
14150,"Salsiccia, vegana, a base di seitan o di proteine del grano",,"Alimenti proteici a base vegetale e alternative ai prodotti animali/Sostituti della carne, prodotti a base di carne, pesce o uova",250.0,10.5,7.5,29.1
14151,Sostituto del formaggio a base di olio di cocco e amido,,Alimenti proteici a base vegetale e alternative ai prodotti animali/Altri sostituti del latte,272.0,20.1,21.2,0.5
14152,"Sostituto del formaggio, a base di anacardi",,Alimenti proteici a base vegetale e alternative ai prodotti animali/Altri sostituti del latte,442.0,35.3,15.2,14.5
14153,"Fiocchi di cereali croccanti, a base di frumento integrale e riso, con cioccolato",,"Pane, fiocchi e cereali per la prima colazione/Mix di muesli e cereali per la prima colazione",408.0,6.6,76.2,8.1
14154,"Fiocchi di cereali croccanti, a base di frumento integrale e riso, con frutti rossi",,"Pane, fiocchi e cereali per la prima colazione/Mix di muesli e cereali per la prima colazione",379.0,1.6,79.5,8.4
14158,"Pasta per pizza (con olio di oliva), cotta al forno",,"Prodotti a base di cereali, legumi e patate/Paste",266.0,4.1,47.9,8.2
14160,"Edamame (fagioli di soia, immaturi), decorticato, congelato",,Verdure/Verdure surgelate,143.0,7.4,5.1,11.5
14161,"Asparago, bianco, crudo",Asparagi,Verdure/Verdure fresche,26.0,0.3,2.5,2.4
14162,"Asparago, verde, crudo",Asparagi,Verdure/Verdure fresche,26.0,0.3,3.1,1.9
14167,"Tofu, solido, al naturale (media), cotto in padella (senza aggiunta di grassi o sale)",,Alimenti proteici a base vegetale e alternative ai prodotti animali/Alimenti proteici a base vegetale,168.0,8.9,3.6,18.0
14168,"Tofu, affumicato (media), cotto in padella (senza aggiunta di grassi o sale)",,Alimenti proteici a base vegetale e alternative ai prodotti animali/Alimenti proteici a base vegetale,163.0,8.8,3.2,17.5
14170,"Sostituto dello yogurt, a base di cocco, naturale",,Alimenti proteici a base vegetale e alternative ai prodotti animali/Altri sostituti del latte,92.0,7.6,5.0,0.7
14171,"Sostituto dello yogurt, a base di mandorla, naturale",,Alimenti proteici a base vegetale e alternative ai prodotti animali/Altri sostituti del latte,60.0,4.0,4.8,1.3
14172,"Sostituto dello yogurt, a base di cocco, con frutta o aromi, con zucchero",,Alimenti proteici a base vegetale e alternative ai prodotti animali/Altri sostituti del latte,107.0,5.9,12.3,0.7
14174,"Sostituto dello yogurt, a base di mandorla, con frutta o aromi, con zucchero",,Alimenti proteici a base vegetale e alternative ai prodotti animali/Altri sostituti del latte,99.0,5.4,10.3,2.3
14180,"Spätzli, cotti, sgocciolati, fatto in casa",,"Prodotti a base di cereali, legumi e patate/Altri prodotti a base di cereali",146.0,2.3,24.2,6.7
14183,Salsiccia di vitello (senza aggiunta di grassi o sale),,Prodotti carnei e insaccati/Salsicce scottate,232.0,19.4,1.3,13.0
14184,"Spätzli, arrostiti con burro",,"Prodotti a base di cereali, legumi e patate/Altri prodotti a base di cereali",199.0,6.9,26.2,7.3
14191,"Couscous (granelli di semola di grano duro precotta), cotto (senza aggiunta di grassi o sale)",,"Prodotti a base di cereali, legumi e patate/Altri prodotti a base di cereali",158.0,1.0,31.0,5.0
14192,"Grano duro, grano precotto e decorticato, cotto (senza aggiunta di grassi o sale)",,"Prodotti a base di cereali, legumi e patate/Altri prodotti a base di cereali",149.0,0.9,27.4,5.9
14193,"Verdura (media), cotta",,Verdure/Verdure cotte (incl. conserve),28.0,0.3,4.0,1.2
14197,"Gnocchi di patate, cotti",,"Prodotti a base di cereali, legumi e patate/Patate e altri tuberi amidacei",177.0,2.1,33.6,5.0
14198,"Spätzli, arrostiti (senza aggiunta di grassi o sale)",,"Prodotti a base di cereali, legumi e patate/Altri prodotti a base di cereali",168.0,2.6,27.8,7.7
14200,"Orzo perlato, cotto in acqua salata (sale non iodato)",,"Prodotti a base di cereali, legumi e patate/Altri prodotti a base di cereali",134.0,0.8,25.5,3.6
14204,"Yogurt alla panna, al naturale",,Latte e prodotti di latte/Yogurt e latte acidulato,114.0,9.2,4.3,3.6
14205,"Yogurt alla panna, alla frutta o aromatizzato, zuccherato",,Latte e prodotti di latte/Yogurt e latte acidulato,138.0,8.3,12.5,3.3
14206,"Gelato alla panna, con aromi",,Dolciumi/Gelati a base di latte,278.0,17.9,24.2,4.1
14207,"Preparato di formaggio fresco, spalmabile (~20% di grassi), naturale",,Latte e prodotti di latte/Prodotti di formaggio,226.0,21.2,1.4,7.5
14208,"Pasta per flammkuchen, cotta al forno",,"Prodotti a base di cereali, legumi e patate/Paste",257.0,3.4,46.3,8.7
14213,Grissini,,Snack salati/Altri snack salati,424.0,10.1,69.9,11.8
14214,"Bevanda al cacao, con zucchero, polvere",,Dolciumi/Cioccolato e prodotti a base di cacao,386.0,3.4,78.5,6.5
14219,"Pisello, surgelato",,Verdure/Verdure surgelate,81.0,0.7,10.8,5.3
14220,"Bevanda al cacao, con zucchero, preparata (con latte)",,Bevande analcoliche/Bevande al cacao;Latte e prodotti di latte/Bevande a base di latte e yogurt,81.0,3.0,10.0,3.4
14221,Salsiccia viennese in crosta,Wienerli in crosta,Cibi/Fast Food,279.0,20.1,13.5,10.7
14223,"Bevanda a base di soia, al cioccolato",,Alimenti proteici a base vegetale e alternative ai prodotti animali/Bevande a base vegetale,76.0,2.6,8.5,3.8
14230,"Torta al cioccolato, morbida, fatta in casa",,"Dolciumi/Dolci, torte e cake",503.0,32.8,44.6,6.3
14231,Torta al limone,,"Dolciumi/Dolci, torte e cake",257.0,11.8,31.1,6.3
14233,"Ciambella, al cioccolato",,Dolciumi/Altre pasticceri dolci,364.0,17.6,44.0,6.4
14237,"Manzo, carne macinata, cruda",Trito,Carne e frattaglie/Manzo,208.0,14.6,0.0,19.2
14238,"Arachide, tostata, senza sale",,Snack salati/Noci e semi salati,637.0,51.9,11.3,26.8
14239,"Zenzero, radice, crudo",,"Diversi/Sale, spezie e aromi",33.0,1.1,3.4,1.1
14240,"Spinaci alla panna, cotti",,Verdure/Verdure surgelate,65.0,3.8,4.0,2.9
14248,Sformato di semolino con zucchero,,Dolciumi/Creme e budini,118.0,2.9,18.2,4.4
14250,"Burger (solo la carne, manzo), fatto in casa, grigliato (senza aggiunta di grassi)",,Carne e frattaglie/Manzo,208.0,12.0,6.5,18.3
14251,"Tempeh, al naturale",,Alimenti proteici a base vegetale e alternative ai prodotti animali/Alimenti proteici a base vegetale,157.0,4.7,7.9,17.6
14255,"Risotto con formaggio, fatto in casa",,"Prodotti a base di cereali, legumi e patate/Riso",144.0,3.7,23.2,4.2
14258,"Patata, con buccia, cotta al forno (senza aggiunta di grassi o sale)",,"Prodotti a base di cereali, legumi e patate/Patate e altri tuberi amidacei",100.0,0.2,20.7,2.5
14259,"Patata novella, con buccia, bollita (senza sale)",,"Prodotti a base di cereali, legumi e patate/Patate e altri tuberi amidacei",66.0,0.1,13.6,1.8
14262,"Patata dolce, cotta al forno (senza aggiunta di grassi o sale)",,"Prodotti a base di cereali, legumi e patate/Patate e altri tuberi amidacei",100.0,0.1,21.1,1.9
14266,"Omelette tipo ""crêpes"" con purea di mele, preparata",,Cibi/Altri cibi dolci,112.0,3.2,16.7,3.5
14267,Arachide ricoperta di cioccolato,,Dolciumi/Altri dolciumi,498.0,25.0,55.9,9.5
14269,"Rosmarino, secco",,Verdure/Erbe aromatiche,328.0,15.2,21.5,4.9
14270,Torta di frutta,,"Dolciumi/Dolci, torte e cake",203.0,8.7,26.8,3.6
14273,"Salsa per insalata, con yogurt, fatta in casa",,Grassi e oli/Salse per insalate,283.0,26.9,7.9,2.2
14277,"Galletta di riso integrale, con copertura dolce",,"Pane, fiocchi e cereali per la prima colazione/Pane croccante, fette biscottate, cracker e gallette",500.0,23.9,63.6,6.1
14278,"Galletta di riso integrale, con miele o frutta",,"Pane, fiocchi e cereali per la prima colazione/Pane croccante, fette biscottate, cracker e gallette",379.0,2.4,81.0,6.6
14280,"Tartare di manzo, preparato",,Carne e frattaglie/Manzo,126.0,5.2,3.2,16.1
14281,"Scalogno, crudo",,Verdure/Verdure fresche,66.0,0.5,12.2,1.8
14282,"Capperi, sottaceto",,Verdure/Verdure cotte (incl. conserve),38.0,0.9,3.5,2.2
14286,Torta di Linz,,"Dolciumi/Dolci, torte e cake",442.0,22.1,52.3,7.1
14287,Panpepato,,Dolciumi/Altre pasticceri dolci,326.0,1.3,68.7,7.0
14288,Marzapane,,Dolciumi/Altri dolciumi,472.0,18.5,65.2,9.1
14289,"Meringa, guscio",,Dolciumi/Altri dolciumi,391.0,0.0,92.3,5.5
14290,"Cordon bleu di pollo, saltato in padella",,Carne e frattaglie/Pollame,238.0,10.6,10.2,25.2
14291,"Petto di tacchino, salato, cotto, a fette",,Prodotti carnei e insaccati/Insaccati cotti,100.0,1.7,0.0,20.9
14292,"Guacamole, fatto a casa",,Diversi/Salse,139.0,12.9,1.7,1.6
14293,"Gambero, sgusciato, cotto",,Pesce/Frutti di mare e crostacei,86.0,1.1,0.0,19.0
14294,Bastoncini alle nocciole,,Dolciumi/Biscotti,454.0,19.2,57.6,10.7
14295,Amaretti (morbidi),,Dolciumi/Biscotti,464.0,21.3,53.5,12.4
14296,"Salatini tipo sils, secchi (bretzel, sticks)",,Snack salati/Bastonicini salati e brezel,388.0,4.3,73.7,11.5
14297,"Burro, salato",,Grassi e oli/Grassi,732.0,80.7,0.7,0.7
14298,"Gallette di mais, naturali",,"Pane, fiocchi e cereali per la prima colazione/Pane croccante, fette biscottate, cracker e gallette",387.0,1.9,83.5,7.4
14300,Purea di marroni (per vermicelles),,Dolciumi/Altri dolciumi,219.0,1.4,47.0,2.1
14301,"Castagna, arrostita",,"Noci, semi e frutti oleosi",210.0,1.7,41.1,3.9
14302,"Mousse al cioccolato, fatta in casa",,Cibi/Altri cibi dolci,338.0,24.7,23.1,5.2
14303,Dolcetti al cocco,,Dolciumi/Biscotti,474.0,22.6,57.4,5.8
14304,Cialda ripiena et ricoperta di cioccolato,,Dolciumi/Biscotti,534.0,30.5,56.6,6.6
