fdc_id,name_it
167512,"Pillsbury Golden Layer Buttermilk Biscuits, aroma artificiale, impasto refrigerato"
167513,"Pillsbury, girelle alla cannella con glassa, impasto refrigerato"
167514,"Kraft Foods, Shake N Bake Original Recipe, impanatura per maiale, secco"
167515,"George Weston Bakeries, Thomas English Muffins"
167516,"Waffle, latticello, surgelato, pronto da riscaldare"
167517,"Waffle, latticello, surgelato, pronto da riscaldare, tostato"
167518,"Waffle, latticello, surgelato, pronto da riscaldare, al microonde"
167519,"Waffle, naturale, surgelato, pronto da riscaldare, microonde"
167520,"Base per torta, tipo biscotto, Cracker graham, base pronta"
167521,"Base per torta, tipo biscotto, cioccolato, base pronta"
167522,"Torta ripiena, di mele olandese, di produzione industriale"
167523,"Base per torta, alta (deep dish), surgelato, non cotto, con farina arricchita"
167524,"Waffle, con gocce di cioccolato, surgelato, pronto da riscaldare"
167525,"Gusci per tostada, mais"
167526,"Pane, dolce salvadoregno al formaggio (quesadilla salvadoreña)"
167527,"Pane, tipo pound cake, pan de torta salvadoregno"
167528,"Pasticceria, pastelitos di guava"
167529,"Cracker, snack, Goya Crackers"
167530,"Cracker, panna, Gamesa Sabrosas"
167531,"Cracker, panna, La Moderna Rikis Cream Crackers"
167532,"Pane, grano bianco"
167533,"Bagel, grano"
167534,"Bignè, éclair, ripieno di crema, glassato"
167535,"Tortilla, pronto da cuocere o friggere, farina, a lunga conservazione"
167536,"Snack, carne secca di manzo (jerky), tritato e ricomposto"
167537,"Snack, a base di mais, estruso, chips, naturale"
167538,"Snack, a base di mais, estruso, chips, gusto barbecue"
167539,"Snack, a base di mais, estruso, coni, naturale"
167540,"Snack, striscia di frutta essiccata, pezzi"
167541,"Snack, striscia di frutta essiccata, panini"
167542,"Snack, barrette di granola, duro, naturale"
167543,"Snack, barrette di granola, duro, mandorla"
167544,"Snack, barrette di granola, morbido, non ricoperto, uvetta"
167545,"Snack, barrette di granola, morbido, ricoperto, copertura di cioccolato al latte, con gocce di cioccolato"
167546,"Dolciumi, a nido d'ape, con burro di arachidi"
167547,"Snack, barrette di granola, morbido, ricoperto, copertura di cioccolato al latte, burro di arachidi"
167548,"Snack, barrette di granola, morbido, non ricoperto, burro di arachidi e gocce di cioccolato"
167549,"Snack, popcorn, scoppiato in olio, microonde, gusto normale, senza grassi trans"
167550,"Snack, popcorn, tortine"
167551,"Snack, popcorn, ricoperto di caramello, con arachidi"
167552,"Snack, popcorn, ricoperto di caramello, senza arachidi"
167553,"Snack, patatine in sacchetto, da patate disidratate, a ridotto contenuto di grassi"
167554,"Snack, patatine in sacchetto, da patate disidratate, gusto panna acida e cipolla"
167555,"Snack, pretzel, duro, naturale, salato"
167556,"Snack, pretzel, duro, copertura per dolci, gusto cioccolato"
167557,"Snack, gallette di riso, riso integrale, al sesamo"
167558,"Snack, tortilla chips, naturale, mais bianco, salato"
167559,"Snack, tortilla chips, formaggio nacho"
167560,"Snack, tortilla chips, gusto ranch"
167561,"Snack, mix di frutta secca, normale"
167562,"Dolciumi, ALMOND JOY Candy Bar"
167563,"Dolciumi, TWIZZLERS CHERRY BITES"
167564,"Dolciumi, NESTLE, BIT-O'-HONEY Candy Chews"
167565,"Dolciumi, NESTLE, BUTTERFINGER Bar"
167566,"Dolciumi, caramelle mou, rotolo al gusto cioccolato"
167567,"Cioccolato da cucina, non zuccherato, liquido"
167568,"Cioccolato da cucina, non zuccherato, quadrotti"
167569,"Dolciumi, copertura per dolci, yogurt"
167570,"Dolciumi, copertura per dolci, burro di arachidi"
167571,"Dolciumi, cioccolato bianco"
167572,"Gelati, vaniglia, leggero"
167573,"Gelati, vaniglia, ricco"
167574,"Dessert, flan, crème caramel, fatto in casa"
167575,"Gelati, vaniglia"
167576,"Gelati, vaniglia, leggero, soft"
167577,"Sorbetto cremoso (sherbet), arancia"
167578,"Dolciumi, fudge, burro di arachidi, fatto in casa"
167579,"Dolciumi, fudge, vaniglia, fatto in casa"
167580,"Dolciumi, fudge, vaniglia con frutta secca"
167581,"Dolciumi, NESTLE, GOOBERS Chocolate Covered Peanuts"
167582,"Dolciumi, NESTLE, BABY RUTH Bar"
167583,"Dolciumi, TWIZZLERS Strawberry Twists Candy"
167584,"Sciroppi, miscele da tavola, pancake, con burro"
167585,"Gelati, cioccolato, leggero"
167586,"Dolciumi, NESTLE, CHUNKY Bar"
167587,"Dolciumi, cioccolato al latte"
167588,"Budini, banana, preparato in polvere, istantaneo, preparato con latte parzialmente scremato"
167589,"Budini, banana, preparato in polvere, normale, preparato con latte parzialmente scremato"
167590,"Andrea's, panino morbido senza glutine"
167591,"Crunchmaster, cracker multicereali, cracker snack, senza glutine"
167592,"Glutino, biscotti senza glutine, crema cioccolato e vaniglia"
167593,"Glutino, biscotti senza glutine, crema alla vaniglia"
167594,"Pepperidge Farm, Goldfish, cracker da forno, originale"
167595,"Pepperidge Farm, Goldfish, cracker da forno, parmigiano"
167596,"Pepperidge Farm, Goldfish, cracker da forno, pizza"
167597,"Rudi's, Gluten-Free Bakery, Original Sandwich Bread"
167598,"Udi's, Senza glutine, Soft & Delicious White Sandwich Bread"
167599,"Udi's, Senza glutine, Soft & Hearty Whole Grain Bread"
167600,"Udi's, Senza glutine, panini integrali"
167601,"Van's, Senza glutine, Totally Original Pancakes"
167602,"Alghe, Canadian Cultivated EMI-TSUNOMATA, secco"
167603,"Alghe, Canadian Cultivated EMI-TSUNOMATA, reidratato"
167604,"Patate, patate rosolate, refrigerato, non preparato"
167605,"Patate, patate rosolate, refrigerato, preparato, in padella con olio di colza"
167606,"Patate dolci, fritto, surgelato come confezionato, sale aggiunto in lavorazione"
167607,"Alce, carne, crudo (nativi dell'Alaska)"
167608,"Radici di mashu, crudo (nativi dell'Alaska)"
167609,"Alce, fegato, brasato (nativi dell'Alaska)"
167610,"Foca, barbuta (Oogruk), carne, crudo (nativi dell'Alaska)"
167611,"Olio, foca barbuta (Oogruk) (nativi dell'Alaska)"
167612,"Oopah (tunicato), animale intero (nativi dell'Alaska)"
167613,"Gufo, cornuto, polpa, crudo (nativi dell'Alaska)"
167614,"Pesce, salmone, reale, chinook, affumicato e in scatola (nativi dell'Alaska)"
167615,"Pesce, salmone, reale, chinook, affumicato, in salamoia (nativi dell'Alaska)"
167616,"Pesce, salmone, reale, chinook, fegato (nativi dell'Alaska)"
167617,"Anatra, orco marino, ad ali bianche, carne (nativi dell'Alaska)"
167618,"Cetriolo di mare, yane (nativi dell'Alaska)"
167619,"Scoiattolo, macinato, carne (nativi dell'Alaska)"
167620,"Tè, della tundra, miscela di erbe e tè del Labrador (nativi dell'Alaska)"
167621,"Tricheco, carne, essiccato (nativi dell'Alaska)"
167622,"Cervo (selvaggina), sitka, crudo (nativi dell'Alaska)"
167623,"Balena, della Groenlandia, grasso sottocutaneo (blubber) (nativi dell'Alaska)"
167624,"Balena, della Groenlandia, pelle e grasso sottocutaneo (muktuk) (nativi dell'Alaska)"
167625,"Olio, balena, della Groenlandia (nativi dell'Alaska)"
167626,"Pesce, coregone, largo, fegato (nativi dell'Alaska)"
167627,"Polenta, mais blu con cenere (Navajo)"
167628,"Farina di mais, blu (Navajo)"
167629,"Melone, banana (Navajo)"
167630,Chilchen (bevanda di bacche rosse) (Navajo)
167631,"Mais, essiccato (Navajo)"
167632,"Zucca, indiano, cotto, lessato (Navajo)"
167633,"Pane, kneel down (Navajo)"
167634,"Montone, cotto, arrosto (Navajo)"
167635,"Pane fritto (frybread), con strutto (Navajo)"
167636,Tamales (Navajo)
167637,"Stufato, mais al vapore (Navajo)"
167638,"Pesce, halibut, crudo, con pelle (nativi dell'Alaska)"
167639,"Pesce, salmone, coho (argentato), crudo (nativi dell'Alaska)"
167640,"Mirtilli, selvatico, crudo (nativi dell'Alaska)"
167641,"Olio, foca macchiata (nativi dell'Alaska)"
167642,"Pesce, salmone, rosso, in scatola, senza lische (nativi dell'Alaska)"
167643,"Pesce, coregone, uova (nativi dell'Alaska)"
167644,"Caribù, carne di culatta, semi-essiccato (nativi dell'Alaska)"
167645,"Pesce, salmone, rosso, (salmone rosso), in scatola, affumicato (nativi dell'Alaska)"
167646,"Pesce, salmone, rosso, (salmone rosso), affumicato a caldo (nativi dell'Alaska)"
167647,"Pesce, salmone, reale, con pelle, affumicato a caldo, (nativi dell'Alaska)"
167648,"Pesce, sheefish, crudo (nativi dell'Alaska)"
167649,"Bufalo, ruspante, bistecca di fesa, crudo (Shoshone Bannock)"
167650,"Foca, barbuta (Oogruk), carne, parzialmente essiccato (nativi dell'Alaska)"
167651,"Bufalo, ruspante, bistecca di fesa, cotto (Shoshone Bannock)"
167652,"Wapiti, ruspante, arrosto, girello, crudo (Shoshone Bannock)"
167653,"Mais, essiccato, giallo (indiani delle Pianure del Nord)"
167654,"Eperlano, essiccato (nativi dell'Alaska)"
167655,"Pane fritto (frybread), con strutto (Apache)"
167656,Corned beef e patate in tortilla (Apache)
167657,"ON THE BORDER, taco morbido con manzo macinato, formaggio e lattuga"
167658,"Ristorante, messicano, taco morbido con manzo macinato, formaggio e lattuga"
167659,"Ristorante, latinoamericano, pollo e riso, piatto principale, preparato"
167660,"Ristorante, latinoamericano, empanadas, manzo, preparato"
167661,"Ristorante, latinoamericano, pupusas con fagioli"
167662,"Ristorante, latinoamericano, pupusas con formaggio"
167663,"Ristorante, latinoamericano, pupusas di maiale"
167664,"Ristorante, latinoamericano, tamale, mais"
167665,"Ristorante, messicano, riso alla spagnola"
167666,"Ristorante, messicano, fagioli rifritti"
167667,"Ristorante, cinese, involtini primavera, assortiti"
167668,"Ristorante, cinese, riso fritto, senza carne"
167669,"CRACKER BARREL, patate a spicchi fritte"
167670,"CRACKER BARREL, bistecca di scamone alla griglia"
167671,"CRACKER BARREL, piatto di maccheroni al formaggio, dal menu bambini"
167672,"DENNY'S, patatine fritte"
167673,"DENNY'S, bistecca di scamone"
167674,"Ristorante, cinese, pollo al limone"
167675,"Ristorante, cinese, pollo del generale Tso"
167676,"Ristorante, cinese, pollo kung pao"
167677,"Ristorante, cinese, lo mein di verdure, senza carne"
167678,"Ristorante, cinese, pollo e verdure"
167679,"Ristorante, cinese, pollo all'arancia"
167680,"Ristorante, italiano, spaghetti al ragù"
167681,"Bevande, bevanda al gusto di frutta, preparato in polvere, a basso contenuto calorico, con aspartame"
167682,"Pectina, liquido"
167683,"Gelati confezionati, tipo gelato, gelato alla vaniglia, leggero, senza zuccheri aggiunti, ricoperto di cioccolato"
167684,"Condimento cremoso, con panna acida e/o latticello e olio, a ridotto contenuto calorico"
167685,"Mortadella, manzo e maiale, a basso contenuto di grassi"
167686,"Dessert al latte, surgelato, senza grassi del latte, cioccolato"
167687,"Topping montato, surgelato, a basso contenuto di grassi"
167688,"Sostituto della panna, in polvere, leggero"
167689,"Dolciumi, MARS SNACKFOOD US, M&M's Peanut Butter Chocolate Candies"
167690,"Alimenti per l'infanzia, dessert di yogurt alla mela, omogeneizzato"
167691,"Crema spalmabile di olio vegetale e burro, a ridotto contenuto calorico"
167692,"Condimento per insalata, condimento al formaggio erborinato, leggero"
167693,"Condimento per insalata, condimento french, a ridotto contenuto calorico"
167694,"Salsiccia, tacchino e maiale, fresco, sfuso, hamburger o salsiccia, cotto"
167695,"Maionese, a base di tofu"
167696,"Würstel, manzo, a basso contenuto di grassi"
167697,"Latte, latticello, liquido, fermentato, a ridotto contenuto di grassi"
167698,"Salsicce di maiale e riso, da dorare e servire, cotto"
167699,"Condimento per insalata, condimento al formaggio erborinato, senza grassi"
167700,"Condimento per insalata, tipo maionese, senza grassi"
167701,"Dolciumi, MARS SNACKFOOD US, MILKY WAY Midnight Bar"
167702,"Olio, semi di lino, spremuto a freddo"
167703,"Formaggio, cottage, a basso contenuto di grassi, 1% di grassi, a ridotto contenuto di lattosio"
167704,"Condimento per insalata, bacon e pomodoro"
167705,"Formaggio, parmigiano, a basso contenuto di sodio"
167706,"Marmellate, confetture, marmellata di agrumi, a ridotto contenuto di zuccheri"
167707,"Bevande, bevanda al gusto di frutta, in polvere, ad alto contenuto di vitamina C con altre vitamine aggiunte, a basso contenuto calorico"
167708,"Succo di pomodoro e verdure, a basso contenuto di sodio"
167709,"Tacchino, ala, affumicato, cotto, con pelle, disossato"
167710,"Tacchino, fuso, affumicato, cotto, con pelle, disossato"
167711,"Bevande, Bevanda al gusto cioccolato, a base di siero e latte"
167712,"Maiale, stagionato, bacon, cotto, grigliato, in padella o arrosto, a ridotto contenuto di sodio"
167713,"Tacchino, carne bianca o scura, affumicato, cotto, senza pelle e osso"
167714,"Cuori di palma, crudo"
167715,"Cereali da colazione, POST, Shredded Wheat n' Bran, formato cucchiaio"
167716,"Formaggio, cottage, a basso contenuto di grassi, 1% di grassi, con verdure"
167717,Crema spalmabile di estratto di lievito
167718,"Alimenti per l'infanzia, succo, pera"
167719,"Pollo, senza carne, impanato, fritto"
167720,"Alimenti per l'infanzia, carne, manzo con verdure, per bambini piccoli"
167721,"Gelati confezionati, tipo succo, succo con panna"
167722,Yogurt di tofu
167723,"Bevanda alcolica, di riso (sake)"
167724,"Miglio, soffiato"
167725,"Cereali da colazione, OAT BRAN FLAKES, HEALTH VALLEY"
167726,"Alimenti per l'infanzia, yogurt alla frutta mista, omogeneizzato"
167727,"Bevande, ABBOTT, ENSURE PLUS, pronto da bere"
167728,"Alimenti per l'infanzia, riso e mele, secco"
167729,"Alimenti per l'infanzia, succo, mela e ciliegia"
167730,"Latte, imitazione, senza soia"
167731,"Alimenti per l'infanzia, cereali, riso con pere e mela, secco, istantaneo fortificato"
167732,"Alimenti per l'infanzia, banana senza tapioca, omogeneizzato"
167733,"Alimenti per l'infanzia, dessert banana e mela, omogeneizzato"
167734,"Barretta da colazione, base di corn flakes con frutta"
167735,"Formaggio, mozzarella, a basso contenuto di sodio"
167736,"Condimento tipo maionese, senza colesterolo"
167737,"Olio, mais, arachide, e oliva"
167738,"Ripieni per torta, mirtillo, in scatola"
167739,"Bevande, Preparato per cocktail, analcolico, concentrato, surgelato"
167740,"Budini, gusto cioccolato, a basso contenuto calorico, normale, preparato in polvere"
167741,"Budini, tutti i gusti tranne cioccolato, a basso contenuto calorico, normale, preparato in polvere"
167742,"Molluschi, capasanta, (di baia e di mare), cotto, al vapore"
167743,"Sciroppo, Canna da zucchero"
167744,"Molluschi, lumaca, crudo"
167745,"Tartaruga, verde, crudo"
167746,"Limoni, crudo, senza buccia"
167747,"Succo di limone, crudo"
167748,"Succo di limone da concentrato, in scatola o in bottiglia"
167749,"Scorza di limone, crudo"
167750,"Fichi d'India, crudo"
167751,"Prugne, secche (prugne), in umido, senza zuccheri aggiunti"
167752,"Prugne, secche (prugne), in umido, con zuccheri aggiunti"
167753,"Succo di prugna, in scatola"
167754,"Pomelo, crudo"
167755,"Lamponi, crudo"
167756,"Lamponi, in scatola, rosso, in sciroppo denso, solidi e liquidi"
167757,"Lamponi, surgelato, rosso, zuccherato"
167758,"Rabarbaro, crudo"
167759,"Sapodilla, crudo"
167760,"Sapote, mamey, crudo"
167761,"Graviola, crudo"
167762,"Fragole, crudo"
167763,"Tamarindo, crudo"
167764,"Macedonia, (ananas, papaia, banana e guava), tropicale, in scatola, sciroppo denso, solidi e liquidi"
167765,"Anguria, crudo"
167766,"Ciliegie al maraschino, in scatola, scolato"
167767,"Ananas, in scatola, nel proprio succo, scolato"
167768,"Albicocche, in scatola, sciroppo denso, scolato"
167769,"Ciliegie, aspro, in scatola, al naturale, scolato"
167770,"Ciliegie, dolce, in scatola, denocciolato, sciroppo denso, scolato"
167771,"Succo di mela, in scatola o in bottiglia, non zuccherato, con acido ascorbico aggiunto"
167772,"Purea di mele, in scatola, non zuccherato, con acido ascorbico aggiunto"
167773,"Purea di mele, in scatola, zuccherato, con sale"
167774,"Succo di pompelmo, rosa, crudo"
167775,"Succo di mela, concentrato surgelato, non zuccherato, diluito con 3 volumi d'acqua, con acido ascorbico aggiunto"
167776,"Pere, crudo, williams"
167777,"Pere, crudo, anjou rossa"
167778,"Pere, crudo, kaiser (bosc)"
167779,"Pere, crudo, anjou verde"
167780,Purea di prugne
167781,Frutta candita
167782,"Abiyuch, crudo"
167783,"Rowal, crudo"
167784,"Nettare di guava, in scatola, con acido ascorbico aggiunto"
167785,"Nettare di mango, in scatola"
167786,"Nettare di tamarindo, in scatola"
167787,"Succo di melograno, in bottiglia"
167788,"Nance, in scatola, sciroppo, scolato"
167789,"Nance, surgelato, non zuccherato"
167790,"Polpa di naranjilla (lulo), surgelato, non zuccherato"
167791,Kiwano
167792,Succo misto arancia e ananas
167793,"Mele, crudo, fuji, con buccia"
167794,"Succo d'arancia, refrigerato, anche da concentrato, con calcio e vitamine A aggiunti, D, E"
167795,"Frullato di succo di frutta, NAKED JUICE, MIGHTY MANGO"
167796,"Frullato di succo di frutta, NAKED JUICE, GREEN MACHINE"
167797,"Frullato di succo di frutta, BOLTHOUSE FARMS, BERRY BOOST"
167798,"Frullato di succo di frutta, BOLTHOUSE FARMS, GREEN GOODNESS"
167799,"Frullato di succo di frutta, BOLTHOUSE FARMS, fragola e banana"
167800,"Succo di mela, in scatola o in bottiglia, non zuccherato, con acido ascorbico aggiunto, calcio, e potassio"
167801,"Succo di limone da concentrato, in bottiglia, CONCORD"
167802,"Succo di limone da concentrato, in bottiglia, REAL LEMON"
167803,"Salsa di mirtilli rossi, intero, in scatola, OCEAN SPRAY"
167804,"Salsa di mirtilli rossi, in gelatina, in scatola, OCEAN SPRAY"
167805,"Succo misto di pompelmo Ruby Red (pompelmo, uva, mela), OCEAN SPRAY, in bottiglia, con vitamina C aggiunta"
167806,Polvere di baobab
167807,"Succo di ciliegia, aspro"
167808,"Lamponi, purea, senza semi"
167809,"Lamponi, purea, con semi"
167810,"Maiale, fresco, insieme di coscia rifilata, lombata, spalla, e costine, (inclusi i tagli da stagionare), magro e grasso, crudo"
167811,"Maiale, fresco, lardo, crudo"
167812,"Maiale, fresco, pancetta, crudo"
167813,"Maiale, fresco, grasso separabile, crudo"
167814,"Maiale, fresco, coscia (prosciutto), metà della culatta, magro e grasso, crudo"
167815,"Maiale, fresco, coscia (prosciutto), metà della culatta, magro e grasso, cotto, arrosto"
167816,"Maiale, fresco, coscia (prosciutto), metà della culatta, solo magro, crudo"
167817,"Maiale, fresco, coscia (prosciutto), metà della culatta, solo magro, cotto, arrosto"
167818,"Maiale, fresco, lombata, intero, magro e grasso, crudo"
167819,"Maiale, fresco, lombata, intero, magro e grasso, cotto, brasato"
167820,"Maiale, fresco, lombata, intero, magro e grasso, cotto, grigliato"
167821,"Maiale, fresco, lombata, intero, magro e grasso, cotto, arrosto"
167822,"Maiale, fresco, lombata, paletta (braciole o arrosti), con osso, magro e grasso, crudo"
167823,"Maiale, fresco, lombata, paletta (braciole), con osso, magro e grasso, cotto, brasato"
167824,"Maiale, fresco, lombata, paletta (braciole), con osso, magro e grasso, cotto, grigliato"
167825,"Maiale, fresco, lombata, paletta (arrosti), con osso, magro e grasso, cotto, arrosto"
167826,"Maiale, fresco, lombata, lombata centrale (braciole), con osso, magro e grasso, cotto, brasato"
167827,"Maiale, fresco, lombata, lombata centrale (braciole), con osso, magro e grasso, cotto, grigliato"
167828,"Maiale, fresco, lombata, lombata centrale (arrosti), con osso, magro e grasso, cotto, arrosto"
167829,"Maiale, fresco, lombata, lombata centrale (braciole), con osso, solo magro, crudo"
167830,"Maiale, fresco, lombata, carré centrale (braciole), con osso, magro e grasso, cotto, brasato"
167831,"Maiale, fresco, lombata, carré centrale (braciole), con osso, magro e grasso, cotto, grigliato"
167832,"Maiale, fresco, lombata, carré centrale (arrosti), con osso, magro e grasso, cotto, arrosto"
167833,"Maiale, fresco, lombata, carré centrale (braciole o arrosti), con osso, solo magro, crudo"
167834,"Maiale, fresco, lombata, scamone (braciole), con osso, magro e grasso, cotto, brasato"
167835,"Maiale, fresco, lombata, scamone (braciole), con osso, magro e grasso, cotto, grigliato"
167836,"Maiale, fresco, lombata, scamone (arrosti), con osso, magro e grasso, cotto, arrosto"
167837,"Maiale, fresco, lombata, scamone (braciole o arrosti), con osso, solo magro, crudo"
167838,"Maiale, fresco, lombata, scamone (braciole), con osso, solo magro, cotto, brasato"
167839,"Maiale, fresco, lombata, controfiletto (braciole), disossato, magro e grasso, crudo"
167840,"Maiale, fresco, lombata, controfiletto (braciole), disossato, magro e grasso, cotto, brasato"
167841,"Maiale, fresco, lombata, controfiletto (braciole), disossato, magro e grasso, cotto, grigliato"
167842,"Maiale, fresco, lombata, controfiletto (arrosti), disossato, magro e grasso, cotto, arrosto"
167843,"Maiale, fresco, spalla, intero, magro e grasso, crudo"
167844,"Maiale, fresco, spalla, intero, magro e grasso, cotto, arrosto"
167845,"Maiale, fresco, spalla, intero, solo magro, crudo"
167846,"Maiale, fresco, spalla, intero, solo magro, cotto, arrosto"
167847,"Maiale, fresco, spalla, spalla picnic, solo magro, cotto, brasato"
167848,"Maiale, fresco, spalla, spalla picnic, solo magro, cotto, arrosto"
167849,"Maiale, fresco, spalla, (capocollo), paletta (bistecche), magro e grasso, crudo"
167850,"Maiale, fresco, spalla, (capocollo), paletta (bistecche), magro e grasso, cotto, brasato"
167851,"Maiale, fresco, spalla, paletta, coppa (bistecche), magro e grasso, cotto, grigliato"
167852,"Maiale, fresco, spalla, paletta, coppa (arrosti), solo magro, cotto, arrosto"
167853,"Maiale, fresco, costine, magro e grasso, crudo"
167854,"Maiale, fresco, costine, magro e grasso, cotto, brasato"
167855,"Maiale, fresco, insieme di tagli rifilati (coscia, lombata e spalla), solo magro, cotto"
167856,"Maiale, fresco, frattaglie, budella, cotto, sobbollito"
167857,"Maiale, fresco, frattaglie, orecchie, surgelato, crudo"
167858,"Maiale, fresco, frattaglie, orecchie, surgelato, cotto, sobbollito"
167859,"Maiale, fresco, frattaglie, zampe, crudo"
167860,"Maiale, fresco, frattaglie, reni, cotto, brasato"
167861,"Maiale, fresco, frattaglie, sugna, crudo"
167862,"Maiale, fresco, frattaglie, fegato, crudo"
167863,"Maiale, fresco, frattaglie, fegato, cotto, brasato"
167864,"Maiale, fresco, frattaglie, polmoni, crudo"
167865,"Maiale, fresco, frattaglie, milza, crudo"
167866,"Maiale, fresco, frattaglie, milza, cotto, brasato"
167867,"Maiale, fresco, frattaglie, stomaco, crudo"
167868,"Maiale, fresco, lombata, paletta (braciole), con osso, solo magro, cotto, in padella"
167869,"Bacon canadese, non preparato"
167870,"Maiale, stagionato, zampe, sott'aceto"
167871,"Maiale, stagionato, prosciutto, disossato, extra magro (circa 5% grasso), arrosto"
167872,"Maiale, stagionato, prosciutto, disossato, normale (circa 11% grasso), arrosto"
167873,"Maiale, stagionato, prosciutto, hamburger, non riscaldato"
167874,"Maiale, stagionato, prosciutto, bistecca, disossato, extra magro, non riscaldato"
167875,"Maiale, stagionato, prosciutto, intero, magro e grasso, non riscaldato"
167876,"Maiale, stagionato, prosciutto, intero, solo magro, non riscaldato"
167877,"Maiale, stagionato, grasso separabile (da coscia e spalla), non riscaldato"
167878,"Maiale, stagionato, grasso separabile (da coscia e spalla), arrosto"
167879,"Maiale, stagionato, spalla, spalla picnic, magro e grasso, arrosto"
167880,"Maiale, stagionato, spalla, spalla picnic, solo magro, arrosto"
167881,"Maiale, fresco, frattaglie, coda, cotto, sobbollito"
167882,"Maiale, fresco, lombata, lombata centrale (braciole), con osso, solo magro, cotto, in padella"
167883,"Maiale, fresco, lombata, carré centrale (braciole), con osso, solo magro, cotto, in padella"
167884,"Maiale, fresco, lombata, paletta (braciole), con osso, magro e grasso, cotto, in padella"
167885,"Maiale, stagionato, prosciutto, extra magro e normale, in scatola, non riscaldato"
167886,"Maiale, stagionato, prosciutto, extra magro e normale, in scatola, arrosto"
167887,"Maiale, fresco, lombata, controfiletto (braciole), disossato, magro e grasso, cotto, in padella"
167888,"Maiale, fresco, insieme di tagli rifilati (coscia, lombata, spalla e costine), magro e grasso, crudo"
167889,"Maiale, fresco, lombata, carré centrale (braciole o arrosti), disossato, magro e grasso, crudo"
167890,"Maiale, fresco, lombata, carré centrale (braciole), disossato, magro e grasso, cotto, brasato"
167891,"Maiale, fresco, lombata, carré centrale (braciole), disossato, magro e grasso, cotto, grigliato"
167892,"Maiale, fresco, lombata, carré centrale (braciole), disossato, magro e grasso, cotto, in padella"
167893,"Maiale, fresco, lombata, carré centrale (braciole), disossato, solo magro, cotto, in padella"
167894,"Maiale, fresco, lombata, carré centrale (arrosti), disossato, solo magro, cotto, arrosto"
167895,"Maiale, fresco, lombata, costine stile country, magro e grasso, crudo"
167896,"Maiale, fresco, lombata, costine stile country, magro e grasso, cotto, brasato"
167897,"Maiale, fresco, lombata, costine stile country, magro e grasso, con osso, cotto, arrosto"
167898,"Maiale, fresco, lombata, scamone (braciole), disossato, magro e grasso, cotto, brasato"
167899,"Maiale, fresco, lombata, scamone (braciole), disossato, magro e grasso, cotto, grigliato"
167900,"Maiale, fresco, lombata, scamone (arrosti), disossato, magro e grasso, cotto, arrosto"
167901,"Maiale, fresco, lombata, scamone (braciole o arrosti), disossato, solo magro, crudo"
167902,"Maiale, fresco, macinato, crudo"
167903,"Maiale, fresco, macinato, cotto"
167904,"Maiale, fresco, lombata, filetto, magro e grasso, cotto, grigliato"
167905,"Maiale, fresco, lombata, filetto, magro e grasso, cotto, arrosto"
167906,"Maiale, fresco, insieme di tagli rifilati (lombata e paletta), magro e grasso, cotto"
167907,"Maiale, fresco, insieme di tagli rifilati (lombata e paletta), solo magro, crudo"
167908,"Maiale, fresco, insieme di tagli rifilati (lombata e paletta), solo magro, cotto"
167909,"HORMEL, Cure 81 Ham"
167910,"HORMEL ALWAYS TENDER, Filetto di maiale, gusto teriyaki"
167911,HORMEL Canadian Style Bacon
167912,"Maiale, fresco, lombata, controfiletto (braciole), disossato, solo magro, con soluzione aggiunta, cotto, in padella senza grassi"
167913,"Maiale, fresco, lombata, controfiletto (braciole), disossato, magro e grasso, con soluzione aggiunta, cotto, in padella senza grassi"
167914,"Maiale, stagionato, bacon, cotto, al forno"
167915,"Maiale, stagionato, prosciutto cotto con acqua aggiunta, culatta, con osso, solo magro, riscaldato, arrosto"
167916,"Maiale, stagionato, prosciutto cotto con acqua aggiunta, culatta, con osso, solo magro, non riscaldato"
167917,"Maiale, stagionato, prosciutto cotto con acqua aggiunta, stinco, con osso, solo magro, riscaldato, arrosto"
167918,"Maiale, stagionato, prosciutto cotto con acqua aggiunta, fetta, con osso, solo magro, riscaldato, in padella senza grassi"
167919,"Maiale, stagionato, prosciutto cotto nei suoi succhi, culatta, con osso, solo magro, riscaldato, arrosto"
167920,"Maiale, stagionato, prosciutto cotto nei suoi succhi, stinco, con osso, solo magro, riscaldato, arrosto"
167921,"Pillsbury Grands, biscuit al latticello, impasto refrigerato"
167922,"Heinz, Weight Watcher, éclair al cioccolato, surgelato"
167923,"Interstate Brands Corp, Wonder Hamburger Rolls"
167924,"Nabisco, Nabisco Snackwell's Fat Free Devil's Food Cookie Cakes"
167925,"Cracker, formaggio, tipo sandwich con ripieno al formaggio"
167926,"Pancake, naturale, surgelato, pronto da riscaldare, microonde (incluso al latticello)"
167927,"Merendine da tostapane, frutta, glassato (incluso mele, mirtillo, ciliegia, fragola)"
167928,"Merendine da tostapane, frutta, tostato (incluso mela, mirtillo, ciliegia, fragola)"
167929,"Muffin, mirtillo, di produzione industriale, a basso contenuto di grassi"
167930,"Base per torta, refrigerato, normale, al forno"
167931,"Base per torta, alta (deep dish), surgelato, al forno, con farina arricchita"
167932,"Base per torta, refrigerato, normale, non cotto"
167933,"Cracker, integrale, a ridotto contenuto di grassi"
167934,"Cracker, grano, a ridotto contenuto di grassi"
167935,"Pane, pan dulce, pane dolce lievitato"
167936,"Keikitos (muffin), prodotto da forno latinoamericano"
167937,"Torta, pound, Bimbo Bakeries USA, Panque Casero, stile casalingo"
167938,"Pan dulce, La Ricura, Salpora de Arroz con Azucar, tipo biscotto, contiene farina di grano e di riso"
167939,"Pane all'aglio, surgelato"
167940,"Girelle alla cannella, glassato (incluse honey buns)"
167941,"Cracker, formaggio, a ridotto contenuto di grassi"
167942,"Cracker, saltine, integrale (incluso multicereali)"
167943,"Pane, patata"
167944,"Pane, formaggio"
167945,"Focaccia, pane piatto italiano, naturale"
167946,"SCHIFF, TIGER'S MILK BAR"
167947,"Dolciumi, TOBLERONE, cioccolato al latte con torrone al miele e mandorle"
167948,"Snack, a base di mais, estruso, gusto cipolla"
167949,"Snack, a base di mais, estruso, soffiati o intrecciati, gusto formaggio"
167950,"Snack, KRAFT, CORNNUTS, naturale"
167951,"Snack, barretta di riso soffiato, con gocce di cioccolato"
167952,"Snack, barrette di granola, duro, con gocce di cioccolato"
167953,Sciroppo di frutta
167954,"Snack, barrette di granola, morbido, non ricoperto, naturale"
167955,"Snack, barrette di granola, morbido, non ricoperto, burro di arachidi"
167956,"Topping, SMUCKER'S MAGIC SHELL"
167957,"Sciroppo, al gusto di frutta"
167958,"Snack, mix orientale, a base di riso"
167959,"Snack, popcorn, scoppiato ad aria"
167960,"Snack, popcorn, gusto formaggio"
167961,"Snack, cotenne di maiale, naturale"
167962,"Snack, patatine in sacchetto, gusto barbecue"
167963,"Snack, patatine in sacchetto, gusto panna acida e cipolla"
167964,"Snack, M&M MARS, COMBOS Snacks Cheddar Cheese Pretzel"
167965,"Snack, pretzel, duro, integrale, salato e non salato"
167966,"Snack, cracker di riso integrale, naturale"
167967,"Snack, gallette di riso, riso integrale, grano saraceno"
167968,"Snack, mix di frutta secca, tropicale"
167969,"Snack, mix di frutta secca, normale, con gocce di cioccolato, frutta secca e semi salati"
167970,"Snack, tortilla chips, gusto taco"
167971,"Dolciumi, TOOTSIE ROLL, rotolo al gusto cioccolato"
167972,"Dolciumi, butterscotch"
167973,"Dolciumi, carruba, non zuccherato"
167974,"Dolciumi, caramelle mou"
167975,"Dolciumi, CARAMELLO Candy Bar"
167976,"Dolciumi, cioccolato fondente"
167977,"Dolciumi, cioccolato dolce"
167978,"Dolciumi, fondente ricoperto di cioccolato dolce"
167979,"Dolciumi, HERSHEY'S GOLDEN ALMOND SOLITAIRES"
167980,"Dolciumi, copertura per dolci, butterscotch"
167981,"Gelati, vaniglia francese, soft"
167982,"Dolciumi, YORK Peppermint Pattie"
167983,"Dolciumi, TWIZZLERS NIBS CHERRY BITS"
167984,"Dolciumi, SYMPHONY Milk Chocolate Bar"
167985,"Dolciumi, 5TH AVENUE Candy Bar"
167986,"Dolciumi, fondente di zucchero, fatto in casa"
167987,"Dolciumi, fudge, cioccolato, fatto in casa"
167988,"Dolciumi, fudge, cioccolato, con frutta secca, fatto in casa"
167989,"Dolciumi, caramelle gommose, caramelle gelatinose all'amido"
167990,"Dolciumi, duro"
167991,"Dolciumi, jelly bean"
167992,"Dolciumi, KIT KAT Wafer Bar"
167993,"Dolciumi, KRACKEL Chocolate Bar"
167994,"Dolciumi, MARS SNACKFOOD US, MARS Almond Bar"
167995,"Dolciumi, marshmallow"
167996,"Dolciumi, halva, naturale"
167997,"Dolciumi, NESTLE, OH HENRY! Bar"
167998,"Budini, cioccolato, preparato in polvere, istantaneo, preparato con latte parzialmente scremato"
167999,"Cioccolato da cucina, messicano, quadrotti"
168000,Crema spalmabile alle nocciole e cacao
168001,"Dolciumi, arachidi ricoperte di cioccolato al latte"
168002,"Glutino, wafer senza glutine, gusto limone"
168003,"Glutino, wafer senza glutine, cioccolato al latte"
168004,"Mary's Gone Crackers, Original Crackers, biologico senza glutine"
168005,"Pepperidge Farm, Goldfish, cracker da forno, cheddar"
168006,"Pepperidge Farm, Goldfish, cracker da forno, Explosive Pizza"
168007,"Sage Valley, biscotti ripieni alla vaniglia senza glutine"
168008,"Schar, senza glutine, Classic White Rolls"
168009,"Schar, senza glutine, senza grano, Classic White Bread"
168010,"Udi's, Senza glutine, Classic French Dinner Rolls"
168011,"Van's, Senza glutine, Totally Original Waffles"
168012,"Van's, The Perfect 10, Crispy Six Whole Grain + Four Seed Baked Crackers, Senza glutine"
168013,"Pane, multicereali (incluso integrale)"
168014,"Biscotti, biscotti animaletti (inclusi arrowroot e biscotti da tè)"
168015,"Patate dolci, fritto, taglio trasversale, surgelato, non preparato"
168016,"Crocchette di patata dolce, surgelato, non preparato"
168017,"Noci di topo (Alaska), radici (nativi dell'Alaska)"
168018,"Noci di topo (Alaska), piantine (nativi dell'Alaska)"
168019,Polpo (nativi dell'Alaska)
168020,"Foca, barbuta (Oogruk), carne, essiccato (nativi dell'Alaska)"
168021,"Pesce, luccio, del nord, fegato (nativi dell'Alaska)"
168022,"Rabarbaro, selvatico, foglie (nativi dell'Alaska)"
168023,"Pesce, salmone, tipnuk, fermentato (nativi dell'Alaska)"
168024,"Pesce, salmone, reale, chinook, affumicato a caldo, in scatola (nativi dell'Alaska)"
168025,"Foca, dagli anelli, carne (nativi dell'Alaska)"
168026,"Foca, dagli anelli, fegato (nativi dell'Alaska)"
168027,"Zuppa, pesce, fatto in casa (nativi dell'Alaska)"
168028,"Romice, foglie giovani (nativi dell'Alaska)"
168029,"Tricheco, carne, crudo (nativi dell'Alaska)"
168030,"Tricheco, carne e grasso sottocutaneo crudi (nativi dell'Alaska)"
168031,"Tricheco, fegato, crudo (nativi dell'Alaska)"
168032,"Olio, tricheco (nativi dell'Alaska)"
168033,"Pesce, coregone, specie miste, crudo (nativi dell'Alaska)"
168034,"Pesce, coregone, largo, testa, occhi, guance e ossa morbide (nativi dell'Alaska)"
168035,"Salice, foglie sott'olio (nativi dell'Alaska)"
168036,"Salice, foglie giovani, tritato (nativi dell'Alaska)"
168037,"Mais, bianco, al vapore (Navajo)"
168038,"Farina di mais, bianco (Navajo)"
168039,"Farina di mais, giallo (Navajo)"
168040,"Zucca, indiano, crudo (Navajo)"
168041,"Tortilla, semplice e da panino al montone (Navajo)"
168042,"Stufato, gnocco con montone (Navajo)"
168043,"Stufato, mais nixtamalizzato con montone (Navajo)"
168044,"Stufato, montone, mais, zucca (Navajo)"
168045,"Pesce, salmone, sockeye (rosso), crudo (nativi dell'Alaska)"
168046,"Pesce, salmone, salmone keta, crudo (nativi dell'Alaska)"
168047,"Pesce, salmone, reale (chinook), crudo (nativi dell'Alaska)"
168048,"Lamponi artici (salmonberry), crudo (nativi dell'Alaska)"
168049,"Caribù, carne di spalla, essiccato (nativi dell'Alaska)"
168050,"Caribù, carne del quarto posteriore, crudo (nativi dell'Alaska)"
168051,"Foca, barbuta (Oogruk), carne, essiccato, sott'olio (nativi dell'Alaska)"
168052,"Pesce, coregone, essiccato (nativi dell'Alaska)"
168053,"Foca, barbuta (Oogruk), carne, quarto inferiore, crudo (nativi dell'Alaska)"
168054,"Pesce, salmone, salmone keta, essiccato (nativi dell'Alaska)"
168055,"Wapiti, ruspante, macinato, polpette cotte (Shoshone Bannock)"
168056,"Wapiti, ruspante, macinato, crudo (Shoshone Bannock)"
168057,"Wapiti, ruspante, arrosto, girello, cotto (Shoshone Bannock)"
168058,"Ciliegie di Virginia, crudo, denocciolato (Shoshone Bannock)"
168059,"Trota steelhead, essiccato, polpa (Shoshone Bannock)"
168060,"Trota steelhead, lessato, in scatola (nativi dell'Alaska)"
168061,Stufato di ghiande (Apache)
168062,"Ristorante, italiano, pollo alla parmigiana senza pasta"
168063,"Ristorante, latinoamericano, arroz con leche (budino di riso)"
168064,"Ristorante, latinoamericano, Arroz con frijoles negros (riso e fagioli neri)"
168065,"Ristorante, latinoamericano, Arroz con habichuelas colorados (riso e fagioli rossi)"
168066,"Ristorante, latinoamericano, Arroz con gandules (riso e cajanus)"
168067,"Ristorante, latinoamericano, tamale, maiale"
168068,"Ristorante, latinoamericano, zuppa di fagioli neri"
168069,"Ristorante, latinoamericano, zuppa di trippa"
168070,"Ristorante, latinoamericano, arepa (pane di mais non lievitato)"
168071,"Ristorante, latinoamericano, buñuelos (pane lievitato fritto)"
168072,"Ristorante, cinese, manzo e verdure"
168073,"CRACKER BARREL, piatto di filetti di pollo, fritto, dal menu bambini"
168074,"CRACKER BARREL, piatto di gamberetti fritti"
168075,"CRACKER BARREL, piatto di pesce gatto d'allevamento"
168076,"DENNY'S, bastoncini di mozzarella"
168077,"DENNY'S, gamberetti dorati fritti"
168078,"DENNY'S, maccheroni al formaggio, dal menu bambini"
168079,"DENNY'S, nuggets di pollo, a forma di stella, dal menu bambini"
168080,"Ristorante, cinese, gamberetti e verdure"
168081,"Ristorante, cinese, pollo in agrodolce"
168082,"Ristorante, cinese, maiale in agrodolce"
168083,"Ristorante, cinese, chow mein di pollo"
168084,"Ristorante, cinese, chow mein di verdure, senza carne né noodle"
168085,"OLIVE GARDEN, spaghetti al ragù"
168086,"CARRABBA'S ITALIAN GRILL, spaghetti al ragù"
168087,"Ristorante, cinese, pollo al sesamo"
168088,"Sciroppi, granatina"
168089,"Formaggio analogo, americano o cheddar, a basso contenuto di colesterolo"
168090,"Alimenti per l'infanzia, succo di banana con yogurt magro"
168091,"Alimenti per l'infanzia, succo di frutta mista con yogurt magro"
168092,"Prosciutto, tacchino, a fette, extra magro, preconfezionato o da banco"
168093,"Condimento per insalata, condimento al pepe in grani, commerciale, normale"
168094,"Maionese, ipocalorico o dietetico, senza colesterolo"
168095,"Barretta di granola, morbido, ricoperto di cioccolato al latte, burro di arachidi"
168096,"Condimento per insalata, condimento all'italiana, a ridotto contenuto calorico"
168097,"Sostituto della panna, liquido, leggero"
168098,"Formaggio, monterey, a basso contenuto di grassi"
168099,"Condimento cremoso, con panna acida e/o latticello e olio, a ridotto contenuto calorico, senza grassi"
168100,"Condimento cremoso, con panna acida e/o latticello e olio, a ridotto contenuto calorico, senza colesterolo"
168101,"Mortadella, manzo, a basso contenuto di grassi"
168102,"Dolciumi, MARS SNACKFOOD US, TWIX chocolate fudge cookie bars"
168103,"Yogurt gelato, cioccolato, latte scremato, dolcificato senza zucchero"
168104,"Yogurt gelato, cioccolato"
168105,"Yogurt gelato, gusti diversi dal cioccolato"
168106,Papad
168107,"Galletta di riso, cracker (incluse mini gallette di riso)"
168108,"Dolciumi, MARS SNACKFOOD US, M&M's Almond Chocolate Candies"
168109,"Condimento per insalata, insalata di cavolo, a ridotto contenuto di grassi"
168110,"Maiale, stagionato, prosciutto, a basso contenuto di sodio, magro e grasso, cotto"
168111,"Maiale, stagionato, prosciutto, disossato, a basso contenuto di sodio, extra magro (circa 5% grasso), arrosto"
168112,"Condimento per insalata, maionese e tipo maionese, a basso contenuto calorico"
168113,"Gelati confezionati, tipo succo, arancia"
168114,"Formaggio, cottage, a basso contenuto di grassi, 1% di grassi, senza sodio aggiunto"
168115,"Maionese, a basso contenuto di sodio, ipocalorico o dietetico"
168116,"Snack, tortilla chips, non salato, mais bianco"
168117,"Succo di mirtillo rosso, non zuccherato"
168118,"Manzo, mortadella, a ridotto contenuto di sodio"
168119,"Cime di rapa, in scatola, senza sale aggiunto"
168120,"Tacchino, carne bianca o scura, affumicato, cotto, con pelle, disossato"
168121,"Formaggio, fuso, cheddar o americano, a basso contenuto di sodio"
168122,"Bevande, caffè, istantaneo, con sbiancante, a ridotto contenuto calorico"
168123,"Bevande, bevanda al succo di mirtillo rosso e mela, a basso contenuto calorico, con vitamina C aggiunta"
168124,"Formaggio, svizzero, a basso contenuto di sodio"
168125,"Alimenti per l'infanzia, pasto completo, maccheroni, manzo e salsa di pomodoro, per bambini piccoli"
168126,"Panini, pumpernickel"
168127,"Snack, a base di mais, estruso, chips, non salato"
168128,"Fagioli, al forno, in scatola, senza sale aggiunto"
168129,"Medusa, essiccato, salato"
168130,"Gelati confezionati, tipo gelato, ricoperto di cioccolato o caramello, con frutta secca"
168131,"Würstel, a basso contenuto di sodio"
168132,"Gelati confezionati, tipo ghiacciolo, pop, con dolcificante ipocalorico"
168133,"Alimenti per l'infanzia, dessert, yogurt alla pesca"
168134,"Alimenti per l'infanzia, dessert, yogurt al mirtillo, omogeneizzato"
168135,"Alimenti per l'infanzia, dessert, yogurt alla banana, omogeneizzato"
168136,"Gelati, cioccolato, ricco"
168137,"Snack, tortilla chips, light (cotto con meno olio)"
168138,"Cereali da colazione, POST, HONEY BUNCHES OF OATS, tostato al miele"
168139,"Popcorn, microonde, a basso contenuto di grassi e sodio"
168140,"Alimenti per l'infanzia, dessert alla frutta supreme"
168141,"Formaggio, svizzero, a basso contenuto di grassi"
168142,"Dolcificanti, da tavola, fruttosio, liquido"
168143,"Budini, gusto cioccolato, a basso contenuto calorico, istantaneo, preparato in polvere"
168144,"Alimenti per l'infanzia, succo d'uva, senza zucchero, in scatola"
168145,"Gelatine di frutta, a ridotto contenuto di zuccheri, conservato in casa"
168146,"Budini, tutti i gusti tranne cioccolato, a basso contenuto calorico, istantaneo, preparato in polvere"
168147,Glutine di frumento
168148,"Cosce di rana, crudo"
168149,"Pesce, sgombro, salato"
168150,"Prugna di Giava, (jambolan), crudo"
168151,"Giuggiole, crudo"
168152,"Giuggiole, cinese, fresco, essiccato"
168153,"Kiwi, verde, crudo"
168154,"Kumquat, crudo"
168155,"Lime, crudo"
168156,"Succo di lime, crudo"
168157,"Succo di lime, in scatola o in bottiglia, non zuccherato"
168158,"Mirtilli, essiccato, zuccherato"
168159,"Prugne secche, in scatola, in sciroppo denso, solidi e liquidi"
168160,"Prugne secche, disidratato (a bassa umidità), non cotto"
168161,"Prugne secche, disidratato (a bassa umidità), in umido"
168162,"Prugne, secche (prugne), non cotto"
168163,"Mele cotogne, crudo"
168164,"Uvetta, golden, senza semi"
168165,"Uvetta, scuro, senza semi"
168166,"Uvetta, con semi"
168167,"Rambutan, in scatola, in sciroppo"
168168,"Rabarbaro, surgelato, non cotto"
168169,"Rabarbaro, surgelato, cotto, con zucchero"
168170,"Karkadè (roselle), crudo"
168171,"Mele rosa (jambu), crudo"
168172,"Fragole, in scatola, in sciroppo denso, solidi e liquidi"
168173,"Fragole, surgelato, non zuccherato"
168174,"Fragole, surgelato, zuccherato, a fette"
168175,"Annona, (sweetsop), crudo"
168176,"Feijoa, crudo"
168177,"Pere, asiatico, crudo"
168178,"Macedonia, in scatola, sciroppo denso, scolato"
168179,"Mirtilli, in scatola, sciroppo leggero, scolato"
168180,"Mirtilli, selvatico, in scatola, sciroppo denso, scolato"
168181,"Pesche, in scatola, sciroppo denso, scolato"
168182,"Pere, in scatola, sciroppo denso, scolato"
168183,"Prugne, in scatola, sciroppo denso, scolato"
168184,"Mandarini, (mandarini), in scatola, nel proprio succo, scolato"
168185,"Nettare di pesca, in scatola, con acido ascorbico aggiunto"
168186,"Nettare di pera, in scatola, con acido ascorbico aggiunto"
168187,"Succo di ananas, in scatola o in bottiglia, non zuccherato, con acido ascorbico aggiunto"
168188,"Succo di mela, concentrato surgelato, non zuccherato, non diluito, con acido ascorbico aggiunto"
168189,"Succo di pompelmo, bianco, in bottiglia, non zuccherato, OCEAN SPRAY"
168190,"Jackfruit, in scatola, in sciroppo"
168191,"Datteri, medjool"
168192,"Durian, crudo o surgelato"
168193,"Ananas, crudo, varietà tradizionali"
168194,"Ananas, crudo, varietà extra dolce"
168195,"Clementine, crudo"
168196,"Nettare di guanabana, in scatola"
168197,"Succo, misto mela e uva, con acido ascorbico aggiunto"
168198,"Succo, mela, misto uva e pera, con acido ascorbico e calcio aggiunti"
168199,"Platani, verde, fritto"
168200,"Platani, giallo, fritto, Ristorante latinoamericano"
168201,"Mele, crudo, red delicious, con buccia"
168202,"Mele, crudo, golden delicious, con pelle"
168203,"Mele, crudo, granny smith, con buccia"
168204,"Mele, crudo, gala, con buccia"
168205,"Succo di ananas, in scatola, non da concentrato, non zuccherato, con vitamine A, C ed E"
168206,"Frullato di succo di frutta, NAKED JUICE, BLUE MACHINE"
168207,"Succo d'uva, in scatola o in bottiglia, non zuccherato, con acido ascorbico e calcio aggiunti"
168208,"Frullato di succo di frutta, ODWALLA, ORIGINAL SUPERFOOD"
168209,"Lamponi, surgelato, rosso, non zuccherato"
168210,"Nettare di guava, con sucralosio, in scatola"
168211,"Kiwi, ZESPRI SunGold, crudo"
168212,"Succo misto di mirtillo rosso, 100% succo, in bottiglia, con vitamina C e calcio aggiunti"
168213,"Frullato di succo di frutta, ODWALLA, fragola e banana"
168214,"Frullato di succo di frutta, NAKED JUICE, fragola e banana"
168215,"Platani, verde, crudo"
168216,"Platani, verde, lessato"
168217,Concentrato di succo di lampone
168218,"Maiale, fresco, insieme di grasso separabile, con soluzione aggiunta, cotto"
168219,"Maiale, fresco, carcassa, magro e grasso, crudo"
168220,"Maiale, fresco, insieme di tagli rifilati (coscia, lombata, spalla), solo magro, crudo"
168221,"Maiale, fresco, grasso separabile, cotto"
168222,"Maiale, fresco, coscia (prosciutto), intero, magro e grasso, crudo"
168223,"Maiale, fresco, coscia (prosciutto), intero, magro e grasso, cotto, arrosto"
168224,"Maiale, fresco, coscia (prosciutto), intero, solo magro, crudo"
168225,"Maiale, fresco, coscia (prosciutto), intero, solo magro, cotto, arrosto"
168226,"Maiale, fresco, coscia (prosciutto), metà dello stinco, magro e grasso, crudo"
168227,"Maiale, fresco, coscia (prosciutto), metà dello stinco, magro e grasso, cotto, arrosto"
168228,"Maiale, fresco, coscia (prosciutto), metà dello stinco, solo magro, crudo"
168229,"Maiale, fresco, coscia (prosciutto), metà dello stinco, solo magro, cotto, arrosto"
168230,"Maiale, fresco, lombata, intero, solo magro, crudo"
168231,"Maiale, fresco, lombata, intero, solo magro, cotto, brasato"
168232,"Maiale, fresco, lombata, intero, solo magro, cotto, grigliato"
168233,"Maiale, fresco, lombata, intero, solo magro, cotto, arrosto"
168234,"Maiale, fresco, lombata, paletta (braciole o arrosti), con osso, solo magro, crudo"
168235,"Maiale, fresco, lombata, paletta (braciole), con osso, solo magro, cotto, brasato"
168236,"Maiale, fresco, lombata, paletta (braciole), con osso, solo magro, cotto, grigliato"
168237,"Maiale, fresco, lombata, paletta (arrosti), con osso, solo magro, cotto, arrosto"
168238,"Maiale, fresco, lombata, lombata centrale (braciole), con osso, magro e grasso, crudo"
168239,"Maiale, fresco, lombata, lombata centrale (braciole), con osso, solo magro, cotto, brasato"
168240,"Maiale, fresco, lombata, lombata centrale (braciole), con osso, solo magro, cotto, grigliato"
168241,"Maiale, fresco, lombata, lombata centrale (arrosti), con osso, solo magro, cotto, arrosto"
168242,"Maiale, fresco, lombata, carré centrale (braciole o arrosti), con osso, magro e grasso, crudo"
168243,"Maiale, fresco, lombata, carré centrale (braciole), con osso, solo magro, cotto, brasato"
168244,"Maiale, fresco, lombata, carré centrale (braciole), con osso, solo magro, cotto, grigliato"
168245,"Maiale, fresco, lombata, carré centrale (arrosti), con osso, solo magro, cotto, arrosto"
168246,"Maiale, fresco, lombata, scamone (braciole o arrosti), con osso, magro e grasso, crudo"
168247,"Maiale, fresco, lombata, scamone (braciole), con osso, solo magro, cotto, grigliato"
168248,"Maiale, fresco, lombata, scamone (arrosti), con osso, solo magro, cotto, arrosto"
168249,"Maiale, fresco, lombata, filetto, solo magro, crudo"
168250,"Maiale, fresco, lombata, filetto, solo magro, cotto, arrosto"
168251,"Maiale, fresco, lombata, controfiletto (braciole), disossato, solo magro, crudo"
168252,"Maiale, fresco, lombata, controfiletto (braciole), disossato, solo magro, cotto, brasato"
168253,"Maiale, fresco, lombata, controfiletto (braciole), disossato, solo magro, cotto, grigliato"
168254,"Maiale, fresco, lombata, controfiletto (arrosti), disossato, solo magro, cotto, arrosto"
168255,"Maiale, fresco, spalla, spalla picnic, magro e grasso, crudo"
168256,"Maiale, fresco, spalla, spalla picnic, magro e grasso, cotto, brasato"
168257,"Maiale, fresco, spalla, spalla picnic, magro e grasso, cotto, arrosto"
168258,"Maiale, fresco, spalla, spalla picnic, solo magro, crudo"
168259,"Maiale, fresco, spalla, paletta, coppa (arrosti), magro e grasso, cotto, arrosto"
168260,"Maiale, fresco, spalla, (capocollo), paletta (bistecche), solo magro, crudo"
168261,"Maiale, fresco, spalla, (capocollo), paletta (bistecche), solo magro, cotto, brasato"
168262,"Maiale, fresco, spalla, paletta, coppa (bistecche), solo magro, cotto, grigliato"
168263,"Maiale, fresco, lombata, lombata centrale (braciole), disossato, solo magro, crudo"
168264,"Maiale, fresco, frattaglie, cervello, crudo"
168265,"Maiale, fresco, frattaglie, cervello, cotto, brasato"
168266,"Maiale, fresco, frattaglie, budella, crudo"
168267,"Maiale, fresco, frattaglie, cuore, crudo"
168268,"Maiale, fresco, frattaglie, cuore, cotto, brasato"
168269,"Maiale, fresco, frattaglie, guanciale, crudo"
168270,"Maiale, fresco, frattaglie, reni, crudo"
168271,"Maiale, fresco, frattaglie, polmoni, cotto, brasato"
168272,"Maiale, fresco, frattaglie, separato meccanicamente, crudo"
168273,"Maiale, fresco, frattaglie, animelle, crudo"
168274,"Maiale, fresco, frattaglie, animelle, cotto, brasato"
168275,"Maiale, fresco, frattaglie, lingua, crudo"
168276,"Maiale, fresco, frattaglie, lingua, cotto, brasato"
168277,"Maiale, stagionato, bacon, non preparato"
168278,"Maiale, stagionato, strisce da colazione, crudo o non riscaldato"
168279,"Maiale, stagionato, prosciutto, extra magro (circa 4% grasso), in scatola, non riscaldato"
168280,"Maiale, stagionato, prosciutto, extra magro (circa 4% grasso), in scatola, arrosto"
168281,"Maiale, stagionato, prosciutto, normale (circa 13% grasso), in scatola, arrosto"
168282,"Maiale, stagionato, prosciutto, fetta centrale, stile country, solo magro, crudo"
168283,"Maiale, stagionato, prosciutto, fetta centrale, magro e grasso, non riscaldato"
168284,"Maiale, stagionato, prosciutto, intero, solo magro, arrosto"
168285,"Maiale, fresco, lombata, lombata centrale (braciole), disossato, solo magro, cotto, in padella senza grassi"
168286,"Maiale, fresco, lombata, lombata centrale (braciole), disossato, magro e grasso, crudo"
168287,"Maiale, stagionato, lardo salato, crudo"
168288,"Maiale, stagionato, spalla, rotolo di paletta, magro e grasso, non riscaldato"
168289,"Maiale, stagionato, spalla, rotolo di paletta, magro e grasso, arrosto"
168290,"Maiale, fresco, frattaglie, zampe, cotto, sobbollito"
168291,"Maiale, fresco, frattaglie, coda, crudo"
168292,"Maiale, fresco, lombata, lombata centrale (braciole), con osso, magro e grasso, cotto, in padella"
168293,"Maiale, fresco, lombata, carré centrale (braciole), con osso, magro e grasso, cotto, in padella"
168294,"Maiale, fresco, lombata, controfiletto (braciole), disossato, solo magro, cotto, in padella"
168295,"Maiale, stagionato, prosciutto, disossato, extra magro e normale, non riscaldato"
168296,"Maiale, stagionato, prosciutto, disossato, extra magro e normale, arrosto"
168297,"Maiale, fresco, insieme di tagli rifilati (coscia, lombata, spalla e costine), magro e grasso, cotto"
168298,"Maiale, fresco, lombata, lombata centrale (braciole), disossato, magro e grasso, cotto, in padella senza grassi"
168299,"Maiale, fresco, costine del dorso, magro e grasso, crudo"
168300,"Maiale, fresco, costine del dorso, magro e grasso, cotto, arrosto"
168301,"Maiale, fresco, lombata, carré centrale (arrosti), disossato, magro e grasso, cotto, arrosto"
168302,"Maiale, fresco, lombata, carré centrale (braciole o arrosti), disossato, solo magro, crudo"
168303,"Maiale, fresco, lombata, carré centrale (braciole), disossato, solo magro, cotto, brasato"
168304,"Maiale, fresco, lombata, carré centrale (braciole), disossato, solo magro, cotto, grigliato"
168305,"Maiale, fresco, lombata, costine stile country, solo magro, crudo"
168306,"Maiale, fresco, lombata, costine stile country, solo magro, cotto, brasato"
168307,"Maiale, fresco, lombata, costine stile country, solo magro, con osso, cotto, arrosto"
168308,"Maiale, fresco, lombata, scamone (braciole o arrosti), disossato, magro e grasso, crudo"
168309,"Maiale, fresco, lombata, scamone (braciole), disossato, solo magro, cotto, brasato"
168310,"Maiale, fresco, lombata, scamone (braciole), disossato, solo magro, cotto, grigliato"
168311,"Maiale, fresco, lombata, scamone (arrosti), disossato, solo magro, cotto, arrosto"
168312,"Maiale, fresco, lombata, filetto, magro e grasso, crudo"
168313,"Maiale, fresco, lombata, filetto, solo magro, cotto, grigliato"
168314,"Maiale, fresco, lombata, controfiletto (arrosti), disossato, magro e grasso, crudo"
168315,"Maiale, fresco, lombata, controfiletto (arrosti), disossato, solo magro, crudo"
168316,"Maiale, fresco, insieme di tagli rifilati (lombata e paletta), magro e grasso, crudo"
168317,"HORMEL ALWAYS TENDER, Filetto di maiale, gusto pepe in grani"
168318,"HORMEL ALWAYS TENDER, filetti di lombata di maiale, gusto limone e aglio"
168319,"HORMEL ALWAYS TENDER, braciole centrali, Maiale fresco"
168320,"HORMEL ALWAYS TENDER, lombata di maiale disossata, Maiale fresco"
168321,"Maiale, stagionato, bacon, cotto, al microonde"
168322,"Maiale, stagionato, bacon, preaffettato, cotto, in padella"
168323,"Maiale, fresco, frattaglie, stomaco, cotto, sobbollito"
168324,"Maiale, bacon, grasso fuso, cotto"
168325,"Maiale, stagionato, prodotto di prosciutto e acqua, fetta, con osso, solo magro, riscaldato, in padella senza grassi"
168326,"Maiale, stagionato, prodotto di prosciutto e acqua, fetta, disossato, solo magro, riscaldato, in padella senza grassi"
168327,"Maiale, stagionato, prodotto di prosciutto e acqua, intero, disossato, solo magro, riscaldato, arrosto"
168328,"Maiale, stagionato, prodotto di prosciutto e acqua, intero, disossato, solo magro, non riscaldato"
168329,"Maiale, stagionato, prosciutto cotto con acqua aggiunta, fetta, disossato, solo magro, riscaldato, in padella senza grassi"
168330,"Maiale, stagionato, prosciutto cotto nei suoi succhi, fetta, con osso, solo magro, riscaldato, in padella senza grassi"
168331,"Maiale, stagionato, prosciutto cotto nei suoi succhi, a spirale, solo carne, disossato, solo magro, riscaldato, arrosto"
168332,"Maiale, stagionato, prodotto di prosciutto e acqua, culatta, con osso, solo magro, riscaldato, arrosto"
168333,"Maiale, stagionato, prosciutto cotto nei suoi succhi, fetta, disossato, solo magro, riscaldato, in padella senza grassi"
168334,"Maiale, stagionato, prosciutto cotto nei suoi succhi, intero, disossato, solo magro, riscaldato, arrosto"
168335,"Maiale, stagionato, prosciutto cotto nei suoi succhi, intero, disossato, solo magro, non riscaldato"
168336,"Maiale, stagionato, prosciutto cotto con acqua aggiunta, stinco, con osso, solo magro, non riscaldato"
168337,"Maiale, stagionato, prosciutto cotto nei suoi succhi, culatta, con osso, solo magro, non riscaldato"
168338,"Maiale, stagionato, prosciutto cotto nei suoi succhi, stinco, con osso, solo magro, non riscaldato"
168339,"Maiale, stagionato, prosciutto cotto nei suoi succhi, fetta, con osso, solo magro, non riscaldato"
168340,"Maiale, stagionato, prosciutto cotto nei suoi succhi, a spirale, disossato, solo magro, non riscaldato"
168341,"Maiale, stagionato, prosciutto cotto nei suoi succhi, a spirale, disossato, magro e grasso, non riscaldato"
168342,"Maiale, stagionato, prosciutto cotto nei suoi succhi, fetta, con osso, magro e grasso, non riscaldato"
168343,"Maiale, stagionato, prosciutto cotto nei suoi succhi, stinco, con osso, magro e grasso, non riscaldato"
168344,"Maiale, stagionato, prosciutto cotto nei suoi succhi, culatta, con osso, magro e grasso, non riscaldato"
168345,"Maiale, stagionato, prosciutto cotto con acqua aggiunta, intero, disossato, magro e grasso, non riscaldato"
168346,"Maiale, stagionato, prosciutto cotto con acqua aggiunta, fetta, con osso, magro e grasso, non riscaldato"
168347,"Maiale, stagionato, prosciutto cotto con acqua aggiunta, stinco, con osso, magro e grasso, non riscaldato"
168348,"Maiale, stagionato, prosciutto cotto con acqua aggiunta, culatta, con osso, magro e grasso, non riscaldato"
168349,"Maiale, stagionato, prosciutto cotto con acqua aggiunta, intero, disossato, magro e grasso, riscaldato, arrosto"
168350,"Maiale, stagionato, prodotto di prosciutto e acqua, culatta, con osso, magro e grasso, riscaldato, arrosto"
168351,"Maiale, stagionato, prodotto di prosciutto e acqua, stinco, con osso, magro e grasso, riscaldato, arrosto"
168352,"Maiale, stagionato, prodotto di prosciutto e acqua, fetta, con osso, magro e grasso, riscaldato, in padella senza grassi"
168353,"Maiale, stagionato, prosciutto cotto nei suoi succhi, fetta, disossato, magro e grasso, riscaldato, in padella senza grassi"
168354,"Maiale, stagionato, prosciutto cotto nei suoi succhi, a spirale, disossato, magro e grasso, riscaldato, arrosto"
168355,"Maiale, stagionato, prosciutto cotto nei suoi succhi, intero, disossato, magro e grasso, riscaldato, arrosto"
168356,"Maiale, stagionato, prosciutto, culatta, con osso, magro e grasso, riscaldato, arrosto"
168357,"Maiale, stagionato, prosciutto, stinco, con osso, magro e grasso, riscaldato, arrosto"
168358,"Maiale, stagionato, prosciutto, stinco, con osso, magro e grasso, non riscaldato"
168359,"Maiale, stagionato, prosciutto, fetta, con osso, magro e grasso, riscaldato, in padella senza grassi"
168360,"Maiale, stagionato, prosciutto, fetta, con osso, solo magro, non riscaldato"
168361,"Maiale, fresco, con soluzione aggiunta, lombata, filetto, solo magro, crudo"
168362,"Maiale, fresco, spalla, (capocollo), paletta (bistecche), solo magro, con soluzione aggiunta, cotto, brasato"
168363,"Maiale, fresco, spalla, (capocollo), paletta (bistecche), solo magro, con soluzione aggiunta, crudo"
168364,"Maiale, fresco, lombata, controfiletto (braciole), disossato, solo magro, con soluzione aggiunta, cotto, grigliato"
168365,"Maiale, fresco, spalla, (capocollo), paletta (bistecche), magro e grasso, con soluzione aggiunta, crudo"
168366,"Maiale, fresco, spalla, (capocollo), paletta (bistecche), magro e grasso, con soluzione aggiunta, cotto, brasato"
168367,"Maiale, stagionato, prosciutto, culatta, con osso, magro e grasso, non riscaldato"
168368,"Maiale, lombata, bistecca di copertina di coscia, disossato, magro e grasso, cotto, grigliato"
168369,"Maiale, filetto di spalla, disossato, magro e grasso, crudo"
168370,"Maiale, arrosto di noce di coscia, disossato, magro e grasso, cotto, brasato"
168371,"Maiale, arrosto di noce di coscia, disossato, magro e grasso, crudo"
168372,"Maiale, macinato, 84% magro / 16% grasso, crudo"
168373,"Maiale, macinato, 72% magro / 28% grasso, cotto, in padella senza grassi"
168374,"Maiale, macinato, 84% magro / 16% grasso, cotto, in padella senza grassi"
168375,"Maiale, macinato, 96% magro / 4% grasso, cotto, in padella senza grassi"
168376,"Lombata di maiale, fresco, costine del dorso, con osso, crudo, solo magro"
168377,"Lombata di maiale, fresco, costine del dorso, con osso, cotto arrosto, solo magro"
168378,"Maiale, fresco, lombata, costine stile country, solo magro, con osso, cotto, grigliato"
168379,"Maiale, fresco, lombata, costine stile country, solo magro, disossato, cotto, arrosto"
168380,"Maiale, fresco, paletta, (braciole), disossato, magro e grasso, cotto, grigliato"
168381,"Maiale, fresco, lombata, paletta (braciole o arrosti), disossato, solo magro e grasso, crudo"
168382,"Bacon, preaffettato, a ridotto o basso contenuto di sodio, non preparato"
168383,"Bacon canadese, cotto, in padella"
168384,"Semi di erba medica, germogliato, crudo"
168385,"Foglie di amaranto, crudo"
168386,"Carciofi, (carciofo comune), cotto, lessato, scolato, senza sale"
168387,"Carciofi, (carciofo comune), surgelato, non preparato"
168388,"Carciofi, (carciofo comune), surgelato, cotto, lessato, scolato, senza sale"
168389,"Asparagi, crudo"
168390,"Asparagi, cotto, lessato, scolato"
168391,"Melone amaro (karela), punte fogliari, crudo"
168392,"Melone amaro (karela), punte fogliari, cotto, lessato, scolato, senza sale"
168393,"Melone amaro (karela), baccelli, crudo"
168394,"Melone amaro (karela), baccelli, cotto, lessato, scolato, senza sale"
168395,"Fagioli, kidney, secchi, germogliato, cotto, lessato, scolato, senza sale"
168396,"Fagioli di Lima, freschi, crudo"
168397,"Mais, dolce, giallo, in scatola, solidi scolati, sciacquato con acqua del rubinetto"
168398,"Mais, dolce, giallo, surgelato, chicchi sgranati, non preparato"
168399,"Mais, dolce, giallo, surgelato, chicchi sgranati, lessato, scolato, senza sale"
168400,"Mais, dolce, giallo, surgelato, chicchi sulla pannocchia, non preparato"
168401,"Mais, dolce, giallo, surgelato, chicchi sulla pannocchia, cotto, lessato, scolato, senza sale"
168402,"Fagioli dall'occhio, freschi, cotto, lessato, scolato, senza sale"
168403,"Fagioli dall'occhio, freschi, surgelato, non preparato"
168404,"Fagioli dall'occhio, freschi, surgelato, cotto, lessato, scolato, senza sale"
168405,"Fagioli dall'occhio, baccelli giovani con semi, crudo"
168406,"Fagioli dall'occhio, punte fogliari, cotto, lessato, scolato, senza sale"
168407,"Crescione, da giardino, crudo"
168408,"Crescione, da giardino, cotto, lessato, scolato, senza sale"
168409,"Cetriolo, con buccia, crudo"
168410,"Edamame, surgelato, non preparato"
168411,"Edamame, surgelato, preparato"
168412,"Indivia, crudo"
168413,"Scarola, cotto, lessato, scolato, senza sale aggiunto"
168414,"Zucca a fiasco, luffa, crudo"
168415,"Zucca a fiasco, luffa, cotto, lessato, scolato, senza sale"
168416,"Foglie di moringa, crudo"
168417,"Foglie di moringa, cotto, lessato, scolato, senza sale"
168418,"Pepeao, essiccato"
168419,"Iuta, da cucina, crudo"
168420,"Iuta, da cucina, cotto, lessato, scolato, senza sale"
168421,"Cavolo riccio, crudo"
168422,"Funghi, Finferli, crudo"
168423,"Funghi, spugnola, crudo"
168424,"Cavolo rapa, crudo"
168425,"Cavolo rapa, cotto, lessato, scolato, senza sale"
168426,"Porri, (bulbo e parte bassa delle foglie), cotto, lessato, scolato, senza sale"
168427,"Lenticchie, germogliato, crudo"
168428,"Lenticchie, germogliato, cotto, saltato in padella, senza sale"
168429,"Lattuga, cappuccio (tipi boston e bibb), crudo"
168430,"Radice di loto, cotto, lessato, scolato, senza sale"
168431,"Lattuga, a foglia rossa, crudo"
168432,"Igname di montagna, hawaii, crudo"
168433,"Igname di montagna, hawaii, cotto, al vapore, senza sale"
168434,"Funghi, scuro, italiano, o cremini, crudo"
168435,"Funghi, shiitake, saltato in padella"
168436,"Funghi, shiitake, essiccato"
168437,"Funghi, shiitake, cotto, senza sale"
168438,"Spinacio di senape, (komatsuna), crudo"
168439,"Spinacio di senape, (komatsuna), cotto, lessato, scolato, senza sale"
168440,"Spinacio della Nuova Zelanda, crudo"
168441,"Spinacio della Nuova Zelanda, cotto, lessato, scolato, senza sale"
168442,"Patate, fritto, tutti i tipi, sale aggiunto in lavorazione, surgelato, non preparato"
168443,"Patate a spicchi, surgelato"
168444,"Patate, fritto, patate a spicchi fritte, sale aggiunto in lavorazione, surgelato, come acquistato"
168445,"Patate, fritto, patate a spicchi fritte, sale aggiunto in lavorazione, surgelato, riscaldato in forno"
168446,Farina di patate
168447,"Foglie di zucca, cotto, lessato, scolato, senza sale"
168448,"Zucca, crudo"
168449,"Zucca, cotto, lessato, scolato, senza sale"
168450,"Zucca, in scatola, senza sale"
168451,"Ravanelli, orientale, crudo"
168452,"Ravanelli, orientale, cotto, lessato, scolato, senza sale"
168453,"Ravanelli, orientale, essiccato"
168454,"Navoni, crudo"
168455,"Navoni, cotto, lessato, scolato, senza sale"
168456,"Alghe, muschio irlandese, crudo"
168457,"Alghe, kelp, crudo"
168458,"Alghe, nori (laver), crudo"
168459,"Fiori di sesbania, crudo"
168460,"Soia, secchi, germogliato, cotto, al vapore"
168461,"Soia, secchi, germogliato, cotto, saltato in padella"
168462,"Spinaci, crudo"
168463,"Spinaci, cotto, lessato, scolato, senza sale"
168464,"Zucca, estivo, a collo curvo e dritto, crudo"
168465,"Zucca, estivo, a collo curvo e dritto, cotto, lessato, scolato, senza sale"
168466,"Zucca, estivo, a collo curvo e dritto, in scatola, scolato, solido, senza sale"
168467,"Zucca, estivo, a collo curvo e dritto, surgelato, non preparato"
168468,"Zucca, estivo, a collo curvo e dritto, surgelato, cotto, lessato, scolato, senza sale"
168469,"Zucca, estivo, zucchine, con buccia, surgelato, non preparato"
168470,"Zucca, estivo, zucchine, con buccia, surgelato, cotto, lessato, scolato, senza sale"
168471,"Zucca, estivo, zucchine, all'italiana, in scatola"
168472,"Zucca, invernale, ghianda (acorn), crudo"
168473,"Zucca, invernale, butternut, surgelato, non preparato"
168474,"Zucca, invernale, butternut, surgelato, cotto, lessato, senza sale"
168475,"Zucca, invernale, hubbard, crudo"
168476,"Zucca, invernale, hubbard, al forno, senza sale"
168477,"Succotash, (mais e fagioli di Lima), cotto, lessato, scolato, senza sale"
168478,"Succotash, (mais e fagioli di Lima), in scatola, con mais in crema"
168479,"Succotash, (mais e fagioli di Lima), in scatola, con mais in chicchi, solidi e liquidi"
168480,"Succotash, (mais e fagioli di Lima), surgelato, non preparato"
168481,"Succotash, (mais e fagioli di Lima), surgelato, cotto, lessato, scolato, senza sale"
168482,"Patata dolce, crudo, non preparato"
168483,"Patata dolce, cotto, al forno con la buccia, polpa, senza sale"
168484,"Patata dolce, cotto, lessato, senza pelle"
168485,"Patata dolce, in scatola, sottovuoto"
168486,"Taro, cotto, senza sale"
168487,"Foglie di taro, crudo"
168488,"Foglie di taro, cotto, al vapore, senza sale"
168489,"Germogli di taro, crudo"
168490,"Arrowroot, crudo"
168491,"Foglie di crisantemo, crudo"
168492,"Foglie di amaranto, cotto, lessato, scolato, con sale"
168493,"Sagittaria, cotto, lessato, scolato, con sale"
168494,"Asparagi, surgelato, cotto, lessato, scolato, con sale"
168495,"Melone amaro (karela), punte fogliari, cotto, lessato, scolato, con sale"
168496,"Melone amaro (karela), baccelli, cotto, lessato, scolato, con sale"
168497,"Germogli di bambù, cotto, lessato, scolato, con sale"
168498,"Fagioli di Lima, freschi, surgelato, fordhook, cotto, lessato, scolato, con sale"
168499,"Fagioli mung, secchi, germogliato, cotto, lessato, scolato, con sale"
168500,"Fagioli, navy (bianchi piccoli), secchi, germogliato, cotto, lessato, scolato, con sale"
168501,"Fagioli, pinto, freschi, surgelato, cotto, lessato, scolato, con sale"
168502,"Fagioli, fagiolini, verde, in scatola, senza sale aggiunto, solidi e liquidi"
168503,"Fagioli, fagiolini, giallo, in scatola, confezione normale, solidi e liquidi"
168504,"Fagioli, fagiolini, giallo, in scatola, senza sale aggiunto, solidi e liquidi"
168505,"Fagioli, fagiolini, verde, in scatola, senza sale aggiunto, solidi scolati"
168506,"Barbabietole, cotto, lessato, scolato, con sale"
168507,"Barbabietole, in scatola, senza sale aggiunto, solidi e liquidi"
168508,"Foglie di barbabietola, cotto, lessato, scolato, con sale"
168509,"Borragine, cotto, lessato, scolato, con sale"
168510,"Broccoli, cotto, lessato, scolato, con sale"
168511,"Broccoli, surgelato, tritato, cotto, lessato, scolato, con sale"
168512,"Broccoli, surgelato, turioni, cotto, lessato, scolato, con sale"
168513,"Cavolini di Bruxelles, cotto, lessato, scolato, con sale"
168514,"Cavolo, comune, cotto, lessato, scolato, con sale"
168515,"Cavolo, rosso, cotto, lessato, scolato, con sale"
168516,"Cavolo, verza, cotto, lessato, scolato, con sale"
168517,"Cavolo, cinese (pak choi), cotto, lessato, scolato, con sale"
168518,"Carote, in scatola, senza sale aggiunto, solidi scolati"
168519,"Carote, surgelato, cotto, lessato, scolato, con sale"
168520,"Cavolfiore, cotto, lessato, scolato, con sale"
168521,"Cavolfiore, surgelato, cotto, lessato, scolato, con sale"
168522,"Crisantemo, commestibile, cotto, lessato, scolato, con sale"
168523,"Cavolo a foglia (collards), cotto, lessato, scolato, con sale"
168524,"Cavolo a foglia (collards), surgelato, tritato, cotto, lessato, scolato, con sale"
168525,"Mais, dolce, giallo, cotto, lessato, scolato, con sale"
168526,"Fagioli dall'occhio, freschi, cotto, lessato, scolato, con sale"
168527,"Fagioli dall'occhio, freschi, surgelato, cotto, lessato, scolato, con sale"
168528,"Fagioli dall'occhio, baccelli giovani con semi, cotto, lessato, scolato, con sale"
168529,"Fagioli dall'occhio, punte fogliari, cotto, lessato, scolato, con sale"
168530,"Zucca a fiasco, luffa, cotto, lessato, scolato, con sale"
168531,"Foglie di moringa, cotto, lessato, scolato, con sale"
168532,"Baccelli di moringa, cotto, lessato, scolato, con sale"
168533,"Fagioli giacinto, freschi, cotto, lessato, scolato, con sale"
168534,"Farinello, cotto, lessato, scolato, con sale"
168535,"Porri, (bulbo e parte bassa delle foglie), cotto, lessato, scolato, con sale"
168536,"Radice di loto, cotto, lessato, scolato, con sale"
168537,"Funghi, bianco, cotto, lessato, scolato, con sale"
168538,"Mais, dolce, bianco, crudo"
168539,"Mais, dolce, bianco, cotto, lessato, scolato, senza sale"
168540,"Mais, dolce, bianco, cotto, lessato, scolato, con sale"
168541,"Mais, dolce, bianco, in scatola, in chicchi interi, confezione normale, solidi e liquidi"
168542,"Mais, dolce, bianco, in scatola, sottovuoto, confezione normale"
168543,"Mais, dolce, bianco, in scatola, sottovuoto, senza sale aggiunto"
168544,"Mais, dolce, bianco, surgelato, chicchi sgranati, non preparato"
168545,"Mais, dolce, bianco, surgelato, chicchi sgranati, lessato, scolato, senza sale"
168546,"Peperoni, dolce, rosso, in scatola, solidi e liquidi"
168547,"Peperoni, dolce, rosso, surgelato, tritato, non preparato"
168548,"Peperoni, dolce, rosso, surgelato, tritato, lessato, scolato, senza sale"
168549,"Peperoni, dolce, rosso, surgelato, tritato, lessato, scolato, con sale"
168550,"Peperoni, dolce, rosso, saltato"
168551,"Lenticchie, germogliato, cotto, saltato in padella, con sale"
168552,"Igname di montagna, hawaii, cotto, al vapore, con sale"
168553,"Felce arborea, cotto, con sale"
168554,"Patate, purè, preparato da granuli, senza latte, latte intero e margarina"
168555,"Patate, purè, fatto in casa, con latte intero e burro aggiunti"
168556,Ketchup
168557,"Funghi, scuro, italiano, o cremini, esposti a luce ultravioletta, crudo"
168558,"Sottaceti, cetriolo, all'aneto"
168559,"Peperone pimento, in scatola"
168560,"Relish di cetriolini, hot dog"
168561,"Relish di cetriolini, dolce"
168562,"Sottaceti, cetriolo, aspro, a basso contenuto di sodio"
168563,"Sottaceti, cetriolo, aneto, a ridotto contenuto di sodio"
168564,"Radicchio, crudo"
168565,"Zucca, zucchine, baby, crudo"
168566,"Tomatillo, crudo"
168567,"Pomodori, secchi al sole"
168568,"Carote, baby, crudo"
168569,"Cuori di palma, in scatola"
168570,"Peperoni, peperoncino piccante, secchi al sole"
168571,"Nopales, crudo"
168572,"Cavolo, cinese (napa), cotto"
168573,"Citronella, crudo"
168574,"Fagioli, fave, in baccello, crudo"
168575,"Foglie di vite, crudo"
168576,"Peperoni, jalapeño, crudo"
168577,"Peperoni, chili, verde, in scatola"
168578,"Peperoni, ungherese, crudo"
168579,"Peperoni, pasilla, essiccato"
168580,"Funghi, ostrica, crudo"
168581,"Funghi, Orecchie di Giuda, essiccato"
168582,"Funghi, di paglia, in scatola, solidi scolati"
168583,"Wasabi, radice, crudo"
168584,"Germogli di felce, surgelato, non preparato"
168585,"Frutta secca a guscio, polpa di cocco, essiccato, in crema"
168586,"Frutta secca a guscio, polpa di cocco, essiccato, zuccherato, sminuzzato"
168587,"Semi, semi di sisymbrium, intero, essiccato"
168588,"Frutta secca a guscio, burro di mandorle, naturale, senza sale aggiunto"
168589,"Frutta secca a guscio, castagne, giapponese, lessato e al vapore"
168590,"Frutta secca a guscio, castagne, giapponese, arrosto"
168591,"Semi, semi di loto, crudo"
168592,"Frutta secca a guscio, mandorle, tostato al miele, non sbollentato"
168593,"Semi, semi di girasole decorticati, tostato in olio, con sale aggiunto"
168594,"Semi, semi di girasole decorticati, tostato, con sale aggiunto"
168595,"Semi, burro di semi di girasole, con sale aggiunto"
168596,"Frutta secca a guscio, mandorle, tostato a secco, con sale aggiunto"
168597,"Frutta secca a guscio, burro di anacardi, naturale, con sale aggiunto"
168598,"Frutta secca a guscio, noci di macadamia, tostato a secco, con sale aggiunto"
168599,"Frutta secca a guscio, frutta secca mista, tostato a secco, con arachidi, con sale aggiunto"
168600,"Frutta secca a guscio, frutta secca mista, tostato in olio, con arachidi, con sale aggiunto"
168601,"Semi, semi di zucca, intero, arrosto, con sale aggiunto"
168602,"Frutta secca a guscio, mandorle, tostato in olio, leggermente salato"
168603,"Frutta secca a guscio, burro di mandorle, naturale, con sale aggiunto"
168604,"Semi, burro di sesamo, tahina, tipo di chicchi non specificato"
168605,"Manzo, tagli al dettaglio, grasso separabile, crudo"
168606,"Manzo, tagli al dettaglio, grasso separabile, cotto"
168607,"Manzo, punta di petto, intero, solo magro, tutte le qualità, crudo"
168608,"Manzo, allevato a erba, macinato, crudo"
168609,"Manzo, bavetta, bistecca, solo magro, grasso rifilato a 0 mm, grado choice, crudo"
168610,"Manzo, bavetta, bistecca, solo magro, grasso rifilato a 0 mm, grado choice, cotto, brasato"
168611,"Manzo, bavetta, bistecca, solo magro, grasso rifilato a 0 mm, grado choice, cotto, grigliato"
168612,"Manzo, costata, cuore del taglio, parte posteriore (coste 10-12), magro e grasso, grasso rifilato a 0 mm, grado choice, crudo"
168613,"Manzo, costata, costine, magro e grasso, grado choice, cotto, brasato"
168614,"Manzo, costata, costine, solo magro, grado choice, crudo"
168615,"Manzo, costata, costine, solo magro, grado choice, cotto, brasato"
168616,"Manzo, coscia, taglio intero, solo magro, grasso rifilato a 6 mm, grado choice, cotto, grigliato"
168617,"Manzo, coscia, taglio intero, solo magro, grasso rifilato a 6 mm, grado select, cotto, grigliato"
168618,"Manzo, lombata corta, bistecca porterhouse, solo magro, grasso rifilato a 3 mm, grado choice, cotto, alla griglia"
168619,"Manzo, lombata corta, bistecca T-bone, con osso, solo magro, grasso rifilato a 3 mm, grado choice, crudo"
168620,"Manzo, lombata corta, bistecca T-bone, con osso, solo magro, grasso rifilato a 3 mm, grado choice, cotto, alla griglia"
168621,"Manzo, entrecôte, parte posteriore (coste 10-12), solo magro, grasso rifilato a 0 mm, grado select, crudo"
168622,"Manzo, frattaglie, cervello, crudo"
168623,"Manzo, frattaglie, cervello, cotto, in padella"
168624,"Manzo, frattaglie, cervello, cotto, sobbollito"
168625,"Manzo, frattaglie, cuore, crudo"
168626,"Manzo, frattaglie, fegato, cotto, brasato"
168627,"Manzo, frattaglie, fegato, cotto, in padella"
168628,"Manzo, frattaglie, polmoni, crudo"
168629,"Manzo, frattaglie, polmoni, cotto, brasato"
168630,"Manzo, frattaglie, manzo separato meccanicamente, crudo"
168631,"Manzo, lombata, bistecca di controfiletto, disossato, senza copertina, magro e grasso, grasso rifilato a 0 mm, grado select, cotto, alla griglia"
168632,"Manzo, lombata, bistecca di controfiletto, disossato, senza copertina, solo magro, grasso rifilato a 0 mm, tutte le qualità, cotto, alla griglia"
168633,"Manzo, scamone, bistecca, magro e grasso, grasso rifilato a 0 mm, grado select, cotto, grigliato"
168634,"Manzo, scamone, bistecca, solo magro, grasso rifilato a 0 mm, tutte le qualità, cotto, grigliato"
168635,"Manzo, scamone, bistecca, solo magro, grasso rifilato a 0 mm, grado choice, cotto, grigliato"
168636,"Manzo, scamone, bistecca, solo magro, grasso rifilato a 0 mm, grado select, cotto, grigliato"
168637,"Manzo, lombata corta, bistecca porterhouse, solo magro, grasso rifilato a 3 mm, tutte le qualità, cotto, alla griglia"
168638,"Manzo, lombata corta, bistecca porterhouse, solo magro, grasso rifilato a 0 mm, tutte le qualità, cotto, grigliato"
168639,"Manzo, lombata corta, bistecca porterhouse, solo magro, grasso rifilato a 0 mm, grado choice, cotto, grigliato"
168640,"Manzo, lombata corta, bistecca porterhouse, solo magro, grasso rifilato a 3 mm, grado select, crudo"
168641,"Manzo, lombata corta, bistecca porterhouse, solo magro, grasso rifilato a 3 mm, grado select, cotto, alla griglia"
168642,"Manzo, lombata corta, bistecca T-bone, con osso, solo magro, grasso rifilato a 3 mm, tutte le qualità, crudo"
168643,"Manzo, lombata corta, bistecca T-bone, con osso, solo magro, grasso rifilato a 3 mm, tutte le qualità, cotto, alla griglia"
168644,"Manzo, lombata corta, bistecca T-bone, solo magro, grasso rifilato a 0 mm, grado choice, cotto, grigliato"
168645,"Manzo, lombata corta, bistecca T-bone, con osso, solo magro, grasso rifilato a 3 mm, grado select, crudo"
168646,"Manzo, coscia, noce, arrosto, magro e grasso, grasso rifilato a 0 mm, grado choice, crudo"
168647,"Manzo, coscia, noce, arrosto, magro e grasso, grasso rifilato a 0 mm, grado select, crudo"
168648,"Manzo, costata, cuore del taglio, parte posteriore (coste 10-12) solo magro, grasso rifilato a 0 mm, grado select, cotto, grigliato"
168649,"Manzo, coscia, bistecca di fesa, disossato, solo magro, grasso rifilato a 0 mm, tutte le qualità, cotto, alla griglia"
168650,"Manzo, macinato, 70% magro / 30% grasso, hamburger cotto, in padella senza grassi"
168651,"Manzo, macinato, 70% magro / 30% grasso, hamburger, cotto, grigliato"
168652,"Manzo, macinato, 70% magro / 30% grasso, crudo"
168653,"Manzo, reale, bistecca sotto paletta, disossato, taglio Denver, solo magro, grasso rifilato a 0 mm, grado select, crudo"
168654,"Manzo, bistecca di paletta, disossato, solo magro, grasso rifilato a 0 mm, tutte le qualità, cotto, alla griglia"
168655,"Manzo, bistecca di paletta, disossato, solo magro, grasso rifilato a 0 mm, grado select, crudo"
168656,"Manzo, punta di petto, metà piatta, disossato solo magro, grasso rifilato a 0 mm, tutte le qualità, crudo"
168657,"Manzo, punta di petto, metà piatta, disossato, solo magro, grasso rifilato a 0 mm, grado choice, crudo"
168658,"Manzo, punta di petto, metà piatta, disossato, solo magro, grasso rifilato a 0 mm, grado select, crudo"
168659,"Manzo, bistecca di paletta, disossato, magro e grasso, grasso rifilato a 0 mm, grado choice, cotto, alla griglia"
168660,"Manzo, arrosto di reale, disossato, America's Beef Roast, magro e grasso, grasso rifilato a 0 mm, tutte le qualità, crudo"
168661,"Manzo, arrosto di reale, disossato, America's Beef Roast, magro e grasso, grasso rifilato a 0 mm, grado choice, crudo"
168662,"Manzo, arrosto di reale, disossato, America's Beef Roast, magro e grasso, grasso rifilato a 0 mm, grado select, crudo"
168663,"Manzo, insieme di tagli rifilati, magro e grasso, grasso rifilato a 3 mm, grado select, cotto"
168664,"Manzo, punta di petto, intero, magro e grasso, grasso rifilato a 3 mm, tutte le qualità, crudo"
168665,"Manzo, punta di petto, intero, magro e grasso, grasso rifilato a 3 mm, tutte le qualità, cotto, brasato"
168666,"Manzo, punta di petto, metà piatta, magro e grasso, grasso rifilato a 3 mm, tutte le qualità, crudo"
168667,"Manzo, reale, arrosto di braccio, magro e grasso, grasso rifilato a 3 mm, tutte le qualità, cotto, brasato"
168668,"Manzo, reale, arrosto di braccio, magro e grasso, grasso rifilato a 3 mm, grado choice, crudo"
168669,"Manzo, reale, arrosto di braccio, magro e grasso, grasso rifilato a 3 mm, grado choice, cotto, brasato"
168670,"Manzo, reale, arrosto di braccio, magro e grasso, grasso rifilato a 3 mm, grado select, crudo"
168671,"Manzo, reale, arrosto di paletta, magro e grasso, grasso rifilato a 3 mm, grado choice, cotto, brasato"
168672,"Manzo, reale, arrosto di paletta, magro e grasso, grasso rifilato a 3 mm, grado select, crudo"
168673,"Manzo, reale, arrosto di paletta, magro e grasso, grasso rifilato a 3 mm, grado select, cotto, brasato"
168674,"Manzo, arrosto di reale, disossato, America's Beef Roast, solo magro, grasso rifilato a 0 mm, tutte le qualità, cotto, arrosto"
168675,"Manzo, costata, intero (coste 6-12), magro e grasso, grasso rifilato a 3 mm, grado choice, crudo"
168676,"Manzo, costata, intero (coste 6-12), magro e grasso, grasso rifilato a 3 mm, grado choice, cotto, grigliato"
168677,"Manzo, costata, intero (coste 6-12), magro e grasso, grasso rifilato a 3 mm, grado choice, cotto, arrosto"
168678,"Manzo, costata, intero (coste 6-12), magro e grasso, grasso rifilato a 3 mm, grado select, crudo"
168679,"Manzo, costata, intero (coste 6-12), magro e grasso, grasso rifilato a 3 mm, grado prime, cotto, arrosto"
168680,"Manzo, costata, parte anteriore (coste 6-9), magro e grasso, grasso rifilato a 3 mm, tutte le qualità, crudo"
168681,"Manzo, costata, parte anteriore (coste 6-9), magro e grasso, grasso rifilato a 3 mm, tutte le qualità, cotto, grigliato"
168682,"Manzo, costata, parte anteriore (coste 6-9), magro e grasso, grasso rifilato a 3 mm, tutte le qualità, cotto, arrosto"
168683,"Manzo, costata, parte anteriore (coste 6-9), magro e grasso, grasso rifilato a 3 mm, grado select, cotto, grigliato"
168684,"Manzo, costata, parte anteriore (coste 6-9), magro e grasso, grasso rifilato a 3 mm, grado select, cotto, arrosto"
168685,"Manzo, costata, parte anteriore (coste 6-9), magro e grasso, grasso rifilato a 3 mm, grado prime, crudo"
168686,"Manzo, costata, parte anteriore (coste 6-9), magro e grasso, grasso rifilato a 3 mm, grado prime, cotto, grigliato"
168687,"Manzo, costata, parte anteriore (coste 6-9), magro e grasso, grasso rifilato a 3 mm, grado prime, cotto, arrosto"
168688,"Manzo, costata, parte posteriore (coste 10-12), magro e grasso, grasso rifilato a 3 mm, grado choice, cotto, grigliato"
168689,"Manzo, costata, parte posteriore (coste 10-12), magro e grasso, grasso rifilato a 3 mm, grado choice, cotto, arrosto"
168690,"Manzo, costata, parte posteriore (coste 10-12), magro e grasso, grasso rifilato a 3 mm, grado select, crudo"
168691,"Manzo, costata, parte posteriore (coste 10-12), magro e grasso, grasso rifilato a 3 mm, grado select, cotto, grigliato"
168692,"Manzo, bistecca di paletta, disossato, magro e grasso, grasso rifilato a 0 mm, grado select, cotto, alla griglia"
168693,"Manzo, bistecca di paletta, disossato, magro e grasso, grasso rifilato a 0 mm, tutte le qualità, crudo"
168694,"Manzo, coscia, taglio intero, magro e grasso, grasso rifilato a 3 mm, grado choice, crudo"
168695,"Manzo, coscia, taglio intero, magro e grasso, grasso rifilato a 3 mm, grado choice, cotto, grigliato"
168696,"Manzo, coscia, sottofesa, arrosto, magro e grasso, grasso rifilato a 3 mm, tutte le qualità, cotto, arrosto"
168697,"Manzo, coscia, sottofesa, bistecca, magro e grasso, grasso rifilato a 3 mm, grado choice, crudo"
168698,"Manzo, coscia, sottofesa, bistecca, magro e grasso, grasso rifilato a 3 mm, grado choice, cotto, brasato"
168699,"Manzo, coscia, sottofesa, arrosto, magro e grasso, grasso rifilato a 3 mm, grado choice, cotto, arrosto"
168700,"Manzo, coscia, sottofesa, bistecca, magro e grasso, grasso rifilato a 3 mm, grado select, crudo"
168701,"Manzo, coscia, girello, arrosto, magro e grasso, grasso rifilato a 3 mm, grado choice, crudo"
168702,"Manzo, coscia, girello, arrosto, magro e grasso, grasso rifilato a 3 mm, grado choice, cotto, arrosto"
168703,"Manzo, coscia, girello, arrosto, magro e grasso, grasso rifilato a 3 mm, grado select, crudo"
168704,"Manzo, coscia, girello, arrosto, magro e grasso, grasso rifilato a 3 mm, grado select, cotto, arrosto"
168705,"Manzo, coscia, noce, magro e grasso, grasso rifilato a 3 mm, grado select, crudo"
168706,"Manzo, coscia, noce, arrosto, magro e grasso, grasso rifilato a 3 mm, grado select, cotto, arrosto"
168707,"Manzo, bistecca di paletta, disossato, magro e grasso, grasso rifilato a 0 mm, grado choice, crudo"
168708,"Manzo, coscia, fesa, solo magro, grasso rifilato a 3 mm, grado choice, cotto, in padella"
168709,"Manzo, coscia, fesa, magro e grasso, grasso rifilato a 3 mm, grado choice, cotto, brasato"
168710,"Manzo, coscia, fesa, bistecca, magro e grasso, grasso rifilato a 3 mm, grado choice, cotto, grigliato"
168711,"Manzo, coscia, fesa, magro e grasso, grasso rifilato a 3 mm, grado choice, cotto, in padella"
168712,"Manzo, coscia, fesa, bistecca, magro e grasso, grasso rifilato a 3 mm, grado select, crudo"
168713,"Manzo, coscia, fesa, magro e grasso, grasso rifilato a 3 mm, grado select, cotto, brasato"
168714,"Manzo, punta di petto, metà piatta, disossato, magro e grasso, grasso rifilato a 0 mm, tutte le qualità, crudo"
168715,"Manzo, lombata corta, bistecca porterhouse, magro e grasso, grasso rifilato a 3 mm, grado choice, crudo"
168716,"Manzo, lombata corta, bistecca porterhouse, magro e grasso, grasso rifilato a 3 mm, grado choice, cotto, alla griglia"
168717,"Manzo, lombata corta, bistecca T-bone, magro e grasso, grasso rifilato a 3 mm, grado choice, crudo"
168718,"Manzo, lombata corta, controfiletto, bistecca, magro e grasso, grasso rifilato a 3 mm, grado choice, cotto, alla griglia"
168719,"Manzo, lombata, controfiletto, magro e grasso, grasso rifilato a 3 mm, grado select, crudo"
168720,"Manzo, lombata, controfiletto, magro e grasso, grasso rifilato a 3 mm, grado select, cotto, alla griglia"
168721,"Manzo, lombata corta, controfiletto, bistecca, magro e grasso, grasso rifilato a 3 mm, grado prime, crudo"
168722,"Manzo, filetto, bistecca, magro e grasso, grasso rifilato a 3 mm, grado choice, cotto, grigliato"
168723,"Manzo, filetto, arrosto, magro e grasso, grasso rifilato a 3 mm, grado choice, cotto, arrosto"
168724,"Manzo, filetto, bistecca, magro e grasso, grasso rifilato a 3 mm, grado select, crudo"
168725,"Manzo, filetto, bistecca, magro e grasso, grasso rifilato a 3 mm, grado select, cotto, grigliato"
168726,"Manzo, scamone, bistecca, magro e grasso, grasso rifilato a 3 mm, tutte le qualità, crudo"
168727,"Manzo, scamone, bistecca, magro e grasso, grasso rifilato a 3 mm, tutte le qualità, cotto, grigliato"
168728,"Manzo, scamone, bistecca, magro e grasso, grasso rifilato a 3 mm, grado choice, crudo"
168729,"Manzo, scamone, bistecca, magro e grasso, grasso rifilato a 3 mm, grado choice, cotto, grigliato"
168730,"Manzo, reale, arrosto di polpa di spalla, solo magro, grasso rifilato a 0 mm, grado select, cotto, arrosto"
168731,"Manzo, bistecca di spalla, disossato, solo magro, grasso rifilato a 0 mm, grado choice, cotto, alla griglia"
168732,"Manzo, bistecca di spalla, disossato, solo magro, grasso rifilato a 0 mm, grado select, cotto, alla griglia"
168733,"Manzo, bavetta, bistecca, magro e grasso, grasso rifilato a 0 mm, tutte le qualità, cotto, grigliato"
168734,"Manzo, scamone inferiore, punta di scamone (tri-tip), magro e grasso, grasso rifilato a 0 mm, tutte le qualità, crudo"
168735,"Manzo, scamone inferiore, punta di scamone (tri-tip), magro e grasso, grasso rifilato a 0 mm, grado choice, cotto, arrosto"
168736,"Manzo, scamone inferiore, punta di scamone (tri-tip), magro e grasso, grasso rifilato a 0 mm, grado choice, crudo"
168737,"Manzo, scamone inferiore, punta di scamone (tri-tip), magro e grasso, grasso rifilato a 0 mm, grado select, cotto, arrosto"
168738,"Manzo, reale, copertina di spalla, solo magro, grasso rifilato a 0 mm, grado choice, cotto, grigliato"
168739,"Manzo, reale, copertina di spalla, solo magro, grasso rifilato a 0 mm, grado select, cotto, grigliato"
168740,"Manzo, coscia, bistecca di fesa, disossato, magro e grasso, grasso rifilato a 0 mm, grado choice, cotto, alla griglia"
168741,"Manzo, coscia, bistecca di fesa, disossato, magro e grasso, grasso rifilato a 0 mm, grado select, cotto, alla griglia"
168742,"Manzo, arrosto di reale, disossato, America's Beef Roast, solo magro, grasso rifilato a 0 mm, grado select, crudo"
168743,"Manzo, punta di petto, metà piatta, disossato, magro e grasso, grasso rifilato a 0 mm, grado choice, crudo"
168744,"Manzo, pancia, bistecca di diaframma interno, solo magro, grasso rifilato a 0 mm, tutte le qualità, cotto, grigliato"
168745,"Manzo, pancia, bistecca di diaframma esterno, solo magro, grasso rifilato a 0 mm, tutte le qualità, cotto, grigliato"
168746,"Bevanda alcolica, birra, normale, tutti"
168747,"Bevanda alcolica, birra, normale, BUDWEISER"
168748,"Bevanda alcolica, birra, leggero, BUDWEISER SELECT"
168749,"Bevanda alcolica, birra, leggero"
168750,"Bevanda alcolica, piña colada, in scatola"
168751,"Bevande, latte di mandorla, zuccherato, gusto vaniglia, pronto da bere"
168752,"Bevanda alcolica, piña colada, fatto in casa"
168753,"Bevanda alcolica, tequila sunrise, in scatola"
168754,"Dolciumi, cioccolato al latte, con mandorle"
168755,"Dolciumi, cioccolato al latte, con cereali di riso"
168756,"Dolciumi, MARS SNACKFOOD US, MILKY WAY Bar"
168757,"Dolciumi, HERSHEY'S SKOR Toffee Bar"
168758,"Guarnizioni, fragola"
168759,"Dolciumi, MOUNDS Candy Bar"
168760,"Dolciumi, MR. GOODBAR Chocolate Bar"
168761,"Dolciumi, NESTLE, 100 GRAND Bar"
168762,"Dolciumi, NESTLE, CRUNCH Bar and Dessert Topping"
168763,"Dolciumi, REESE'S Peanut Butter Cups"
168764,"Dolciumi, REESE'S PIECES Candy"
168765,"Dolciumi, ROLO Caramels in Milk Chocolate"
168766,"Dolciumi, NESTLE, AFTER EIGHT Mints"
168767,"Dolciumi, MARS SNACKFOOD US, 3 MUSKETEERS Bar"
168768,"Dolciumi, MARS SNACKFOOD US, TWIX Caramel Cookie Bars"
168769,"Dolciumi, MARS SNACKFOOD US, TWIX Peanut Butter Cookie Bars"
168770,"Dolciumi, WHATCHAMACALLIT Candy Bar"
168771,Gomma da masticare
168772,"Crema all'uovo, preparato in polvere"
168773,"Crema all'uovo, preparato in polvere, preparato con latte intero"
168774,"Cacao, polvere secca, non zuccherato, HERSHEY'S European Style Cocoa"
168775,"Dessert di gelatina, preparato in polvere"
168776,"Dolciumi, YORK BITES"
168777,"Dessert, mousse, cioccolato, fatto in casa"
168778,"Budini, cioccolato, pronto da mangiare"
168779,"Budini, cioccolato, preparato in polvere, istantaneo"
168780,"Budini, cioccolato, preparato in polvere, normale, preparato con latte parzialmente scremato"
168781,"Budini, crema di cocco, preparato in polvere, istantaneo, preparato con latte parzialmente scremato"
168782,"Budini, riso, pronto da mangiare"
168783,"Budini, riso, preparato in polvere"
168784,"Budini, vaniglia, preparato in polvere, istantaneo"
168785,"Budini, vaniglia, preparato in polvere, istantaneo, preparato con latte intero"
168786,"Budini, limone, preparato in polvere, istantaneo, preparato con latte parzialmente scremato"
168787,"Crema all'uovo, preparato in polvere, preparato con latte parzialmente scremato"
168788,"Budini, vaniglia, preparato in polvere, normale, preparato con latte parzialmente scremato"
168789,"Caglio, cioccolato, preparato in polvere, preparato con latte parzialmente scremato"
168790,"Caglio, vaniglia, preparato in polvere, preparato con latte parzialmente scremato"
168791,"Dolciumi, pralina, fatto in casa"
168792,"Dessert, caglio, vaniglia, preparato in polvere"
168793,"Caglio, vaniglia, preparato in polvere, preparato con latte intero"
168794,"Dessert, caglio, in compresse, non zuccherato"
168795,"Glasse, cioccolato, cremoso, pronto da mangiare"
168796,"Flan, crème caramel, preparato in polvere, preparato con latte intero"
168797,"Budini, vaniglia, pronto da mangiare, senza grassi"
168798,"Budini, tapioca, pronto da mangiare, senza grassi"
168799,"Budini, cioccolato, pronto da mangiare, senza grassi"
168800,"Glasse, cioccolato, cremoso, preparato in polvere, preparato con burro"
168801,"Dolciumi, HEATH BITES"
168802,"Glasse, vaniglia, cremoso, preparato in polvere"
168803,"Glasse, bianco, soffice, preparato in polvere"
168804,"Dolciumi, MARS SNACKFOOD US, DOVE Milk Chocolate"
168805,"Dolciumi, MARS SNACKFOOD US, DOVE Dark Chocolate"
168806,"Dolciumi, MARS SNACKFOOD US, MILKY WAY Caramels, ricoperto di cioccolato al latte"
168807,"Dolciumi, MARS SNACKFOOD US, MILKY WAY Caramels. dark chocolate covered"
168808,"Snack, GENERAL MILLS, BETTY CROCKER Fruit Roll Ups, gusto frutti di bosco, con vitamina C"
168809,"Gelati, cioccolato"
168810,"Gelati, fragola"
168811,"Snack, FARLEY CANDY, FARLEY Fruit Snacks, con vitamine A, C, ed E"
168812,"Gelati confezionati, tipo ghiacciolo, italiano, preparato al ristorante"
168813,"Gelati confezionati, tipo ghiacciolo, pop"
168814,"Dolciumi, MARS SNACKFOOD US, M&M's Crispy Chocolate Candies"
168815,"Yogurt gelato, vaniglia, soft"
168816,"Creme di frutta, mela"
168817,"Dolciumi, fudge, cioccolato e marshmallow, con frutta secca, fatto in casa"
168818,"Dolciumi, MARS SNACKFOOD US, SNICKERS Almond bar"
168819,"Marmellata di agrumi, arancia"
168820,Melassa
168821,"Pectina, non zuccherato, preparato in polvere"
168822,"Ripieni per torta, mela, in scatola"
168823,"Dolciumi, MARS SNACKFOOD US, STARBURST Fruit Chews, Frutti tropicali"
168824,"Ripieni per torta, in scatola, ciliegia"
168825,"Budini, banana, preparato in polvere, normale, preparato con latte intero"
168826,"Budini, crema di cocco, preparato in polvere, istantaneo"
168827,"Budini, crema di cocco, preparato in polvere, istantaneo, preparato con latte intero"
168828,"Budini, crema di cocco, preparato in polvere, normale"
168829,"Budini, crema di cocco, preparato in polvere, normale, preparato con latte intero"
168830,"Budini, limone, preparato in polvere, istantaneo, preparato con latte intero"
168831,"Budini, limone, preparato in polvere, normale"
168832,"Budino, limone, preparato in polvere, normale, preparato con zucchero, tuorlo e acqua"
168833,"Zuccheri, scuro"
168834,"Sciroppi, cioccolato, HERSHEY'S Genuine Chocolate Flavored Lite Syrup"
168835,"Sciroppi, cioccolato, tipo fudge"
168836,"Sciroppi, mais, scuro"
168837,"Sciroppi, mais, leggero"
168838,"Sciroppi, miscele da tavola, pancake, con 2% di acero"
168839,"Sciroppi, miscele da tavola, mais, di raffineria, e zucchero"
168840,"Dolciumi, MARS SNACKFOOD US, SKITTLES Wild Berry Bite Size Candies"
168841,"Guarnizioni, butterscotch o caramello"
168842,"Dolciumi, MARS SNACKFOOD US, SKITTLES Sours Original"
168843,"Dolciumi, MARS SNACKFOOD US, SKITTLES Original Bite Size Candies"
168844,"Glasse, vaniglia, cremoso, preparato in polvere, preparato con margarina"
168845,"Glasse, cioccolato, cremoso, preparato in polvere, preparato con margarina"
168846,"Dolciumi, divinity, fatto in casa"
168847,"Gelati confezionati, tipo ghiacciolo, ananas e cocco"
168848,"Yogurt gelato, cioccolato, soft"
168849,"Snack, chips di banana"
168850,"Snack, bastoncini di manzo, affumicato"
168851,"Snack, cotenne di maiale, gusto barbecue"
168852,"Glasse, glassa, cioccolato, fatto in casa, con burro, NFSMI Recipe No. C-32"
168853,"Snack, patatine in sacchetto, da patate disidratate, naturale"
168854,"Snack, bastoncini di patate"
168855,"Snack, gallette di riso, riso integrale, segale"
168856,"Snack, bastoncini al sesamo, a base di grano, salato"
168857,"Snack, gallette di mais"
168858,"Snack, tortilla chips, gusto nacho, a ridotto contenuto di grassi"
168859,"Tortilla chips, a basso contenuto di grassi, al forno senza grassi"
168860,"Snack soffiati al formaggio, a base di mais, al forno, a basso contenuto di grassi"
168861,"Snack, barretta di granola, ripieno di frutta, senza grassi"
168862,"Snack, KELLOGG, KELLOGG'S, NUTRI-GRAIN Cereal Bars, frutta"
168863,"Snack, tortilla chips, a basso contenuto di grassi, con olestra, formaggio nacho"
168864,"Snack, patatine in sacchetto, da patate disidratate, senza grassi, con olestra"
168865,"Snack, chips di taro"
168866,"Budini, banana, preparato in polvere, istantaneo, con olio aggiunto"
168867,"Farina di mais, degerminato, arricchito, giallo"
168868,"Farina di mais, giallo, autolievitante, abburattata, naturale, arricchito"
168869,"Farina di mais, giallo, autolievitante, abburattata, con farina di grano aggiunta, arricchito"
168870,"Farina di mais, giallo, autolievitante, degerminato, arricchito"
168871,"Miglio, cotto"
168872,"Crusca d'avena, crudo"
168873,"Crusca d'avena, cotto"
168874,"Quinoa, non cotto"
168875,"Riso, scuro, a chicco medio, cotto"
168876,"Riso, scuro, parboiled, secco, UNCLE BEN'S"
168877,"Riso, bianco, a chicco lungo, normale, crudo, arricchito"
168878,"Riso, bianco, a chicco lungo, normale, arricchito, cotto"
168879,"Riso, bianco, a chicco medio, crudo, arricchito"
168880,"Riso, bianco, a chicco medio, arricchito, cotto"
168881,"Riso, bianco, a chicco corto, arricchito, non cotto"
168882,"Riso, bianco, a chicco corto, arricchito, cotto"
168883,"Riso, bianco, glutinoso, non arricchito, non cotto"
168884,Segale in chicchi
168885,"Farina di segale, scuro"
168886,"Farina di segale, medio"
168887,"Farina di segale, leggero"
168888,"Farina di triticale, integrale"
168889,"Grano, duro rosso primaverile"
168890,"Grano, duro rosso invernale"
168891,"Grano, tenero rosso invernale"
168892,"Germe di grano, grezzo"
168893,"Farina di grano, integrale"
168894,"Farina di grano, bianco, per tutti gli usi, arricchito, sbiancata"
168895,"Farina di grano, bianco, per tutti gli usi, autolievitante, arricchito"
168896,"Farina di grano, bianco, pane, arricchito"
168897,"Riso selvatico, cotto"
168898,"Farina di riso, scuro"
168899,"Pasta, senza glutine, mais, secco"
168900,"Pasta, senza glutine, mais, cotto"
168901,"Pasta, fatto in casa, con uovo, cotto"
168902,"Pasta, fatto in casa, senza uovo, cotto"
168903,"Maccheroni, vegetale, arricchito, secco"
168904,"Maccheroni, vegetale, arricchito, cotto"
168905,"Noodle, cinese, chow mein"
168906,"Noodle, giapponese, soba, secco"
168907,"Noodle, giapponese, soba, cotto"
168908,"Noodle, giapponese, somen, secco"
168909,"Noodle, giapponese, somen, cotto"
168910,"Pasta, integrale, cotto"
168911,"Spaghetti, spinaci, secco"
168912,"Spaghetti, spinaci, cotto"
168913,"Farine di grano, pane, non arricchito"
168914,"Noodle di riso, cotto"
168915,"Pasta, integrale, 51% integrale, semola non arricchita residua, secco"
168916,"Pasta, integrale, 51% integrale, semola non arricchita residua, cotto"
168917,"Quinoa, cotto"
168918,"Teff, cotto"
168919,"Noodle, uovo, cotto, arricchito, con sale aggiunto"
168920,"Mais in chicchi, bianco"
168921,"Farina di mais fine, integrale, blu (harina de maíz morado)"
168922,"Farina di mais, degerminato, arricchito, bianco"
168923,"Farina di mais, bianco, autolievitante, abburattata, naturale, arricchito"
168924,"Farina di mais, bianco, autolievitante, abburattata, con farina di grano aggiunta, arricchito"
168925,"Farina di mais, bianco, autolievitante, degerminato, arricchito"
168926,"Noodle, uovo, non arricchito, cotto, senza sale aggiunto"
168927,"Pasta, secco, non arricchito"
168928,"Pasta, cotto, non arricchito, senza sale aggiunto"
168929,"Farina di mais, degerminato, non arricchito, giallo"
168930,"Riso, bianco, a chicco medio, cotto, non arricchito"
168931,"Riso, bianco, a chicco corto, crudo, non arricchito"
168932,"Riso, bianco, a chicco corto, cotto, non arricchito"
168933,"Semola, non arricchito"
168934,"Spaghetti, fortificato con proteine, cotto, arricchito (N x 6,25)"
168935,"Riso, bianco, a chicco lungo, normale, cotto, non arricchito, con sale"
168936,"Farina di grano, bianco, per tutti gli usi, arricchito, non sbiancata"
168937,"Spaghetti, fortificato con proteine, secco, arricchito (N x 6,25)"
168938,"Farina di grano, bianco (industriale), 10% proteine, non sbiancata, arricchito"
168939,"Farina di grano, bianco (industriale), 11,5% proteine, sbiancata, arricchito"
168940,"Farina di grano, bianco (industriale), 11,5% proteine, sbiancata, non arricchito"
168941,"Farina di grano, bianco (industriale), 11,5% proteine, non sbiancata, arricchito"
168942,"Farina di grano, bianco (industriale), 13% proteine, sbiancata, arricchito"
168943,"Farina di sorgo, integrale"
168944,"Farina di grano, integrale, grano tenero"
168945,"Patate, a polpa gialla, patate rosolate, sminuzzato, sale aggiunto in lavorazione, surgelato, non preparato"
168946,"Patate, fritto, a spicchi, surgelato, non preparato"
168947,"Patate, fritto, a bastoncini grossi, senza sale aggiunto in lavorazione, surgelato, non preparato"
168948,"Patate, fritto, taglio trasversale, surgelato, non preparato"
168949,"Preparato di riso e vermicelli, gusto manzo, non preparato"
168950,"Preparato di riso e vermicelli, gusto manzo, preparato con margarina all'80%"
168951,"Preparato di riso e vermicelli, gusto riso pilaf, non preparato"
168952,"Preparato di riso e vermicelli, gusto riso pilaf, preparato con margarina all'80%"
168953,"Preparato per pasta, maccheroni al cheeseburger classico, non preparato"
168954,"Preparato per pasta, manzo classico, non preparato"
168955,"Preparato per pasta, lasagne all'italiana, non preparato"
168956,"Riso giallo condito, preparato in bustina, non preparato"
168957,"Rotolini di pizza, surgelato, non preparato"
168958,"Preparato per pasta, lasagne ai quattro formaggi, non preparato"
168959,"Preparato per riso alla spagnola, preparato in polvere, non preparato"
168960,"Lasagne, formaggio, surgelato, non preparato"
168961,"Pollo, sovracosce, surgelato, impanato, riscaldato"
168962,"Fagottino, ripieno di carne e formaggio, salsa a base di pomodoro, a ridotto contenuto di grassi, surgelato"
168963,"Fagottino, ripieno di uovo, carne e formaggio, surgelato"
168964,"Preparato per riso, bianco e selvatico, aromatizzato, non preparato"
168965,"Hamburger Salisbury con sugo, surgelato"
168966,"Latte formulato per lattanti, MEAD JOHNSON, ENFAMIL, Neonati, con ARA e DHA, in polvere"
168967,"Latte formulato per lattanti, MEAD JOHNSON, ENFAMIL, Premium LIPIL, Lattanti, in polvere"
168968,"Latte formulato per lattanti, MEAD JOHNSON, ENFAMIL, Premium LIPIL, Lattanti, concentrato liquido, non ricostituito"
168969,"Latte formulato per lattanti, MEAD JOHNSON, ENFAMIL, Premium, Lattanti, concentrato liquido, non ricostituito"
168970,"Latte formulato per lattanti, MEAD JOHNSON, ENFAMIL, ENFAGROW, GENTLEASE, Alimenti di transizione per bambini piccoli, con ARA e DHA, in polvere"
168971,"Latte formulato per lattanti, ABBOTT NUTRITION, SIMILAC, GO AND GROW, in polvere, con ARA e DHA"
168972,"Latte formulato per lattanti, GERBER, GOOD START 2 SOY, con ferro, in polvere"
168973,"Latte formulato per lattanti, MEAD JOHNSON, ENFAMIL, NUTRAMIGEN, PurAmino, in polvere, non ricostituito"
168974,"Latte formulato per lattanti, MEAD JOHNSON, ENFAMIL, Prematuri, 20 calorie pronto all'uso a basso contenuto di ferro"
168975,"Alimenti per l'infanzia, cereali di riso, secco, EARTHS BEST ORGANIC WHOLE GRAIN, fortificato solo con ferro"
168976,"Agutuk, pesce e bacche con olio di foca (gelato dell'Alaska) (nativi dell'Alaska)"
168977,"Agutuk, carne di caribù (gelato dell'Alaska) (nativi dell'Alaska)"
168978,Ascidie (tunughnak) (nativi dell'Alaska)
168979,"Balena, beluga, pinna, crudo (nativi dell'Alaska)"
168980,"Balena, beluga, fegato, crudo (nativi dell'Alaska)"
168981,"Olio, beluga, balena (nativi dell'Alaska)"
168982,"More, selvatico, crudo (nativi dell'Alaska)"
168983,"Caribù, fegato, crudo (nativi dell'Alaska)"
168984,"Stufato o zuppa, caribù (nativi dell'Alaska)"
168985,"Caribù, lingua, crudo (nativi dell'Alaska)"
168986,"Chitone, coriaceo, gumboots (nativi dell'Alaska)"
168987,"Pesce, devilfish, carne (nativi dell'Alaska)"
168988,"Epilobio, foglie giovani, crudo (nativi dell'Alaska)"
168989,"Pesce, uova di aringa su kelp gigante, del Pacifico (nativi dell'Alaska)"
168990,"Pesce, uova di aringa, del Pacifico, secco (nativi dell'Alaska)"
168991,"Stufato, alce (nativi dell'Alaska)"
168992,"Agave, cotto (Sud-ovest)"
168993,"Agave, essiccato (Sud-ovest)"
168994,"Tifa, germogli a foglia stretta (indiani delle Pianure del Nord)"
168995,"Farinello, crudo (indiani delle Pianure del Nord)"
168996,"Rape della prateria, lessato (indiani delle Pianure del Nord)"
168997,"Lamponi, selvatico (indiani delle Pianure del Nord)"
168998,"Cinorrodi (bacche di rosa), selvatico (indiani delle Pianure del Nord)"
168999,"Ciliegie di Virginia, crudo, denocciolato (indiani delle Pianure del Nord)"
169000,"Leone marino, di Steller, fegato (nativi dell'Alaska)"
169001,"Leone marino, di Steller, rene (nativi dell'Alaska)"
169002,"Leone marino, di Steller, cuore (nativi dell'Alaska)"
169003,"Leone marino, di Steller, carne (nativi dell'Alaska)"
169004,"Pane piki, di farina di mais blu (Hopi)"
169005,"Wocas, tubero, cotto, Oregon, ninfea gialla (Klamath)"
169006,"Stufato, fagioli pinto e mais nixtamalizzato, badufsuki (Hopi)"
169007,"Tamales, ripieno di masa e maiale (Hopi)"
169008,"APPLEBEE'S, Double Crunch Shrimp"
169009,"APPLEBEE'S, patatine fritte"
169010,"APPLEBEE'S, KRAFT, maccheroni al formaggio, dal menu bambini"
169011,"APPLEBEE'S, bastoncini di mozzarella"
169012,"APPLEBEE'S, filetti di pollo impanati, dal menu bambini"
169013,"T.G.I. FRIDAY'S, bastoncini di pollo, dal menu bambini"
169014,"T.G.I. FRIDAY'S, bistecca di scamone classica (280 g)"
169015,"Ristorante, stile familiare, bastoncini di mozzarella fritti"
169016,"Ristorante, stile familiare, bistecca di scamone"
169017,"APPLEBEE'S, pesce, in pastella a mano"
169018,"APPLEBEE'S, chili"
169019,"T.G.I. FRIDAY'S, bastoncini di pollo"
169020,"APPLEBEE'S, insalata di cavolo"
169021,"CRACKER BARREL, anelli di cipolla, taglio spesso"
169022,"DENNY'S, strisce di pollo"
169023,"DENNY'S, insalata di cavolo"
169024,"DENNY'S, filetto di pesce, in pastella o impanato, fritto"
169025,"DENNY'S, patate rosolate"
169026,"Ristorante, stile familiare, insalata di cavolo"
169027,"Ristorante, stile familiare, anelli di cipolla"
169028,"Ristorante, stile familiare, chili con carne e fagioli"
169029,"Ristorante, stile familiare, spaghetti con polpette"
169030,"CARRABBA'S ITALIAN GRILL, lasagne"
169031,"ON THE BORDER, Riso alla messicana"
169032,"ON THE BORDER, fagioli rifritti"
169033,"Ristorante, italiano, spaghetti al pomodoro (senza carne)"
169034,"ON THE BORDER, quesadilla al formaggio"
169035,"Ristorante, messicano, quesadilla al formaggio"
169036,"CARRABBA'S ITALIAN GRILL, ravioli di formaggio con salsa marinara"
169037,"OLIVE GARDEN, ravioli di formaggio con salsa marinara"
169038,"Ristorante, italiano, ravioli di formaggio con salsa marinara"
169039,"Cereali da colazione, cereali d'avena glassati con marshmallow"
169040,"Cereali da colazione, WEETABIX whole grain cereal"
169041,"Cereali da colazione, POST, GREAT GRAINS, uvetta, datteri e pecan"
169042,"Alimenti per l'infanzia, succo, mela e patata dolce"
169043,"Alimenti per l'infanzia, succo, arancia e carota"
169044,"Bevande, Bevanda al succo d'arancia"
169045,"Gomme, gomme di semi (incluse carrube e guar)"
169046,"Snack, patatine in sacchetto, bianco, ricomposto, al forno"
169047,"Alimenti per l'infanzia, prodotto da forno, snack di cereali fortificati"
169048,"Alimenti per l'infanzia, cereali, riso integrale, secco, istantaneo"
169049,"Alimenti per l'infanzia, fagiolini e tacchino, omogeneizzato"
169050,"Formaggio, muenster, a basso contenuto di grassi"
169051,"Formaggio, mozzarella, senza grassi"
169052,"Tipo margarina, miscela burro e margarina, 80% di grassi, in panetto, senza sale"
169053,"Tipo margarina, crema spalmabile di olio vegetale e burro, a ridotto contenuto calorico, in vaschetta, con sale"
169054,"Alimenti per l'infanzia, pasto completo, pollo e riso"
169055,"Condimento per insalata, condimento caesar, normale"
169056,"Condimento per insalata, insalata di cavolo"
169057,"Condimento per insalata, green goddess, normale"
169058,"Marmellate e confetture, senza zucchero (con saccarina), qualsiasi gusto"
169059,"Dolciumi, ricoperto di cioccolato, caramello con frutta secca"
169060,"Dolciumi, torrone, con mandorle"
169061,"Dolciumi, caramelle gommose, senza zucchero o ipocalorico (sorbitolo)"
169062,"Ripieni per torta, ciliegia, a basso contenuto calorico"
169063,"Barrette da colazione, avena, zucchero, uvetta, cocco (inclusa barretta di granola)"
169064,"Pretzel, morbido"
169065,"Fagioli, chili, barbecue, stile ranch, cotto"
169066,"Affettati, senza carne"
169067,"Polpette, senza carne"
169068,Filetti vegetariani
169069,"Crema spalmabile per panini, senza carne"
169070,"Bevanda alcolica, vino, da cucina"
169071,"Bevanda alcolica, vino, leggero"
169072,"Dolcificanti, da tavola, saccarina"
169073,"Bevanda, polvere per colazione istantanea, cioccolato, non ricostituito"
169074,"Salsa di pomodoro, in scatola, senza sale aggiunto"
169075,"Cereali da colazione, ALPEN"
169076,"Cereali da colazione, FAMILIA"
169077,"Cereali da colazione, grano e crusca, zuccherato con frutta secca e frutta"
169078,"Formaggio, cottage, con verdure"
169079,"Formaggio, panna, a basso contenuto di grassi"
169080,"Formaggio, fuso, americano, a basso contenuto di grassi"
169081,"Formaggio spalmabile, a base di formaggio spalmabile"
169082,"Maiale, stile orientale, disidratato"
169083,"Di soia, formaggio fresco"
169084,"Patate, in scatola, solidi scolati, senza sale aggiunto"
169085,"Verdure, miste (mais, fagioli di Lima, piselli, fagiolini, carote) in scatola, senza sale aggiunto"
169086,"Litchi, crudo"
169087,"Litchi, essiccato"
169088,"Loganberry, surgelato"
169089,"Longan, crudo"
169090,"Mangostano, in scatola, in sciroppo"
169091,"Mango, essiccato, zuccherato"
169092,"Meloni, cantalupo, crudo"
169093,"Meloni, casaba, crudo"
169094,"Olive, maturo, in scatola (piccole-extra grandi)"
169095,"Olive, maturo, in scatola (jumbo-super colossal)"
169096,"Olive, sott'aceto, in scatola o in bottiglia, verde"
169097,"Arance, crudo, tutte le varietà commerciali"
169098,"Succo d'arancia, crudo"
169099,"Succo d'arancia, in scatola, non zuccherato"
169100,"Succo d'arancia, refrigerato, anche da concentrato"
169101,"Succo d'arancia, refrigerato, anche da concentrato, con calcio e vitamina D aggiunti"
169102,"Succo d'arancia, concentrato surgelato, non zuccherato, diluito con 3 volumi d'acqua"
169103,"Scorza d'arancia, crudo"
169104,"Succo di arancia e pompelmo, in scatola o in bottiglia, non zuccherato"
169105,"Mandarini, (mandarini), crudo"
169106,"Mandarini, (mandarini), in scatola, nel proprio succo"
169107,"Nettare di papaia, in scatola"
169108,"Frutto della passione, (granadilla), viola, crudo"
169109,"Succo di frutto della passione, viola, crudo"
169110,"Succo di frutto della passione, giallo, crudo"
169111,"Pesche, in scatola, in sciroppo leggero, solidi e liquidi"
169112,"Pesche, in scatola, in sciroppo denso, solidi e liquidi"
169113,"Pesche, in scatola, in sciroppo molto denso, solidi e liquidi"
169114,"Pesche, speziato, in scatola, in sciroppo denso, solidi e liquidi"
169115,"Pesche, essiccato, solforato, in umido, con zuccheri aggiunti"
169116,"Pesche, surgelato, a fette, zuccherato"
169117,"Nettare di pesca, in scatola, con sucralosio, senza acido ascorbico aggiunto"
169118,"Pere, crudo"
169119,"Pere, in scatola, al naturale, solidi e liquidi"
169120,"Pere, in scatola, in sciroppo molto denso, solidi e liquidi"
169121,"Pere, essiccato, solforato, non cotto"
169122,"Pere, essiccato, solforato, in umido, senza zuccheri aggiunti"
169123,"Pere, essiccato, solforato, in umido, con zuccheri aggiunti"
169124,"Ananas, crudo, tutte le varietà"
169125,"Ananas, in scatola, al naturale, solidi e liquidi"
169126,"Ananas, in scatola, nel proprio succo, solidi e liquidi"
169127,"Ananas, in scatola, in sciroppo leggero, solidi e liquidi"
169128,"Succo di ananas, concentrato surgelato, non zuccherato, diluito con 3 volumi d'acqua"
169129,"Pitanga, (ciliegia del Suriname), crudo"
169130,"Platani, giallo, crudo"
169131,"Platani, giallo, al forno"
169132,"Prugne, in scatola, viola, in sciroppo denso, solidi e liquidi"
169133,"Prugne, in scatola, viola, in sciroppo molto denso, solidi e liquidi"
169134,"Melograni, crudo"
169135,"Fagioli di Lima, freschi, cotto, lessato, scolato, senza sale"
169136,"Fagioli di Lima, freschi, in scatola, confezione normale, solidi e liquidi"
169137,"Fagioli mung, secchi, germogliato, cotto, lessato, scolato, senza sale"
169138,"Fagioli mung, secchi, germogliato, cotto, saltato in padella"
169139,"Fagioli, navy (bianchi piccoli), secchi, germogliato, crudo"
169140,"Fagioli, navy (bianchi piccoli), secchi, germogliato, cotto, lessato, scolato, senza sale"
169141,"Fagioli, fagiolini, verde, cotto, lessato, scolato, senza sale"
169142,"Fagioli, fagiolini, verde, in scatola, confezione normale, solidi e liquidi"
169143,"Fagioli, fagiolini, verde, in scatola, confezione normale, solidi scolati"
169144,"Fagioli, fagiolini, in scatola, tutti gli stili, condito, solidi e liquidi"
169145,"Barbabietole, crudo"
169146,"Barbabietole, cotto, lessato, scolato"
169147,"Barbabietole, in scatola, confezione normale, solidi e liquidi"
169148,"Maiale, stagionato, prosciutto cotto con acqua aggiunta, intero, disossato, solo magro, riscaldato, arrosto"
169149,"Maiale, stagionato, prosciutto cotto con acqua aggiunta, intero, disossato, solo magro, non riscaldato"
169150,"Maiale, stagionato, prodotto di prosciutto e acqua, stinco, con osso, solo magro, riscaldato, arrosto"
169151,"Maiale, stagionato, prosciutto cotto con acqua aggiunta, fetta, con osso, solo magro, non riscaldato"
169152,"Maiale, stagionato, prodotto di prosciutto e acqua, culatta, con osso, solo magro, non riscaldato"
169153,"Maiale, stagionato, prodotto di prosciutto e acqua, fetta, con osso, solo magro, non riscaldato"
169154,"Maiale, stagionato, prodotto di prosciutto e acqua, stinco, con osso, non riscaldato, solo magro"
169155,"Maiale, stagionato, prosciutto, grasso separabile, disossato, riscaldato"
169156,"Maiale, stagionato, prosciutto, grasso separabile, disossato, non riscaldato"
169157,"Maiale, stinchi di maiale in salamoia"
169158,"Maiale, stagionato, prosciutto, fetta, con osso, solo magro, riscaldato, in padella senza grassi"
169159,"Maiale, stagionato, prosciutto cotto nei suoi succhi, intero, disossato, magro e grasso, non riscaldato"
169160,"Maiale, stagionato, prodotto di prosciutto e acqua, intero, disossato, magro e grasso, non riscaldato"
169161,"Maiale, stagionato, prodotto di prosciutto e acqua, fetta, con osso, magro e grasso, non riscaldato"
169162,"Maiale, stagionato, prodotto di prosciutto e acqua, stinco, con osso, magro e grasso, non riscaldato"
169163,"Maiale, stagionato, prodotto di prosciutto e acqua, culatta, con osso, magro e grasso, non riscaldato"
169164,"Maiale, stagionato, prosciutto cotto con acqua aggiunta, culatta, con osso, magro e grasso, riscaldato, arrosto"
169165,"Maiale, stagionato, prosciutto cotto con acqua aggiunta, stinco, con osso, magro e grasso, riscaldato, arrosto"
169166,"Maiale, stagionato, prosciutto cotto con acqua aggiunta, fetta, con osso, magro e grasso, riscaldato, in padella senza grassi"
169167,"Maiale, stagionato, prosciutto cotto con acqua aggiunta, fetta, disossato, magro e grasso, riscaldato, in padella senza grassi"
169168,"Maiale, stagionato, prodotto di prosciutto e acqua, fetta, disossato, magro e grasso, riscaldato, in padella senza grassi"
169169,"Maiale, stagionato, prodotto di prosciutto e acqua, intero, disossato, magro e grasso, riscaldato, arrosto"
169170,"Maiale, stagionato, prosciutto cotto nei suoi succhi, culatta, con osso, magro e grasso, riscaldato, arrosto"
169171,"Maiale, stagionato, prosciutto cotto nei suoi succhi, stinco, con osso, magro e grasso, riscaldato, arrosto"
169172,"Maiale, stagionato, prosciutto cotto nei suoi succhi, fetta, con osso, magro e grasso, riscaldato, in padella senza grassi"
169173,"Maiale, stagionato, prosciutto, culatta, con osso, solo magro, riscaldato, arrosto"
169174,"Maiale, stagionato, prosciutto, culatta, con osso, solo magro, non riscaldato"
169175,"Maiale, stagionato, prosciutto, stinco, con osso, solo magro, riscaldato, arrosto"
169176,"Maiale, stagionato, prosciutto, stinco, con osso, solo magro, non riscaldato"
169177,"Maiale, stagionato, prosciutto, fetta, con osso, magro e grasso, non riscaldato"
169178,"Maiale, fresco, costine, magro e grasso, cotto, arrosto"
169179,"Maiale, fresco, insieme di grasso separabile, con soluzione aggiunta, crudo"
169180,"Maiale, fresco, lombata, filetto, solo magro, con soluzione aggiunta, cotto, arrosto"
169181,"Maiale, fresco, lombata, controfiletto (braciole), disossato, solo magro, con soluzione aggiunta, crudo"
169182,"Maiale, fresco, lombata, controfiletto (braciole), disossato, magro e grasso, con soluzione aggiunta, crudo"
169183,"Maiale, fresco, lombata, controfiletto (braciole), disossato, magro e grasso, con soluzione aggiunta, cotto, grigliato"
169184,"Maiale, fresco, lombata, filetto, magro e grasso, con soluzione aggiunta, crudo"
169185,"Maiale, fresco, lombata, filetto, magro e grasso, con soluzione aggiunta, cotto, arrosto"
169186,"Maiale, bistecca di copertina di coscia, disossato, magro e grasso, crudo"
169187,"Maiale, Petto di spalla, disossato, magro e grasso, crudo"
169188,"Maiale, Petto di spalla, disossato, magro e grasso, cotto, grigliato"
169189,"Maiale, spalla, filetto di spalla, disossato, magro e grasso, cotto, grigliato"
169190,"Maiale, macinato, 96% magro / 4% grasso, crudo"
169191,"Maiale, macinato, 72% magro / 28% grasso, cotto, sbriciolato"
169192,"Maiale, macinato, 84% magro / 16% grasso, cotto, sbriciolato"
169193,"Maiale, macinato, 96% magro / 4% grasso, cotto, sbriciolato"
169194,"Maiale, fresco, lombata, paletta (braciole o arrosti), disossato, solo magro, crudo"
169195,"Maiale, fresco, lombata, paletta (arrosti), disossato, solo magro, cotto, arrosto"
169196,"Maiale, fresco, lombata, paletta (braciole), disossato, solo magro, disossato, cotto, grigliato"
169197,"Maiale, fresco, lombata, costine stile country, solo magro, disossato, cotto, grigliato"
169198,"Maiale, fresco, lombata, paletta (arrosti), disossato, magro e grasso, cotto, arrosto"
169199,"Maiale, fresco, lombata, costine stile country, magro e grasso, disossato, cotto, grigliato"
169200,"Maiale, fresco, lombata, costine stile country, magro e grasso, con osso, cotto, grigliato"
169201,"Maiale, fresco, lombata, costine stile country, magro e grasso, disossato, cotto, arrosto"
169202,"Foglie di amaranto, cotto, lessato, scolato, senza sale"
169203,"Sagittaria, crudo"
169204,"Sagittaria, cotto, lessato, scolato, senza sale"
169205,"Carciofi, (carciofo comune), crudo"
169206,"Asparagi, in scatola, confezione normale, solidi e liquidi"
169207,"Asparagi, in scatola, solidi scolati"
169208,"Asparagi, surgelato, non preparato"
169209,"Asparagi, surgelato, cotto, lessato, scolato, senza sale"
169210,"Germogli di bambù, crudo"
169211,"Germogli di bambù, cotto, lessato, scolato, senza sale"
169212,"Germogli di bambù, in scatola, solidi scolati"
169213,"Fagioli, kidney, secchi, germogliato, crudo"
169214,"Mais, dolce, giallo, in scatola, in chicchi interi, solidi scolati"
169215,"Mais, dolce, giallo, in scatola, in crema, confezione normale"
169216,"Mais, dolce, giallo, in scatola, sottovuoto, confezione normale"
169217,"Mais, giallo, in chicchi interi, surgelato, al microonde"
169218,"Mais con peperoni rossi e verdi, in scatola, solidi e liquidi"
169219,"Valeriana (songino), crudo"
169220,"Fagioli dall'occhio, freschi, crudo"
169221,"Fagioli dall'occhio, baccelli giovani con semi, cotto, lessato, scolato, senza sale"
169222,"Fagiolo asparago, crudo"
169223,"Fagiolo asparago, cotto, lessato, scolato, senza sale"
169224,"Fagioli dall'occhio, punte fogliari, crudo"
169225,"Cetriolo, sbucciato, crudo"
169226,"Foglie di tarassaco, crudo"
169227,"Foglie di tarassaco, cotto, lessato, scolato, senza sale"
169228,"Melanzana, crudo"
169229,"Melanzana, cotto, lessato, scolato, senza sale"
169230,"Aglio, crudo"
169231,"Zenzero, crudo"
169232,"Zucca a fiasco, a fiore bianco (lagenaria), crudo"
169233,"Zucca a fiasco, a fiore bianco (lagenaria), cotto, lessato, scolato, senza sale"
169234,"Fagioli giacinto, freschi, crudo"
169235,"Fagioli giacinto, freschi, cotto, lessato, scolato, senza sale"
169236,"Topinambur, crudo"
169237,"Orecchio di Giuda, (pepeao), crudo"
169238,"Cavolo riccio, cotto, lessato, scolato, senza sale"
169239,"Cavolo riccio, surgelato, non preparato"
169240,"Cavolo riccio, surgelato, cotto, lessato, scolato, senza sale"
169241,"Kanpyo, (strisce di zucca essiccata)"
169242,"Funghi, shiitake, crudo"
169243,"Funghi, portobello, alla griglia"
169244,"Farinello, crudo"
169245,"Farinello, cotto, lessato, scolato, senza sale"
169246,"Porri, (bulbo e parte bassa delle foglie), crudo"
169247,"Lattuga, romana, crudo"
169248,"Lattuga, iceberg, crudo"
169249,"Lattuga, a foglia verde, crudo"
169250,"Radice di loto, crudo"
169251,"Funghi, bianco, crudo"
169252,"Funghi, bianco, cotto, lessato, scolato, senza sale"
169253,"Funghi, bianco, saltato in padella"
169254,"Funghi, in scatola, solidi scolati"
169255,"Funghi, portobello, crudo"
169256,"Foglie di senape, crudo"
169257,"Foglie di senape, cotto, lessato, scolato, senza sale"
169258,"Foglie di senape, surgelato, non preparato"
169259,"Foglie di senape, surgelato, cotto, lessato, scolato, senza sale"
169260,"Okra, crudo"
169261,"Okra, cotto, lessato, scolato, senza sale"
169262,"Okra, surgelato, non preparato"
169263,"Okra, surgelato, cotto, lessato, scolato, senza sale"
169264,"Patate, fritto, tutti i tipi, sale aggiunto in lavorazione, surgelato, fatto in casa, riscaldato in forno"
169265,"Patate, fritto, taglio cottage, senza sale aggiunto in lavorazione, surgelato, come acquistato"
169266,"Patate, fritto, taglio cottage, senza sale aggiunto in lavorazione, surgelato, riscaldato in forno"
169267,"Patate, surgelato, fritto, prefritto, estruso, non preparato"
169268,"Patate, surgelato, fritto, prefritto, estruso, preparato, riscaldato in forno, senza sale"
169269,"Insalata di patate, fatto in casa"
169270,"Fiori di zucca, crudo"
169271,"Fiori di zucca, cotto, lessato, scolato, senza sale"
169272,"Foglie di zucca, crudo"
169273,"Preparato per torta di zucca, in scatola"
169274,"Portulaca, crudo"
169275,"Portulaca, cotto, lessato, scolato, senza sale"
169276,"Ravanelli, crudo"
169277,"Scorzobianca, (scorzobianca), crudo"
169278,"Scorzobianca, cotto, lessato, scolato, senza sale"
169279,"Crauti, in scatola, solidi e liquidi"
169280,"Alghe, agar, crudo"
169281,"Fiori di sesbania, cotto, al vapore, senza sale"
169282,"Soia, verde, crudo"
169283,"Soia, verde, cotto, lessato, scolato, senza sale"
169284,"Soia, secchi, germogliato, crudo"
169285,"Spinaci, in scatola, confezione normale, solidi e liquidi"
169286,"Spinaci, in scatola, confezione normale, solidi scolati"
169287,"Spinaci, surgelato, tritati o in foglie, non preparato"
169288,"Spinaci, surgelato, tritati o in foglie, cotto, lessato, scolato, senza sale"
169289,"Zucca, estivo, capasanta, crudo"
169290,"Zucca, estivo, capasanta, cotto, lessato, scolato, senza sale"
169291,"Zucca, estivo, zucchine, con buccia, crudo"
169292,"Zucca, estivo, zucchine, con buccia, cotto, lessato, scolato, senza sale"
169293,"Zucca, invernale, ghianda (acorn), cotto, al forno, senza sale"
169294,"Zucca, invernale, ghianda (acorn), cotto, lessato, purè, senza sale"
169295,"Zucca, invernale, butternut, crudo"
169296,"Zucca, invernale, butternut, cotto, al forno, senza sale"
169297,"Zucca, invernale, hubbard, cotto, lessato, purè, senza sale"
169298,"Zucca, invernale, spaghetti, crudo"
169299,"Zucca, invernale, spaghetti, cotto, lessato, scolato, o al forno, senza sale"
169300,"Succotash, (mais e fagioli di Lima), crudo"
169301,"Spinacio d'acqua, crudo"
169302,"Spinacio d'acqua, cotto, lessato, scolato, senza sale"
169303,"Foglie di patata dolce, crudo"
169304,"Foglie di patata dolce, cotto, al vapore, senza sale"
169305,"Patata dolce, in scatola, purè"
169306,"Patata dolce, surgelato, non preparato"
169307,"Patata dolce, surgelato, cotto, al forno, senza sale"
169308,"Taro, crudo"
169309,"Germogli di taro, cotto, senza sale"
169310,"Taro, tahitiano, crudo"
169311,"Carciofi, (carciofo comune), cotto, lessato, scolato, con sale"
169312,"Carciofi, (carciofo comune), surgelato, cotto, lessato, scolato, con sale"
169313,"Asparagi, cotto, lessato, scolato, con sale"
169314,"Asparagi, in scatola, senza sale aggiunto, solidi e liquidi"
169315,"Fagioli, kidney, secchi, germogliato, cotto, lessato, scolato, con sale"
169316,"Fagioli di Lima, freschi, cotto, lessato, scolato, con sale"
169317,"Fagioli di Lima, freschi, in scatola, senza sale aggiunto, solidi e liquidi"
169318,"Fagioli di Lima, freschi, surgelato, baby, cotto, lessato, scolato, con sale"
169319,"Fagioli, pinto, secchi, germogliato, cotto, lessato, scolato, con sale"
169320,"Fagioli, fagiolini, giallo, crudo"
169321,"Fagioli, fagiolini, verde, cotto, lessato, scolato, con sale"
169322,"Fagioli, fagiolini, giallo, cotto, lessato, scolato, senza sale"
169323,"Fagioli, fagiolini, giallo, cotto, lessato, scolato, con sale"
169324,"Fagioli, fagiolini, giallo, surgelato, tutti gli stili, non preparato"
169325,"Fagioli, fagiolini, verde, surgelato, cotto, lessato, scolato, con sale"
169326,"Fagioli, fagiolini, giallo, surgelato, cotto, lessato, scolato, senza sale"
169327,"Fagioli, fagiolini, giallo, surgelato, cotto, lessato, scolato, con sale"
169328,"Fave, freschi, cotto, lessato, scolato, con sale"
169329,"Broccoli, foglie, crudo"
169330,"Broccoli, infiorescenze, crudo"
169331,"Broccoli, gambi, crudo"
169332,"Cavolini di Bruxelles, surgelato, cotto, lessato, scolato, con sale"
169333,"Radice di bardana, cotto, lessato, scolato, con sale"
169334,"Farfaraccio, cotto, lessato, scolato, con sale"
169335,"Cavolo, comune (danese, domestico e a punta), appena raccolto, crudo"
169336,"Cavolo, comune (danese, domestico e a punta), conservato, crudo"
169337,"Cavolo, cinese (pe-tsai), cotto, lessato, scolato, con sale"
169338,"Cardo, cotto, lessato, scolato, con sale"
169339,"Carote, cotto, lessato, scolato, con sale"
169340,"Carote, in scatola, senza sale aggiunto, solidi e liquidi"
169341,"Sedano rapa, cotto, lessato, scolato, con sale"
169342,"Sedano, cotto, lessato, scolato, con sale"
169343,"Bietola, svizzero, cotto, lessato, scolato, con sale"
169344,"Chayote, frutta, cotto, lessato, scolato, con sale"
169345,"Mais, dolce, giallo, in scatola, senza sale aggiunto, solidi e liquidi"
169346,"Mais, dolce, giallo, in scatola, in crema, senza sale aggiunto"
169347,"Mais, dolce, giallo, in scatola, sottovuoto, senza sale aggiunto"
169348,"Mais, dolce, giallo, surgelato, chicchi, sgranati, lessato, scolato, con sale"
169349,"Mais, dolce, giallo, surgelato, chicchi sulla pannocchia, cotto, lessato, scolato, con sale"
169350,"Crescione, da giardino, cotto, lessato, scolato, con sale"
169351,"Foglie di tarassaco, cotto, lessato, scolato, con sale"
169352,"Melanzana, cotto, lessato, scolato, con sale"
169353,"Zucca a fiasco, a fiore bianco (lagenaria), cotto, lessato, scolato, con sale"
169354,"Iuta, da cucina, cotto, lessato, scolato, con sale"
169355,"Cavolo riccio, cotto, lessato, scolato, con sale"
169356,"Cavolo riccio, surgelato, cotto, lessato, scolato, con sale"
169357,"Cavolo rapa, cotto, lessato, scolato, con sale"
169358,"Jicama, cotto, lessato, scolato, con sale"
169359,"Fagiolo asparago, cotto, lessato, scolato, con sale"
169360,"Mais, dolce, bianco, in scatola, in chicchi interi, senza sale aggiunto, solidi e liquidi"
169361,"Mais, dolce, bianco, in scatola, in chicchi interi, solidi scolati"
169362,"Mais, dolce, bianco, in scatola, in crema, confezione normale"
169363,"Mais, dolce, bianco, in scatola, in crema, senza sale aggiunto"
169364,"Mais, dolce, bianco, surgelato, chicchi sgranati, lessato, scolato, con sale"
169365,"Mais, dolce, bianco, surgelato, chicchi sulla pannocchia, non preparato"
169366,"Mais, dolce, bianco, surgelato, chicchi sulla pannocchia, cotto, lessato, scolato, senza sale"
169367,"Mais, dolce, bianco, surgelato, chicchi sulla pannocchia, cotto, lessato, scolato, con sale"
169368,"Fiori di sesbania, cotto, al vapore, con sale"
169369,"Soia, secchi, germogliato, cotto, al vapore, con sale"
169370,"Soia, secchi, germogliato, cotto, saltato in padella, con sale"
169371,"Romice, cotto, lessato, scolato, con sale"
169372,"Patate, purè, disidratato, preparato da fiocchi senza latte, con latte intero e margarina aggiunti"
169373,"Peperoni, dolce, rosso, liofilizzato"
169374,"Fagioli, fagiolini, giallo, in scatola, confezione normale, solidi scolati"
169375,"Fagioli, fagiolini, giallo, in scatola, senza sale aggiunto, solidi scolati"
169376,"Funghi, bianco, esposti a luce ultravioletta, crudo"
169377,"Funghi, portobello, esposti a luce ultravioletta, alla griglia"
169378,"Sottaceti, cetriolo, dolci (inclusi bread and butter)"
169379,"Sottaceti, cetriolo, aspro"
169380,"Sottaceti, cetriolo, dolce, a basso contenuto di sodio (inclusi bread and butter)"
169381,"Ketchup, a basso contenuto di sodio"
169382,"Funghi, enoki, crudo"
169383,"Peperoni, dolce, giallo, crudo"
169384,"Pomodori, secchi al sole, sott'olio, scolato"
169385,"Finocchio, bulbo, crudo"
169386,"Relish di cetriolini, hamburger"
169387,"Rucola, crudo"
169388,"Nopales, cotto, senza sale"
169389,"Cavolfiore, verde, crudo"
169390,"Cavolfiore, verde, cotto, senza sale aggiunto"
169391,"Cavolfiore, verde, cotto, con sale"
169392,"Broccoli, cinese, cotto"
169393,"Foglie di vite, in scatola"
169394,"Pepe, banana, crudo"
169395,"Peperoni, serrano, crudo"
169396,"Peperoni, ancho, essiccato"
169397,"Sottaceti, chowchow, con cavolfiore, cipolla e senape, dolce"
169398,"Epazote, crudo"
169399,"Epilobio, foglie, crudo"
169400,"Spinacio del Malabar, cotto"
169401,"Yautia (tannia), crudo"
169402,"Funghi, bianco, al microonde"
169403,"Funghi, maitake, crudo"
169404,"Broccoli, cinese, crudo"
169405,"Germogli di felce, crudo"
169406,"Semi, burro di sesamo, tahina, da semi non tostati (tegumento rimosso non chimicamente)"
169407,"Semi, semi di anguria decorticati, essiccato"
169408,"Frutta secca a guscio, castagne, giapponese, essiccato"
169409,"Frutta secca a guscio, latte di cocco, surgelato (liquido estratto da polpa grattugiata e acqua)"
169410,"Semi, burro di sesamo, tahina, da semi crudi macinati a pietra"
169411,"Frutta secca a guscio, formulato, a base di grano, tutti i gusti tranne macadamia, senza sale"
169412,"Semi, semi di sesamo decorticati, essiccati (decorticati)"
169413,"Frutta secca a guscio, castagne, giapponese, crudo"
169414,"Semi, semi di lino"
169415,"Semi, semi di zucca decorticati, arrosto, con sale aggiunto"
169416,"Semi, semi di sesamo decorticati, tostato, con sale aggiunto (decorticati)"
169417,"Semi, semi di girasole sgusciati, tostato a secco, con sale aggiunto"
169418,"Semi, semi di girasole decorticati, tostato a secco, con sale aggiunto"
169419,"Frutta secca a guscio, mandorle, tostato in olio, con sale aggiunto"
169420,"Frutta secca a guscio, mandorle, tostato in olio, con sale aggiunto, gusto affumicato"
169421,"Frutta secca a guscio, anacardi, tostato a secco, con sale aggiunto"
169422,"Frutta secca a guscio, anacardi, tostato in olio, con sale aggiunto"
169423,"Frutta secca a guscio, frutta secca mista, tostato in olio, senza arachidi, con sale aggiunto"
169424,"Frutta secca a guscio, noci pecan, tostato a secco, con sale aggiunto"
169425,"Frutta secca a guscio, noci pecan, tostato in olio, con sale aggiunto"
169426,"Frutta secca a guscio, pistacchi, tostato a secco, con sale aggiunto"
169427,"Frutta secca a guscio, frutta secca mista, tostato in olio, con arachidi, leggermente salato"
169428,"Frutta secca a guscio, frutta secca mista, tostato in olio, senza arachidi, leggermente salato"
169429,"Manzo, allevato a erba, bistecche di controfiletto, solo magro, crudo"
169430,"Manzo, carcassa, magro e grasso, grado choice, crudo"
169431,"Manzo, carcassa, magro e grasso, grado select, crudo"
169432,"Manzo, punta di petto, metà piatta, magro e grasso, grasso rifilato a 3 mm, grado select, cotto, brasato"
169433,"Manzo, bavetta, bistecca, magro e grasso, grasso rifilato a 0 mm, grado choice, crudo"
169434,"Manzo, bavetta, bistecca, magro e grasso, grasso rifilato a 0 mm, grado choice, cotto, brasato"
169435,"Manzo, bavetta, bistecca, magro e grasso, grasso rifilato a 0 mm, grado choice, cotto, grigliato"
169436,"Manzo, costata, cuore del taglio, parte posteriore (coste 10-12), magro e grasso, grasso rifilato a 0 mm, grado choice, cotto, grigliato"
169437,"Manzo, costata, cuore del taglio, parte posteriore (coste 10-12), solo magro, grasso rifilato a 0 mm, grado choice, crudo"
169438,"Manzo, costata, cuore del taglio, parte posteriore (coste 10-12), solo magro, grasso rifilato a 0 mm, grado choice, cotto, grigliato"
169439,"Manzo, costata, costine, magro e grasso, grado choice, crudo"
169440,"Manzo, punta di petto, metà piatta, magro e grasso, grasso rifilato a 0 mm, grado choice, cotto, brasato"
169441,"Manzo, ossobuco, solo magro, grasso rifilato a 6 mm, grado choice, crudo"
169442,"Manzo, ossobuco, solo magro, grasso rifilato a 6 mm, grado choice, cotto, sobbollito"
169443,"Manzo, lombata corta, bistecca porterhouse, solo magro, grasso rifilato a 3 mm, grado choice, crudo"
169444,"Manzo, reale, arrosto sotto paletta, disossato, solo magro, grasso rifilato a 0 mm, tutte le qualità, cotto, brasato"
169445,"Manzo, reale, arrosto o bistecca sotto paletta, disossato, solo magro, grasso rifilato a 0 mm, tutte le qualità, crudo"
169446,"Manzo, reale, arrosto o bistecca sotto paletta, disossato, solo magro, grasso rifilato a 0 mm, grado choice, crudo"
169447,"Manzo, macinato, hamburger, surgelato, cotto, grigliato"
169448,"Manzo, frattaglie, cuore, cotto, sobbollito"
169449,"Manzo, frattaglie, reni, crudo"
169450,"Manzo, frattaglie, reni, cotto, sobbollito"
169451,"Manzo, frattaglie, fegato, crudo"
169452,"Manzo, frattaglie, animelle, crudo"
169453,"Manzo, frattaglie, animelle, cotto, brasato"
169454,"Manzo, frattaglie, milza, crudo"
169455,"Manzo, lombata, bistecca di controfiletto, disossato, senza copertina, solo magro, grasso rifilato a 0 mm, grado choice, cotto, alla griglia"
169456,"Manzo, lombata, bistecca di controfiletto, disossato, senza copertina, solo magro, grasso rifilato a 0 mm, grado select, cotto, alla griglia"
169457,"Manzo, scamone, bistecca, magro e grasso, grasso rifilato a 0 mm, tutte le qualità, cotto, grigliato"
169458,"Manzo, scamone, bistecca, magro e grasso, grasso rifilato a 0 mm, grado choice, cotto, grigliato"
169459,"Manzo, lombata corta, bistecca porterhouse, magro e grasso, grasso rifilato a 0 mm, tutte le qualità, cotto, grigliato"
169460,"Manzo, lombata corta, bistecca porterhouse, magro e grasso, grasso rifilato a 0 mm, grado USDA choice, cotto, grigliato"
169461,"Manzo, lombata corta, bistecca porterhouse, magro e grasso, grasso rifilato a 0 mm, grado USDA select, cotto, grigliato"
169462,"Manzo, lombata corta, bistecca porterhouse, solo magro, grasso rifilato a 3 mm, tutte le qualità, crudo"
169463,"Manzo, lombata corta, bistecca porterhouse, solo magro, grasso rifilato a 0 mm, grado select, cotto, grigliato"
169464,"Manzo, lombata corta, bistecca T-bone, magro e grasso, grasso rifilato a 0 mm, tutte le qualità, cotto, grigliato"
169465,"Manzo, lombata corta, bistecca T-bone, magro e grasso, grasso rifilato a 0 mm, grado USDA choice, cotto, grigliato"
169466,"Manzo, lombata corta, bistecca T-bone, magro e grasso, grasso rifilato a 0 mm, grado USDA select, cotto, grigliato"
169467,"Manzo, lombata corta, bistecca T-bone, con osso, solo magro, grasso rifilato a 3 mm, grado select, cotto, alla griglia"
169468,"Manzo, lombata corta, bistecca T-bone, solo magro, grasso rifilato a 0 mm, grado select, cotto, grigliato"
169469,"Manzo, punta di petto, metà piatta, solo magro, grasso rifilato a 0 mm, grado select, cotto, brasato"
169470,"Manzo, coscia, noce, arrosto, magro e grasso, grasso rifilato a 0 mm, tutte le qualità, crudo"
169471,"Manzo, coscia, bistecca di fesa, disossato, solo magro, grasso rifilato a 0 mm, grado choice, cotto, alla griglia"
169472,"Manzo, coscia, bistecca di fesa, disossato, solo magro, grasso rifilato a 0 mm, grado select, cotto, alla griglia"
169473,"Manzo, macinato, 70% magro / 30% grasso, sbriciolato, cotto, rosolato in padella"
169474,"Manzo, macinato, 70% magro / 30% grasso, in forma, cotto, al forno"
169475,"Manzo, bistecca di paletta, disossato, solo magro, grasso rifilato a 0 mm, grado choice, cotto, alla griglia"
169476,"Manzo, bistecca di paletta, disossato, solo magro, grasso rifilato a 0 mm, grado select, cotto, alla griglia"
169477,"Manzo, bistecca di paletta, disossato, solo magro, grasso rifilato a 0 mm, tutte le qualità, crudo"
169478,"Manzo, bistecca di paletta, disossato, solo magro, grasso rifilato a 0 mm, grado choice, crudo"
169479,"Manzo, bistecca di paletta, disossato, magro e grasso, grasso rifilato a 0 mm, tutte le qualità, cotto, alla griglia"
169480,"Manzo, arrosto o bistecca di spalla, disossato, solo magro, grasso rifilato a 0 mm, tutte le qualità, crudo"
169481,"Manzo, arrosto o bistecca di spalla, disossato, solo magro, grasso rifilato a 0 mm, grado choice, crudo"
169482,"Manzo, arrosto o bistecca di spalla, disossato, solo magro, grasso rifilato a 0 mm, grado select, crudo"
169483,"Manzo, insieme di tagli rifilati, magro e grasso, grasso rifilato a 3 mm, tutte le qualità, crudo"
169484,"Manzo, insieme di tagli rifilati, magro e grasso, grasso rifilato a 3 mm, tutte le qualità, cotto"
169485,"Manzo, insieme di tagli rifilati, magro e grasso, grasso rifilato a 3 mm, grado choice, crudo"
169486,"Manzo, insieme di tagli rifilati, magro e grasso, grasso rifilato a 3 mm, grado choice, cotto"
169487,"Manzo, insieme di tagli rifilati, magro e grasso, grasso rifilato a 3 mm, grado select, crudo"
169488,"Manzo, punta di petto, metà piatta, magro e grasso, grasso rifilato a 3 mm, tutte le qualità, cotto, brasato"
169489,"Manzo, punta di petto, metà a punta, magro e grasso, grasso rifilato a 3 mm, tutte le qualità, crudo"
169490,"Manzo, punta di petto, metà a punta, magro e grasso, grasso rifilato a 3 mm, tutte le qualità, cotto, brasato"
169491,"Manzo, reale, arrosto di braccio, magro e grasso, grasso rifilato a 3 mm, tutte le qualità, crudo"
169492,"Manzo, reale, arrosto di braccio, magro e grasso, grasso rifilato a 3 mm, grado select, cotto, brasato"
169493,"Manzo, reale, arrosto di paletta, magro e grasso, grasso rifilato a 3 mm, tutte le qualità, crudo"
169494,"Manzo, reale, arrosto di paletta, magro e grasso, grasso rifilato a 3 mm, tutte le qualità, cotto, brasato"
169495,"Manzo, reale, arrosto di paletta, magro e grasso, grasso rifilato a 3 mm, grado choice, crudo"
169496,"Manzo, arrosto di reale, disossato, America's Beef Roast, solo magro, grasso rifilato a 0 mm, grado choice, cotto, arrosto"
169497,"Manzo, arrosto di reale, disossato, America's Beef Roast, solo magro, grasso rifilato a 0 mm, grado select, cotto, arrosto"
169498,"Manzo, costata, intero (coste 6-12), magro e grasso, grasso rifilato a 3 mm, tutte le qualità, crudo"
169499,"Manzo, costata, intero (coste 6-12), magro e grasso, grasso rifilato a 3 mm, tutte le qualità, cotto, grigliato"
169500,"Manzo, costata, intero (coste 6-12), magro e grasso, grasso rifilato a 3 mm, tutte le qualità, cotto, arrosto"
169501,"Manzo, costata, intero (coste 6-12), magro e grasso, grasso rifilato a 3 mm, grado select, cotto, grigliato"
169502,"Manzo, costata, intero (coste 6-12), magro e grasso, grasso rifilato a 3 mm, grado select, cotto, arrosto"
169503,"Manzo, costata, intero (coste 6-12), magro e grasso, grasso rifilato a 3 mm, grado prime, crudo"
169504,"Manzo, costata, intero (coste 6-12), magro e grasso, grasso rifilato a 3 mm, grado prime, cotto, grigliato"
169505,"Manzo, costata, parte anteriore (coste 6-9), magro e grasso, grasso rifilato a 3 mm, grado choice, crudo"
169506,"Manzo, costata, parte anteriore (coste 6-9), magro e grasso, grasso rifilato a 3 mm, grado choice, cotto, grigliato"
169507,"Manzo, costata, parte anteriore (coste 6-9), magro e grasso, grasso rifilato a 3 mm, grado choice, cotto, arrosto"
169508,"Manzo, costata, parte anteriore (coste 6-9), magro e grasso, grasso rifilato a 3 mm, grado select, crudo"
169509,"Manzo, costata, parte posteriore (coste 10-12), magro e grasso, grasso rifilato a 3 mm, tutte le qualità, crudo"
169510,"Manzo, costata, parte posteriore (coste 10-12), magro e grasso, grasso rifilato a 3 mm, tutte le qualità, cotto, grigliato"
169511,"Manzo, costata, parte posteriore (coste 10-12), magro e grasso, grasso rifilato a 3 mm, tutte le qualità, cotto, arrosto"
169512,"Manzo, costata, parte posteriore (coste 10-12), magro e grasso, grasso rifilato a 3 mm, grado choice, crudo"
169513,"Manzo, costata, parte posteriore (coste 10-12), magro e grasso, grasso rifilato a 3 mm, grado select, cotto, arrosto"
169514,"Manzo, costata, parte posteriore (coste 10-12), magro e grasso, grasso rifilato a 3 mm, grado prime, crudo"
169515,"Manzo, costata, parte posteriore (coste 10-12), magro e grasso, grasso rifilato a 3 mm, grado prime, cotto, grigliato"
169516,"Manzo, costata, parte posteriore (coste 10-12), magro e grasso, grasso rifilato a 3 mm, grado prime, cotto, arrosto"
169517,"Manzo, coscia, taglio intero, magro e grasso, grasso rifilato a 3 mm, grado select, crudo"
169518,"Manzo, coscia, taglio intero, magro e grasso, grasso rifilato a 3 mm, grado select, cotto, grigliato"
169519,"Manzo, coscia, sottofesa, bistecca, magro e grasso, grasso rifilato a 3 mm, tutte le qualità, crudo"
169520,"Manzo, coscia, sottofesa, bistecca, magro e grasso, grasso rifilato a 3 mm, tutte le qualità, cotto, brasato"
169521,"Manzo, coscia, sottofesa, bistecca, magro e grasso, grasso rifilato a 3 mm, grado select, cotto, brasato"
169522,"Manzo, coscia, sottofesa, arrosto, magro e grasso, grasso rifilato a 3 mm, grado select, cotto, arrosto"
169523,"Manzo, coscia, girello, arrosto, magro e grasso, grasso rifilato a 3 mm, tutte le qualità, crudo"
169524,"Manzo, coscia, girello, arrosto, magro e grasso, grasso rifilato a 3 mm, tutte le qualità, cotto, arrosto"
169525,"Manzo, coscia, noce, magro e grasso, grasso rifilato a 3 mm, tutte le qualità, crudo"
169526,"Manzo, coscia, noce, arrosto, magro e grasso, grasso rifilato a 3 mm, tutte le qualità, cotto, arrosto"
169527,"Manzo, coscia, noce, magro e grasso, grasso rifilato a 3 mm, grado choice, crudo"
169528,"Manzo, coscia, noce, arrosto, magro e grasso, grasso rifilato a 3 mm, grado choice, cotto, arrosto"
169529,"Manzo, coscia, fesa, bistecca, magro e grasso, grasso rifilato a 3 mm, tutte le qualità, crudo"
169530,"Manzo, coscia, fesa, magro e grasso, grasso rifilato a 3 mm, tutte le qualità, cotto, brasato"
169531,"Manzo, coscia, bistecca di fesa, magro e grasso, grasso rifilato a 3 mm, tutte le qualità, cotto, grigliato"
169532,"Manzo, coscia, fesa, bistecca, magro e grasso, grasso rifilato a 3 mm, grado choice, crudo"
169533,"Manzo, coscia, fesa, bistecca, magro e grasso, grasso rifilato a 3 mm, grado select, cotto, grigliato"
169534,"Manzo, coscia, fesa, magro e grasso, grasso rifilato a 3 mm, grado prime, crudo"
169535,"Manzo, coscia, fesa, bistecca, magro e grasso, grasso rifilato a 3 mm, grado prime, cotto, grigliato"
169536,"Manzo, bistecca di paletta, disossato, magro e grasso, grasso rifilato a 0 mm, grado select, crudo"
169537,"Manzo, lombata corta, bistecca T-bone, magro e grasso, grasso rifilato a 3 mm, grado choice, cotto, alla griglia"
169538,"Manzo, lombata corta, controfiletto, bistecca, magro e grasso, grasso rifilato a 3 mm, tutte le qualità, crudo"
169539,"Manzo, lombata, controfiletto, magro e grasso, grasso rifilato a 3 mm, tutte le qualità, cotto, alla griglia"
169540,"Manzo, lombata, controfiletto, magro e grasso, grasso rifilato a 3 mm, grado choice, crudo"
169541,"Manzo, lombata corta, controfiletto, magro e grasso, grasso rifilato a 3 mm, grado prime, cotto, grigliato"
169542,"Manzo, filetto, bistecca, magro e grasso, grasso rifilato a 3 mm, tutte le qualità, crudo"
169543,"Manzo, filetto, bistecca, magro e grasso, grasso rifilato a 3 mm, tutte le qualità, cotto, grigliato"
169544,"Manzo, filetto, arrosto, magro e grasso, grasso rifilato a 3 mm, tutte le qualità, cotto, arrosto"
169545,"Manzo, filetto, bistecca, magro e grasso, grasso rifilato a 3 mm, grado choice, crudo"
169546,"Manzo, filetto, arrosto, magro e grasso, grasso rifilato a 3 mm, grado select, cotto, arrosto"
169547,"Manzo, filetto, magro e grasso, grasso rifilato a 3 mm, grado prime, crudo"
169548,"Manzo, filetto, bistecca, magro e grasso, grasso rifilato a 3 mm, grado prime, cotto, grigliato"
169549,"Manzo, filetto, arrosto, magro e grasso, grasso rifilato a 3 mm, grado prime, cotto, arrosto"
169550,"Manzo, scamone, bistecca, magro e grasso, grasso rifilato a 3 mm, grado choice, cotto, in padella"
169551,"Manzo, scamone, bistecca, magro e grasso, grasso rifilato a 3 mm, grado select, crudo"
169552,"Manzo, scamone, bistecca, magro e grasso, grasso rifilato a 3 mm, grado select, cotto, grigliato"
169553,"Manzo, reale, arrosto di polpa di spalla, solo magro, grasso rifilato a 0 mm, grado choice, cotto, arrosto"
169554,"Manzo, bavetta, bistecca, magro e grasso, grasso rifilato a 0 mm, grado select, cotto, grigliato"
169555,"Manzo, punta di petto, metà piatta, magro e grasso, grasso rifilato a 0 mm, grado select, cotto, brasato"
169556,"Manzo, entrecôte, parte posteriore (coste 10-12), magro e grasso, grasso rifilato a 0 mm, grado select, cotto, grigliato"
169557,"Manzo, entrecôte, parte posteriore (coste 10-12), magro e grasso, grasso rifilato a 0 mm, tutte le qualità, cotto, grigliato"
169558,"Manzo, scamone inferiore, punta di scamone (tri-tip), magro e grasso, grasso rifilato a 0 mm, tutte le qualità, cotto, arrosto"
169559,"Manzo, scamone inferiore, punta di scamone (tri-tip), magro e grasso, grasso rifilato a 0 mm, grado select, crudo"
169560,"Manzo, coscia, bistecca di fesa, disossato, magro e grasso, grasso rifilato a 0 mm, tutte le qualità, cotto, alla griglia"
169561,"Manzo, reale, falso filetto, solo magro, grasso rifilato a 0 mm, grado choice, cotto, grigliato"
169562,"Manzo, reale, falso filetto, solo magro, grasso rifilato a 0 mm, grado select, cotto, grigliato"
169563,"Manzo, bavetta, bistecca, magro e grasso, grasso rifilato a 0 mm, tutte le qualità, crudo"
169564,"Manzo, bavetta, bistecca, magro e grasso, grasso rifilato a 0 mm, grado select, crudo"
169565,"Manzo, arrosto di reale, disossato, America's Beef Roast, solo magro, grasso rifilato a 0 mm, tutte le qualità, crudo"
169566,"Manzo, arrosto di reale, disossato, America's Beef Roast, solo magro, grasso rifilato a 0 mm, grado choice, crudo"
169567,"Manzo, reale, costine, disossato, solo magro, grasso rifilato a 0 mm, grado choice, cotto, brasato"
169568,"Manzo, reale, costine, disossato, solo magro, grasso rifilato a 0 mm, grado select, cotto, brasato"
169569,"Manzo, reale, costine, disossato, solo magro, grasso rifilato a 0 mm, tutte le qualità, cotto, brasato"
169570,"Manzo, punta di petto, metà piatta, disossato, magro e grasso, grasso rifilato a 0 mm, grado select, crudo"
169571,"Manzo, lombata, scamone inferiore, punta di scamone (tri-tip), solo magro, grasso rifilato a 0 mm, tutte le qualità, cotto, arrosto"
169572,"Bevanda alcolica, birra, leggero, BUD LIGHT"
169573,"Bevanda alcolica, daiquiri, in scatola"
169574,"Bevanda alcolica, daiquiri, fatto in casa"
169575,"Bevanda alcolica, birra, leggero, a basso contenuto di carboidrati"
169576,"Dolciumi, uvetta ricoperta di cioccolato al latte"
169577,"Sciroppi, miscele da tavola, pancake, a ridotto contenuto calorico"
169578,"Sciroppi, miscele da tavola, pancake"
169579,"Dolciumi, HERSHEY'S POT OF GOLD Almond Bar"
169580,"Dolciumi, tartufi, fatto in casa"
169581,"Cioccolato da cucina, MARS SNACKFOOD US, M&M's Semisweet Chocolate Mini Baking Bits"
169582,"Dolciumi, MARS SNACKFOOD US, M&M's Peanut Chocolate Candies"
169583,"Dolciumi, MARS SNACKFOOD US, M&M's Milk Chocolate Candies"
169584,"Cioccolato da cucina, MARS SNACKFOOD US, M&M's Milk Chocolate Mini Baking Bits"
169585,"Dolciumi, barretta di arachidi"
169586,"Dolciumi, croccante di arachidi, fatto in casa"
169587,"Dolciumi, NESTLE, RAISINETS Chocolate Covered Raisins"
169588,"Dolciumi, croccante di sesamo"
169589,"Dolciumi, MARS SNACKFOOD US, SNICKERS Bar"
169590,"Dolciumi, MARS SNACKFOOD US, STARBURST Fruit Chews, Original fruits"
169591,"Dolciumi, MARS SNACKFOOD US, M&M's MINIs Milk Chocolate Candies"
169592,"Dolciumi, SPECIAL DARK Chocolate Bar"
169593,"Cacao, polvere secca, non zuccherato"
169594,"Cacao, polvere secca, non zuccherato, trattato con alcali"
169595,"Dessert, crema all'uovo, al forno, fatto in casa"
169596,"Dessert di gelatina, preparato in polvere, preparato con acqua"
169597,"Dessert di gelatina, preparato in polvere, a ridotto contenuto calorico, con aspartame"
169598,"Dessert di gelatina, preparato in polvere, a ridotto contenuto calorico, con aspartame, preparato con acqua"
169599,"Gelatine, polvere secca, non zuccherato"
169600,"Budini, cioccolato, preparato in polvere, istantaneo, preparato con latte intero"
169601,"Dessert, crumble di mele, fatto in casa"
169602,"Flan, crème caramel, preparato in polvere"
169603,"Budini, cioccolato, preparato in polvere, normale"
169604,"Budini, cioccolato, preparato in polvere, normale, preparato con latte intero"
169605,"Budini, riso, preparato in polvere, preparato con latte intero"
169606,"Budini, tapioca, preparato in polvere"
169607,"Budini, tapioca, preparato in polvere, preparato con latte intero"
169608,"Budini, vaniglia, pronto da mangiare"
169609,"Budini, vaniglia, preparato in polvere, normale"
169610,"Budini, vaniglia, preparato in polvere, normale, preparato con latte intero"
169611,"Budini, riso, preparato in polvere, preparato con latte parzialmente scremato"
169612,"Budini, tapioca, preparato in polvere, preparato con latte parzialmente scremato"
169613,"Gelati confezionati, tipo ghiacciolo, frutta, senza zuccheri aggiunti"
169614,"Budini, tapioca, pronto da mangiare"
169615,"Budini, crema di cocco, preparato in polvere, normale, preparato con latte parzialmente scremato"
169616,"Dessert, caglio, cioccolato, preparato in polvere"
169617,"Caglio, cioccolato, preparato in polvere, preparato con latte intero"
169618,"Glasse, cocco e frutta secca, pronto da mangiare"
169619,"Glasse, gusto formaggio spalmabile, pronto da mangiare"
169620,"Glasse, vaniglia, cremoso, pronto da mangiare"
169621,"Flan, crème caramel, preparato in polvere, preparato con latte parzialmente scremato"
169622,"Dolciumi, HERSHEY'S MILK CHOCOLATE WITH ALMOND BITES"
169623,"Dolciumi, REESE'S BITES"
169624,"Dolciumi, REESE'S NUTRAGEOUS Candy Bar"
169625,"Glasse, cioccolato, cremoso, preparato in polvere"
169626,"Glasse, bianco, soffice, preparato in polvere, preparato con acqua"
169627,"Dolciumi, HERSHEY'S, ALMOND JOY BITES"
169628,"Dolciumi, HERSHEY, REESESTICKS crispy wafers, burro di arachidi, cioccolato al latte"
169629,"Dolciumi, HERSHEY, KIT KAT BIG KAT Bar"
169630,"Dolciumi, REESE'S, FAST BREAK, cioccolato al latte, burro di arachidi e torrone morbido"
169631,"Gelati, vaniglia, leggero, senza zuccheri aggiunti"
169632,"Gelati confezionati, ghiaccioli alla frutta e succo"
169633,"Gelati, cioccolato, leggero, senza zuccheri aggiunti"
169634,"Dolciumi, chicchi di caffè ricoperti di cioccolato fondente"
169635,"Snack, SUNKIST, SUNKIST Fruit Roll, fragola, con vitamine A, C, ed E"
169636,"Snack, striscia di frutta essiccata, pezzi, con vitamina C"
169637,"Dolciumi, chicchi di caffè ricoperti di cioccolato al latte"
169638,"Gelati confezionati, tipo ghiacciolo, lime"
169639,"Dolciumi, MARS SNACKFOOD US, SNICKERS MUNCH bar"
169640,Miele
169641,Marmellate e confetture
169642,Gelatine di frutta
169643,"Dolciumi, MARS SNACKFOOD US, POP'ABLES SNICKERS Brand Bite Size Candies"
169644,"Dolciumi, MARS SNACKFOOD US, POP'ABLES MILKY WAY Brand Bite Size Candies"
169645,"Dolciumi, MARS SNACKFOOD US, POP'ABLES 3 MUSKETEERS Brand Bite Size Candies"
169646,"Dolciumi, MARS SNACKFOOD US, STARBURST Fruit Chews, frutta e crema"
169647,"Dolciumi, MARS SNACKFOOD US, STARBURST Sour Fruit Chews"
169648,"Budini, banana, preparato in polvere, istantaneo"
169649,"Budini, banana, preparato in polvere, istantaneo, preparato con latte intero"
169650,"Budini, banana, preparato in polvere, normale"
169651,"Dolciumi, MARS SNACKFOOD US, COCOAVIA Chocolate Bar"
169652,"Dolciumi, MARS SNACKFOOD US, COCOAVIA Blueberry and Almond Chocolate Bar"
169653,"Dolciumi, MARS SNACKFOOD US, COCOAVIA Crispy Chocolate Bar"
169654,"Budini, limone, preparato in polvere, istantaneo"
169655,"Zuccheri, granulato"
169656,"Zuccheri, in polvere"
169657,"Dolcificanti, da tavola, aspartame, EQUAL, in bustine"
169658,"Zuccheri, acero"
169659,"Sciroppi, mais, ad alto contenuto di fruttosio"
169660,"Sciroppi, malto"
169661,"Sciroppi, acero"
169662,"Sciroppi, sorgo"
169663,"Dolciumi, MARS SNACKFOOD US, SNICKERS CRUNCHER"
169664,"Guarnizioni, crema di marshmallow"
169665,"Guarnizioni, ananas"
169666,"Guarnizioni, frutta secca in sciroppo"
169667,"Dolciumi, MARS SNACKFOOD US, SKITTLES Tropical Bite Size Candies"
169668,"Glasse, glassa, fatto in casa"
169669,"Dolciumi, fudge, cioccolato e marshmallow, fatto in casa"
169670,"Dolciumi, taffy, fatto in casa"
169671,"Dolciumi, toffee, fatto in casa"
169672,"Snack, CORNNUTS, gusto barbecue"
169673,"Snack, barretta di riso soffiato, mandorla"
169674,"Snack, barrette di granola, morbido, non ricoperto, con gocce di cioccolato"
169675,"Snack, barrette di granola, morbido, non ricoperto, con gocce di cioccolato, graham e marshmallow"
169676,"Snack, barrette di granola, morbido, non ricoperto, frutta secca e uvetta"
169677,"Snack, patatine in sacchetto, naturale, salato"
169678,"Snack, patatine in sacchetto, da patate disidratate, gusto formaggio"
169679,"Snack, gallette di riso, riso integrale, mais"
169680,"Snack, gallette di riso, riso integrale, multicereali"
169681,"Snack, barrette di granola, duro, burro di arachidi"
169682,"Snack, patatine in sacchetto, gusto formaggio"
169683,"Snack, patatine in sacchetto, a ridotto contenuto di grassi"
169684,"Snack, patatine in sacchetto, senza grassi, con olestra"
169685,"Popcorn, sciroppo di zucchero o caramello, senza grassi"
169686,"Snack, patatine in sacchetto, senza grassi, salato"
169687,"Snack, KELLOGG, KELLOGG'S RICE KRISPIES TREATS Squares"
169688,"Snack, KELLOGG, KELLOGG'S Low Fat Granola Bar, mandorla croccante e zucchero di canna"
169689,"Snack, M&M MARS, KUDOS Whole Grain Bar, con gocce di cioccolato"
169690,"Dolciumi, cioccolato fondente, con burro"
169691,"Dessert di gelatina, preparato in polvere, con acido ascorbico aggiunto, citrato di sodio e sale"
169692,"Dessert di gelatina, preparato in polvere, a ridotto contenuto calorico, con aspartame, fosforo aggiunto, potassio, sodio, vitamina C"
169693,"Dessert di gelatina, preparato in polvere, a ridotto contenuto calorico, con aspartame, senza sodio aggiunto"
169694,"Farina di mais fine, masa, arricchito, bianco"
169695,"Farina di mais fine, giallo, degerminato, non arricchito"
169696,"Farina di mais fine, masa, non arricchito, bianco"
169697,"Farina di mais, integrale, giallo"
169698,Amido di mais
169699,"Cuscus, secco"
169700,"Cuscus, cotto"
169701,"Mais nixtamalizzato (hominy), in scatola, bianco"
169702,"Miglio, crudo"
169703,"Riso, scuro, a chicco lungo, crudo"
169704,"Riso, scuro, a chicco lungo, cotto"
169705,Avena
169706,"Riso, scuro, a chicco medio, crudo"
169707,"Riso, bianco, a chicco lungo, parboiled, arricchito, secco"
169708,"Riso, bianco, a chicco lungo, parboiled, arricchito, cotto"
169709,"Riso, bianco, a chicco lungo, precotto o istantaneo, arricchito, secco"
169710,"Riso, bianco, a chicco lungo, precotto o istantaneo, arricchito, preparato"
169711,"Riso, bianco, glutinoso, non arricchito, cotto"
169712,"Riso, bianco, al vapore, Ristorante cinese"
169713,"Crusca di riso, grezzo"
169714,"Farina di riso, bianco, non arricchito"
169715,"Semola, arricchito"
169716,Sorgo in chicchi
169717,"Tapioca, perlato, secco"
169718,Triticale
169719,"Grano, duro bianco"
169720,"Grano, tenero bianco"
169721,"Grano, duro"
169722,"Crusca di grano, grezzo"
169723,"Farina di grano, bianco, torta, arricchito"
169724,"Farina di grano, bianco, preparato per tortilla, arricchito"
169725,"Grano, germogliato"
169726,"Riso selvatico, crudo"
169727,"Pasta, fresco refrigerato, naturale, come acquistato"
169728,"Pasta, fresco refrigerato, naturale, cotto"
169729,"Pasta, fresco refrigerato, spinaci, come acquistato"
169730,"Pasta, fresco refrigerato, spinaci, cotto"
169731,"Noodle, uovo, secco, arricchito"
169732,"Noodle, uovo, arricchito, cotto"
169733,"Noodle, uovo, spinaci, arricchito, secco"
169734,"Noodle, uovo, spinaci, arricchito, cotto"
169735,"Noodle, piatto, croccante, Ristorante cinese"
169736,"Pasta, secco, arricchito"
169737,"Pasta, cotto, arricchito, senza sale aggiunto"
169738,"Pasta, integrale, secco"
169739,Farina di orzo
169740,Farina di malto d'orzo
169741,"Farina d'avena, parzialmente decorticato"
169742,"Noodle di riso, secco"
169743,"Grano, grano Khorasan KAMUT, non cotto"
169744,"Grano, grano Khorasan KAMUT, cotto"
169745,"Farro, non cotto"
169746,"Farro, cotto"
169747,"Teff, non cotto"
169748,"Farina di mais fine, integrale, bianco"
169749,"Farina di mais fine, giallo, masa, arricchito"
169750,"Farina di mais, integrale, bianco"
169751,"Pasta, cotto, arricchito, con sale aggiunto"
169752,"Mais nixtamalizzato (hominy), in scatola, giallo"
169753,"Riso, bianco, a chicco lungo, normale, cotto, arricchito, con sale"
169754,"Farina di grano, bianco, per tutti gli usi, arricchito, fortificato con calcio"
169755,"Noodle, uovo, secco, non arricchito"
169756,"Riso, bianco, a chicco lungo, normale, crudo, non arricchito"
169757,"Riso, bianco, a chicco lungo, normale, non arricchito, cotto senza sale"
169758,"Riso, bianco, a chicco lungo, parboiled, non arricchito, secco"
169759,"Riso, bianco, a chicco lungo, parboiled, non arricchito, cotto"
169760,"Riso, bianco, a chicco medio, crudo, non arricchito"
169761,"Farina di grano, bianco, per tutti gli usi, non arricchito"
169762,"Noodle, uovo, cotto, non arricchito, con sale aggiunto"
169763,"Patate, a polpa gialla, arrosto, sale aggiunto in lavorazione, surgelato, non preparato"
169764,"Patate, a polpa gialla, fritto, surgelato, non preparato"
169765,"Zenzero, sott'aceto, in scatola, con dolcificante artificiale"
169766,"Peperoni, sott'aceto piccante, in scatola"
169767,"Succo di verdure, BOLTHOUSE FARMS, DAILY GREENS"
169768,"Patate, purè, pronto da mangiare"
169769,"Maccheroni al formaggio, preparato in scatola con salsa al formaggio, non preparato"
169770,"Maccheroni al formaggio, preparato in scatola con salsa al formaggio, preparato"
169771,"Taquitos, surgelato, pollo e formaggio, riscaldato in forno"
169772,"Taquitos, surgelato, manzo e formaggio, riscaldato in forno"
169773,"Raviolo cinese (potsticker o wonton), maiale e verdure, surgelato, non preparato"
169774,"Maccheroni o noodle al formaggio, da preparato confezionato a ridotto contenuto di grassi, non preparato"
169775,"Fagottino, ripieno di formaggio, salsa a base di pomodoro, surgelato, non preparato"
169776,"Maccheroni o noodle al formaggio, per microonde, non preparato"
169777,"Preparato per riso alla spagnola, preparato in polvere, preparato (con miscela di olio di colza/vegetale o pomodori a dadini e margarina)"
169778,"Preparato per riso, gusto formaggio, preparato in polvere, non preparato"
169779,"Raviolo, ripieno di patate o formaggio, surgelato"
169780,"Fagottino, di pollo o tacchino, e ripieno di verdure, a ridotto contenuto di grassi, surgelato"
169781,"Salsiccia, biscuit da colazione con uovo e formaggio"
169782,"HUNGRY MAN, Hamburger Salisbury con sugo, surgelato, non preparato"
169783,"BANQUET, Hamburger Salisbury con sugo, formato famiglia, surgelato, non preparato"
169784,"JIMMY DEAN, Salsiccia, Uovo, e formaggio, biscuit da colazione, surgelato, non preparato"
169785,"Latte formulato per lattanti, GERBER, GOOD START, PROTECT PLUS, in polvere"
169786,"Latte formulato per lattanti, GERBER GOOD START 2, GENTLE PLUS, in polvere"
169787,"Latte formulato per lattanti, GERBER, GOOD START 2, PROTECT PLUS, in polvere"
169788,"Latte formulato per lattanti, MEAD JOHNSON, ENFAMIL, ENFAGROW, soia, Alimenti di transizione per bambini piccoli, con ARA e DHA, in polvere"
169789,"Latte formulato per lattanti, MEAD JOHNSON, ENFAMIL, Prematuri, 24 calorie pronto all'uso a basso contenuto di ferro"
169790,"Latte formulato per lattanti, MEAD JOHNSON, ENFAMIL, Premium, Lattanti, pronto all'uso"
169791,"Latte formulato per lattanti, MEAD JOHNSON, ENFAMIL, Premium, Lattanti, in polvere"
169792,"Alimenti per l'infanzia, GERBER, Banana con mix di arancia"
169793,"Orso, nero, carne (nativi dell'Alaska)"
169794,"Orso, polare, carne, crudo (nativi dell'Alaska)"
169795,"Balena, beluga, carne, essiccato (nativi dell'Alaska)"
169796,"Balena, beluga, occhi (nativi dell'Alaska)"
169797,"Balena, beluga, carne, crudo (nativi dell'Alaska)"
169798,"Pesce, blackfish, intero (nativi dell'Alaska)"
169799,"Mirtilli, selvatico, surgelato (nativi dell'Alaska)"
169800,"Caribù, midollo osseo, crudo (nativi dell'Alaska)"
169801,"Caribù, cuore del taglio, crudo (nativi dell'Alaska)"
169802,"Lamponi artici (cloudberry), crudo (nativi dell'Alaska)"
169803,"Cuori (cockles), crudo (nativi dell'Alaska)"
169804,"Mirtilli rossi, selvatico, cespuglio, crudo (nativi dell'Alaska)"
169805,"Mirtillo rosso, mirtillo rosso di bosco (lingonberry), crudo (nativi dell'Alaska)"
169806,"Pesce, uova di aringa, del Pacifico, semplice (nativi dell'Alaska)"
169807,"Pesce, aringa, del Pacifico, polpa, essiccato all'aria, sott'olio (nativi dell'Alaska)"
169808,"Mirtilli americani (huckleberry), crudo (nativi dell'Alaska)"
169809,"Pesce, lingcod, carne, crudo (nativi dell'Alaska)"
169810,"Pesce, lingcod, fegato (nativi dell'Alaska)"
169811,"Pane tennis, semplice (Apache)"
169812,"Pesce, halibut, cotto, con pelle (nativi dell'Alaska)"
169813,"Salmone, rosso (sockeye), filetti con pelle, affumicato (nativi dell'Alaska)"
169814,"Agave, crudo (Sud-ovest)"
169815,"Farinello, al vapore (indiani delle Pianure del Nord)"
169816,"Fichi d'India, crudo (indiani delle Pianure del Nord)"
169817,"Fichi d'India, grigliato (indiani delle Pianure del Nord)"
169818,"Rape della prateria, crudo (indiani delle Pianure del Nord)"
169819,"Ortiche, sbollentato (indiani delle Pianure del Nord)"
169820,"Prugne, selvatico (indiani delle Pianure del Nord)"
169821,"Pinoli (piñon), arrosto (Navajo)"
169822,"Caribù, quarto posteriore, carne, cotto (nativi dell'Alaska)"
169823,"Agutuk, pesce con grasso vegetale (gelato dell'Alaska) (nativi dell'Alaska)"
169824,"Leone marino, di Steller, carne con grasso (nativi dell'Alaska)"
169825,"Leone marino, di Steller, grasso (nativi dell'Alaska)"
169826,"Wocas, semi essiccati, Oregon, ninfea gialla (Klamath)"
169827,"Nocciole, a becco (indiani delle Pianure del Nord)"
169828,"Tè, alle erbe, in infusione, Hohoysi (Hopi)"
169829,"Tortilla, mais blu, Sakwavikaviki (Hopi)"
169830,"Pane, mais blu, somiviki (Hopi)"
169831,"APPLEBEE'S, bistecca di scamone della casa (250 g)"
169832,"T.G.I. FRIDAY'S, FRIDAY'S Shrimp, impanato"
169833,"T.G.I. FRIDAY'S, patatine fritte"
169834,"T.G.I. FRIDAY'S, mozzarella fritta"
169835,"T.G.I. FRIDAY'S, maccheroni al formaggio, dal menu bambini"
169836,"Ristorante, stile familiare, patatine fritte"
169837,"Ristorante, stile familiare, bastoncini di pollo, dal menu bambini"
169838,"Ristorante, stile familiare, gamberetti, impanato e fritto"
169839,"Ristorante, stile familiare, maccheroni al formaggio, dal menu bambini"
169840,"APPLEBEE'S, anelli di cipolla croccanti"
169841,"APPLEBEE'S, piatto di filetti di pollo"
169842,"CRACKER BARREL, piatto di filetti di pollo, fritto"
169843,"CRACKER BARREL, insalata di cavolo"
169844,"DENNY'S, anelli di cipolla"
169845,"DENNY'S, spaghetti con polpette"
169846,"Ristorante, stile familiare, filetto di pesce, in pastella o impanato, fritto"
169847,"Ristorante, stile familiare, filetti di pollo impanati"
169848,"Ristorante, stile familiare, patate rosolate"
169849,"CRACKER BARREL, maccheroni al formaggio"
169850,"Ristorante, italiano, lasagne con carne"
169851,"OLIVE GARDEN, lasagne classiche"
169852,"OLIVE GARDEN, spaghetti al pomodoro"
169853,"CARRABBA'S ITALIAN GRILL, spaghetti al pomodoro"
169854,"ON THE BORDER, enchilada al formaggio"
169855,"Ristorante, messicano, enchilada al formaggio"
169856,"Ristorante, messicano, tamales al formaggio"
169857,"CARRABBA'S ITALIAN GRILL, pollo alla parmigiana senza cavatappi"
169858,"OLIVE GARDEN, pollo alla parmigiana senza pasta"
169859,"Cereali da colazione, POST, HONEY BUNCHES OF OATS, con mandorle"
169860,"Tipo margarina, crema spalmabile di olio vegetale, in panetto o vaschetta, zuccherato"
169861,"Snack, popcorn, fatto in casa, scoppiato in olio, non salato"
169862,"Cereali da colazione, POST, GREAT GRAINS Crunchy Pecan Cereal"
169863,"Snack, barretta di granola, con cocco, ricoperto di cioccolato"
169864,"Alimenti per l'infanzia, verdure e riso integrale, omogeneizzato"
169865,"Alimenti per l'infanzia, piselli e riso integrale"
169866,"Würstel, carne e pollame, a basso contenuto di grassi"
169867,"Olio, di mais e colza"
169868,"Latte, liquido, senza grassi, fortificato con calcio (scremato)"
169869,"Burro di arachidi, a ridotto contenuto di sodio"
169870,"Cereali da colazione, POST GREAT GRAINS Banana Nut Crunch"
169871,"Alimenti per l'infanzia, carote, per bambini piccoli"
169872,"Alimenti per l'infanzia, dessert, budino alla banana, omogeneizzato"
169873,"Alimenti per l'infanzia, frutta, tutti frutti, omogeneizzato"
169874,"Alimenti per l'infanzia, frutta, tutti frutti, junior"
169875,"Condimento per insalata, agrodolce"
169876,"Condimento per insalata, formaggio erborinato o roquefort, a basso contenuto calorico"
169877,"Condimento per insalata, caesar, a basso contenuto calorico"
169878,"Sciroppi, senza zucchero"
169879,"Gelatine di frutta, senza zucchero (con saccarina), qualsiasi gusto"
169880,"Dolciumi, duro, dietetico o ipocalorico (sorbitolo)"
169881,"Dolciumi, ricoperto di cioccolato, a basso contenuto di zucchero o ipocalorico"
169882,"Gomma da masticare, senza zucchero"
169883,"Reidratante, soluzione elettrolitica (incluso PEDIALYTE)"
169884,"Vermicelli, a base di soia"
169885,"Fagioli, liquido di fagioli rossi stufati"
169886,"Pollo, senza carne"
169887,"Würstel, senza carne"
169888,Polpettone o hamburger vegetariani
169889,"Ravanelli, stile hawaiano, sott'aceto"
169890,"Cavolo, stile giapponese, fresco, sott'aceto"
169891,"Cavolo, senape, salato"
169892,"Melanzana, sott'aceto"
169893,"Pezzetti di bacon, senza carne"
169894,"Sostituto del burro, senza grassi, in polvere"
169895,"Condimento per insalata, latticello, light"
169896,"Dolcificanti, da tavola, fruttosio, secco, in polvere"
169897,"Bevanda, polvere per colazione istantanea, cioccolato, senza zucchero, non ricostituito"
169898,"Yogurt, alla frutta, senza grassi"
169899,"Sostituto della panna montata, dietetico, da preparato in polvere"
169900,"Gelati confezionati, tipo gelato, sundae, preconfezionato"
169901,"Formaggio, cheddar americano, imitazione"
169902,"Quaglia, cotto, parte edibile totale"
169903,"Fagiano, cotto, parte edibile totale"
169904,"Uova, strapazzate, miscela surgelata"
169905,"Colombaccio, cotto (incluso piccione)"
169906,"Maiale, stagionato, prosciutto, disossato, a basso contenuto di sodio, extra magro e normale, arrosto"
169907,"Longan, essiccato"
169908,"Nespole, crudo"
169909,"Mamey, (mamey), crudo"
169910,"Manghi, crudo"
169911,"Meloni, melone bianco, crudo"
169912,"Palline di melone, surgelato"
169913,"More di gelso, crudo"
169914,"Nettarine, crudo"
169915,"Bacche di ohelo, crudo"
169916,"Arance, crudo, California, valencia"
169917,"Arance, crudo, navel"
169918,"Arance, crudo, Florida"
169919,"Arance, crudo, con buccia"
169920,"Succo d'arancia, refrigerato, anche da concentrato, con calcio aggiunto"
169921,"Succo d'arancia, concentrato surgelato, non zuccherato, diluito con 3 volumi d'acqua, con calcio aggiunto"
169922,"Succo d'arancia, concentrato surgelato, non zuccherato, non diluito, con calcio aggiunto"
169923,"Succo d'arancia, concentrato surgelato, non zuccherato, non diluito"
169924,"Mandarini, (mandarini), in scatola, in sciroppo leggero"
169925,"Succo di mandarino, crudo"
169926,"Papaie, crudo"
169927,"Papaia, in scatola, sciroppo denso, scolato"
169928,"Pesche, giallo, crudo"
169929,"Pesche, in scatola, al naturale, solidi e liquidi"
169930,"Pesche, in scatola, nel proprio succo, solidi e liquidi"
169931,"Pesche, in scatola, sciroppo molto leggero, solidi e liquidi"
169932,"Pesche, disidratato (a bassa umidità), solforato, non cotto"
169933,"Pesche, disidratato (a bassa umidità), solforato, in umido"
169934,"Pesche, essiccato, solforato, non cotto"
169935,"Pesche, essiccato, solforato, in umido, senza zuccheri aggiunti"
169936,"Pere, in scatola, nel proprio succo, solidi e liquidi"
169937,"Pere, in scatola, in sciroppo molto leggero, solidi e liquidi"
169938,"Pere, in scatola, in sciroppo leggero, solidi e liquidi"
169939,"Pere, in scatola, in sciroppo denso, solidi e liquidi"
169940,"Nettare di pera, in scatola, senza acido ascorbico aggiunto"
169941,"Cachi, giapponese, crudo"
169942,"Cachi, giapponese, essiccato"
169943,"Cachi, nativa, crudo"
169944,"Ananas, in scatola, in sciroppo denso, solidi e liquidi"
169945,"Ananas, in scatola, in sciroppo molto denso, solidi e liquidi"
169946,"Ananas, surgelato, a pezzi, zuccherato"
169947,"Succo di ananas, in scatola o in bottiglia, non zuccherato, senza acido ascorbico aggiunto"
169948,"Succo di ananas, concentrato surgelato, non zuccherato, non diluito"
169949,"Prugne, crudo"
169950,"Prugne, in scatola, viola, al naturale, solidi e liquidi"
169951,"Prugne, in scatola, viola, nel proprio succo, solidi e liquidi"
169952,"Prugne, in scatola, viola, in sciroppo leggero, solidi e liquidi"
169953,"Fagioli di Lima, freschi, surgelato, fordhook, non preparato"
169954,"Fagioli di Lima, freschi, surgelato, fordhook, cotto, lessato, scolato, senza sale"
169955,"Fagioli di Lima, freschi, surgelato, baby, non preparato"
169956,"Fagioli di Lima, freschi, surgelato, baby, cotto, lessato, scolato, senza sale"
169957,"Fagioli mung, secchi, germogliato, crudo"
169958,"Fagioli, pinto, freschi, surgelato, non preparato"
169959,"Fagioli, pinto, freschi, surgelato, cotto, lessato, scolato, senza sale"
169960,"Fagioli, shellie, in scatola, solidi e liquidi"
169961,"Fagioli, fagiolini, verde, crudo"
169962,"Fagioli, fagiolini, verde, surgelato, tutti gli stili, non preparato"
169963,"Fagioli, fagiolini, verde, surgelato, cotto, lessato, scolato senza sale"
169964,"Fagioli, fagiolini, verde, surgelato, tutti gli stili, al microonde"
169965,"Fagioli, fagiolini, verde, al microonde"
169966,"Barbabietole, in scatola, solidi scolati"
169967,"Broccoli, cotto, lessato, scolato, senza sale"
169968,"Broccoli, surgelato, tritato, non preparato"
169969,"Broccoli, surgelato, tritato, cotto, lessato, scolato, senza sale"
169970,"Broccoli, surgelato, turioni, non preparato"
169971,"Cavolini di Bruxelles, cotto, lessato, scolato, senza sale"
169972,"Cavolini di Bruxelles, surgelato, non preparato"
169973,"Cavolini di Bruxelles, surgelato, cotto, lessato, scolato, senza sale"
169974,"Radice di bardana, crudo"
169975,"Cavolo, crudo"
169976,"Cavolo, cotto, lessato, scolato, senza sale"
169977,"Cavolo, rosso, crudo"
169978,"Cavolo, rosso, cotto, lessato, scolato, senza sale"
169979,"Cavolo, cinese (pe-tsai), crudo"
169980,"Cavolo, cinese (pe-tsai), cotto, lessato, scolato, senza sale"
169981,"Cardo, crudo"
169982,"Cardo, cotto, lessato, scolato, senza sale"
169983,"Carote, surgelato, non preparato"
169984,"Carote, surgelato, cotto, lessato, scolato, senza sale"
169985,"Manioca, crudo"
169986,"Cavolfiore, crudo"
169987,"Sedano rapa, cotto, lessato, scolato, senza sale"
169988,"Sedano, crudo"
169989,"Sedano, cotto, lessato, scolato, senza sale"
169990,"Lattuga asparago, crudo"
169991,"Bietola, svizzero, crudo"
169992,"Foglie di cicoria, crudo"
169993,"Radici di cicoria, crudo"
169994,"Erba cipollina, crudo"
169995,"Crisantemo, commestibile, crudo"
169996,"Cavolo a foglia (collards), surgelato, tritato, cotto, lessato, scolato, senza sale"
169997,"Foglie di coriandolo, crudo"
169998,"Mais, dolce, giallo, crudo"
169999,"Mais, dolce, giallo, cotto, lessato, scolato, senza sale"
170000,"Cipolle, crudo"
170001,"Cipolle, cotto, lessato, scolato, senza sale"
170002,"Cipolle, fiocchi disidratati"
170003,"Cipolle, in scatola, solidi e liquidi"
170004,"Cipolle, giallo, saltato"
170005,"Cipolle, cipollotti (con gambo e bulbo), crudo"
170006,"Cipolle, verde giovane, solo gambi"
170007,"Cipolle, gallese, crudo"
170008,"Cipolle, dolce, crudo"
170009,"Pastinaca, cotto, lessato, scolato, senza sale"
170010,"Piselli, con baccello commestibile, crudo"
170011,"Piselli, con baccello commestibile, lessato, scolato, senza sale"
170012,"Piselli, con baccello commestibile, surgelato, non preparato"
170013,"Piselli, verdi (inclusi tipi baby e lesuer), in scatola, solidi scolati, non preparato"
170014,"Piselli, verde, in scatola, condito, solidi e liquidi"
170015,"Piselli, verde, in scatola, solidi scolati, sciacquato con acqua del rubinetto"
170016,"Piselli, verde, surgelato, non preparato"
170017,"Piselli, verde, surgelato, cotto, lessato, scolato, senza sale"
170018,"Piselli e carote, surgelato, cotto, lessato, scolato, senza sale"
170019,"Piselli e cipolle, in scatola, solidi e liquidi"
170020,"Piselli e cipolle, surgelato, non preparato"
170021,"Piselli e cipolle, surgelato, cotto, lessato, scolato, senza sale"
170022,"Peperoni, dolce, verde, surgelato, tritato, non preparato"
170023,"Peperoni, dolce, verde, surgelato, tritato, lessato, scolato, senza sale"
170024,"Peperoni, dolce, verde, saltato"
170025,"Cajanus (pigeon pea), freschi, crudo"
170026,"Patate, polpa e buccia, crudo"
170027,"Patate, russet, polpa e buccia, crudo"
170028,"Patate, bianco, polpa e buccia, crudo"
170029,"Patate, rosso, polpa e buccia, crudo"
170030,"Patate, russet, polpa e buccia, al forno"
170031,"Patate, arrosto, sale aggiunto in lavorazione, surgelato, non preparato"
170032,"Patate, crudo, pelle"
170033,"Patate, al forno, polpa, senza sale"
170034,"Patate, al forno, pelle, senza sale"
170035,"Patate, al microonde, cotto con la buccia, pelle, senza sale"
170036,"Patate, patate rosolate, fatto in casa"
170037,"Patate, purè, fatto in casa, con latte intero e margarina aggiunti"
170038,"Patate, gratinate, fatto in casa con burro"
170039,"Patate, purè, disidratato, granuli senza latte, in polvere"
170040,"Patate, purè, disidratato, preparato da granuli senza latte, con latte intero e burro aggiunti"
170041,"Patate, purè, disidratato, granuli con latte, in polvere"
170042,"Patate, purè, disidratato, preparato da granuli con latte, con acqua e margarina aggiunte"
170043,"Patate, patate rosolate, surgelato, naturale, non preparato"
170044,"Patate, patate rosolate, surgelato, naturale, preparato, in padella con olio di colza"
170045,"Patate, patate rosolate, surgelato, con salsa al burro, non preparato"
170046,"Patate, patate rosolate, surgelato, con salsa al burro, preparato"
170047,"Crocchette di patate, surgelato, non preparato"
170048,"Crocchette di patate, surgelato, riscaldato in forno"
170049,"Patate, surgelato, intero, cotto, lessato, scolato, senza sale"
170050,"Pomodori, rosso, maturo, cotto"
170051,"Pomodori, rosso, maturo, in scatola, in succo di pomodoro"
170052,"Pomodori, rosso, maturo, in scatola, in umido"
170053,"Pomodori, rosso, maturo, in scatola, con peperoncini verdi"
170054,"Derivati del pomodoro, in scatola, salsa"
170055,"Derivati del pomodoro, in scatola, salsa, con funghi"
170056,"Derivati del pomodoro, in scatola, salsa, con cipolle"
170057,"Derivati del pomodoro, in scatola, salsa, con erbe e formaggio"
170058,"Rape, cotto, lessato, scolato, senza sale"
170059,"Rape, surgelato, non preparato"
170060,"Rape, surgelato, cotto, lessato, scolato, senza sale"
170061,"Cime di rapa, crudo"
170062,"Cime di rapa e rape, surgelato, cotto, lessato, scolato, senza sale"
170063,"Cocktail di succo di verdure, in scatola"
170064,"Verdure, misto, in scatola, solidi e liquidi"
170065,"Verdure, misto, in scatola, solidi scolati"
170066,"Castagne d'acqua, cinese, (matai), crudo"
170067,"Castagne d'acqua, cinese, in scatola, solidi e liquidi"
170068,"Crescione d'acqua, crudo"
170069,"Zucca cerosa, (melone invernale cinese), crudo"
170070,"Tubero di fagiolo alato, crudo"
170071,"Igname, crudo"
170072,"Igname, cotto, lessato, scolato, o al forno, senza sale"
170073,"Jicama, crudo"
170074,"Jicama, cotto, lessato, scolato, senza sale"
170075,"Erba cipollina, liofilizzato"
170076,"Romice, crudo"
170077,"Romice, cotto, lessato, scolato, senza sale"
170078,"Eppaw, crudo"
170079,"Fagioli, mung, secchi, germogliato, in scatola, solidi scolati"
170080,"Peperoni, jalapeño, in scatola, solidi e liquidi"
170081,"Ravanelli, bianco lungo, crudo"
170082,"Scalogni, liofilizzato"
170083,"Patata dolce, in scatola, in sciroppo, solidi e liquidi"
170084,"Patata dolce, in scatola, in sciroppo, solidi scolati"
170085,"Derivati del pomodoro, in scatola, salsa, alla spagnola"
170086,"Fagioli, pinto, secchi, germogliato, crudo"
170087,"Fagioli, pinto, secchi, germogliato, cotto, lessato, scolato, senza sale"
170088,"Patata dolce, cotto, candito, fatto in casa"
170089,"Pomodori, rosso, maturo, cotto, in umido"
170090,"Alghe, agar, essiccato"
170091,"Alghe, spirulina, crudo"
170092,Frittelle di patate
170093,"Patate, al forno, polpa e buccia, senza sale"
170094,"Patate, al microonde, cotto con la buccia, polpa e buccia, senza sale"
170095,"Semi di ravanello, germogliato, crudo"
170096,"Pomodori, giallo, crudo"
170097,"Funghi, shiitake, cotto, con sale"
170098,"Okra, cotto, lessato, scolato, con sale"
170099,"Okra, surgelato, cotto, lessato, scolato, con sale"
170100,"Cipolle, cotto, lessato, scolato, con sale"
170101,"Cipolle, surgelato, tritato, cotto, lessato, scolato, con sale"
170102,"Piselli, verde, cotto, lessato, scolato, con sale"
170103,"Piselli, verde, in scatola, senza sale aggiunto, solidi e liquidi"
170104,"Piselli, verde, in scatola, senza sale aggiunto, solidi scolati"
170105,"Piselli, verde, surgelato, cotto, lessato, scolato, con sale"
170106,"Peperoni, chili piccante, rosso, crudo"
170107,"Peperoni, chili piccante, rosso, in scatola, senza semi, solidi e liquidi"
170108,"Peperoni, dolce, rosso, crudo"
170109,"Peperoni, dolce, verde, cotto, lessato, scolato, con sale"
170110,"Peperoni, dolce, rosso, cotto, lessato, scolato, senza sale"
170111,"Patate, al forno, polpa e buccia, con sale"
170112,"Patate, al forno, polpa, con sale"
170113,"Patate, al forno, solo pelle, con sale"
170114,"Patate, lessato, cotto con la buccia, polpa, con sale"
170115,"Patate, al microonde, cotto, con la buccia, buccia con sale"
170116,"Patate, surgelato, intero, cotto, lessato, scolato, con sale"
170117,"Patate, surgelato, fritto, prefritto, taglio cottage, preparato, riscaldato in forno, con sale"
170118,"Patate, fritto, tutti i tipi, senza sale aggiunto in lavorazione, surgelato, riscaldato in forno"
170119,"Zucca, fiori, cotto, lessato, scolato, con sale"
170120,"Foglie di zucca, cotto, lessato, scolato, con sale"
170121,"Portulaca, cotto, lessato, scolato, con sale"
170122,"Ravanelli, orientale, cotto, lessato, scolato, con sale"
170123,"Spinaci, in scatola, senza sale aggiunto, solidi e liquidi"
170124,"Spinaci, surgelato, tritati o in foglie, cotto, lessato, scolato, con sale"
170125,"Zucca, estivo, tutte le varietà, cotto, lessato, scolato, con sale"
170126,"Zucca, estivo, a collo curvo e dritto, cotto, lessato, scolato, con sale"
170127,"Zucca, invernale, tutte le varietà, cotto, al forno, con sale"
170128,"Zucca, invernale, ghianda (acorn), cotto, al forno, con sale"
170129,"Zucca, invernale, ghianda (acorn), cotto, lessato, purè, con sale"
170130,"Zucca, invernale, butternut, cotto, al forno, con sale"
170131,"Succotash, (mais e fagioli di Lima), surgelato, cotto, lessato, scolato, con sale"
170132,"Spinacio d'acqua, cotto, lessato, scolato, con sale"
170133,"Foglie di patata dolce, cotto, al vapore, con sale"
170134,"Patata dolce, cotto, al forno con la buccia, polpa, con sale"
170135,"Taro, germogli, cotto, con sale"
170136,"Taro, tahitiano, cotto, con sale"
170137,"Pomodori, rosso, maturo, cotto, con sale"
170138,"Pomodori, rosso, maturo, in scatola, in succo di pomodoro, senza sale aggiunto"
170139,"Cime di rapa, cotto, lessato, scolato, con sale"
170140,"Cime di rapa, surgelato, cotto, lessato, scolato, con sale"
170141,"Cime di rapa e rape, surgelato, cotto, lessato, scolato, con sale"
170142,"Verdure, misto, surgelato, cotto, lessato, scolato, con sale"
170143,"Funghi, portobello, esposti a luce ultravioletta, crudo"
170144,"Semi, semi di albero del pane, crudo"
170145,"Semi, semi di albero del pane, lessato"
170146,"Semi, farina di semi di cotone, a basso contenuto di grassi (senza ghiandole)"
170147,"Semi, farina di semi di cotone, parzialmente sgrassata (senza ghiandole)"
170148,"Semi, semi di canapa, decorticati"
170149,"Semi, semi di loto, essiccato"
170150,"Semi, semi di sesamo, intero, essiccato"
170151,"Semi, semi di sesamo, intero, arrostito e tostato"
170152,"Semi, semi di sesamo decorticati, tostato, senza sale aggiunto (decorticati)"
170153,"Semi, farina di sesamo, parzialmente sgrassato"
170154,"Semi, semi di girasole decorticati, tostato, senza sale"
170155,"Semi, burro di semi di girasole, senza sale"
170156,"Semi, farina di semi di girasole, parzialmente sgrassato"
170157,"Frutta secca a guscio, ghiande, crudo"
170158,"Frutta secca a guscio, mandorle, tostato a secco, senza sale aggiunto"
170159,"Frutta secca a guscio, mandorle, tostato in olio, senza sale aggiunto"
170160,"Frutta secca a guscio, pasta di mandorle"
170161,"Frutta secca a guscio, faggiole, essiccato"
170162,"Frutta secca a guscio, anacardi, crudo"
170163,"Frutta secca a guscio, burro di anacardi, naturale, senza sale aggiunto"
170164,"Frutta secca a guscio, castagne, cinese, crudo"
170165,"Frutta secca a guscio, castagne, cinese, essiccato"
170166,"Frutta secca a guscio, castagne, cinese, lessato e al vapore"
170167,"Frutta secca a guscio, castagne, europeo, essiccato, sbucciato"
170168,"Frutta secca a guscio, castagne, europeo, lessato e al vapore"
170169,"Frutta secca a guscio, polpa di cocco, crudo"
170170,"Frutta secca a guscio, polpa di cocco, essiccato, non zuccherato"
170171,"Frutta secca a guscio, crema di cocco, in scatola, zuccherato"
170172,"Frutta secca a guscio, latte di cocco, crudo (liquido estratto da polpa grattugiata e acqua)"
170173,"Frutta secca a guscio, latte di cocco, in scatola (liquido estratto da polpa grattugiata e acqua)"
170174,"Frutta secca a guscio, acqua di cocco"
170175,"Frutta secca a guscio, noci di ginkgo, essiccato"
170176,"Frutta secca a guscio, noci di ginkgo, in scatola"
170177,"Frutta secca a guscio, noci di hickory, essiccato"
170178,"Frutta secca a guscio, noci di macadamia, crudo"
170179,"Frutta secca a guscio, noci di macadamia, tostato a secco, senza sale aggiunto"
170180,"Frutta secca a guscio, formulato, a base di grano, non aromatizzato, con sale aggiunto"
170181,"Frutta secca a guscio, frutta secca mista, tostato a secco, con arachidi, con sale aggiunto, CHOSEN ROASTER"
170182,"Frutta secca a guscio, noci pecan"
170183,"Frutta secca a guscio, noci pecan, tostato a secco, senza sale aggiunto"
170184,"Frutta secca a guscio, pistacchi, crudo"
170185,"Frutta secca a guscio, pistacchi, tostato a secco, senza sale aggiunto"
170186,"Frutta secca a guscio, noci, nero, essiccato"
170187,"Frutta secca a guscio, noci, inglese"
170188,"Semi, semi di zucca, intero, arrosto, senza sale"
170189,"Semi, burro di sesamo, tahina, da semi arrostiti e tostati (tipo più comune)"
170190,"Frutta secca a guscio, castagne, europeo, arrosto"
170191,"Semi, burro di sesamo, concentrato"
170192,"Semi, farina di sesamo, ad alto contenuto di grassi"
170193,"Manzo, frattaglie, sego, crudo"
170194,"Manzo, frattaglie, animelle di timo, crudo"
170195,"Manzo, frattaglie, animelle di timo, cotto, brasato"
170196,"Manzo, frattaglie, lingua, crudo"
170197,"Manzo, stagionato, strisce da colazione, crudo o non riscaldato"
170198,"Manzo, stagionato, strisce da colazione, cotto"
170199,"Manzo, stagionato, corned beef, punta di petto, crudo"
170200,"Manzo, stagionato, corned beef, punta di petto, cotto"
170201,"Manzo, reale, bistecca sotto paletta, disossato, taglio Denver, solo magro, grasso rifilato a 0 mm, grado choice, cotto, alla griglia"
170202,"Manzo, stagionato, carne in scatola da affettare, in gelatina"
170203,"Manzo, reale, bistecca sotto paletta, disossato, taglio Denver, solo magro, grasso rifilato a 0 mm, grado select, cotto, alla griglia"
170204,"Manzo, stagionato, pastrami"
170205,"Manzo, reale, bistecca sotto paletta, disossato, taglio Denver, solo magro, grasso rifilato a 0 mm, tutte le qualità, crudo"
170206,"Manzo, insieme di tagli rifilati, magro e grasso, grasso rifilato a 0 mm, grado choice, cotto"
170207,"Manzo, insieme di tagli rifilati, magro e grasso, grasso rifilato a 0 mm, grado select, cotto"
170208,"Manzo, insieme di tagli rifilati, solo magro, grasso rifilato a 0 mm, tutte le qualità, cotto"
170209,"Manzo, insieme di tagli rifilati, solo magro, grasso rifilato a 0 mm, grado choice, cotto"
170210,"Manzo, punta di petto, metà piatta, solo magro, grasso rifilato a 0 mm, tutte le qualità, cotto, brasato"
170211,"Manzo, punta di petto, metà a punta, magro e grasso, grasso rifilato a 0 mm, tutte le qualità, cotto, brasato"
170212,"Manzo, punta di petto, metà a punta, solo magro, grasso rifilato a 0 mm, tutte le qualità, cotto, brasato"
170213,"Manzo, reale, arrosto di braccio, magro e grasso, grasso rifilato a 0 mm, tutte le qualità, cotto, brasato"
170214,"Manzo, reale, arrosto sotto paletta, disossato, magro e grasso, grasso rifilato a 0 mm, grado select, cotto, brasato"
170215,"Manzo, reale, arrosto di paletta, solo magro, grasso rifilato a 0 mm, tutte le qualità, cotto, brasato"
170216,"Manzo, reale, arrosto sotto paletta, disossato, solo magro, grasso rifilato a 0 mm, grado choice, cotto, brasato"
170217,"Manzo, reale, arrosto sotto paletta, disossato, solo magro, grasso rifilato a 0 mm, grado select, cotto, brasato"
170218,"Manzo, costata, parte anteriore (coste 6-9), solo magro, grasso rifilato a 0 mm, grado select, cotto, arrosto"
170219,"Manzo, costata, parte posteriore (coste 10-12), magro e grasso, grasso rifilato a 0 mm, tutte le qualità, cotto, grigliato"
170220,"Manzo, costata, parte posteriore (coste 10-12), magro e grasso, grasso rifilato a 0 mm, grado choice, cotto, grigliato"
170221,"Manzo, costata, parte posteriore (coste 10-12), magro e grasso, grasso rifilato a 0 mm, grado select, cotto, grigliato"
170222,"Manzo, coscia, sottofesa, arrosto, magro e grasso, grasso rifilato a 0 mm, tutte le qualità, cotto, arrosto"
170223,"Manzo, coscia, sottofesa, bistecca, magro e grasso, grasso rifilato a 0 mm, grado choice, cotto, brasato"
170224,"Manzo, coscia, sottofesa, arrosto, magro e grasso, grasso rifilato a 0 mm, grado choice, cotto, arrosto"
170225,"Manzo, coscia, sottofesa, bistecca, magro e grasso, grasso rifilato a 0 mm, grado select, cotto, brasato"
170226,"Manzo, coscia, sottofesa, bistecca, solo magro, grasso rifilato a 0 mm, grado select, cotto, brasato"
170227,"Manzo, coscia, arrosto di sottofesa, solo magro, grasso rifilato a 0 mm, grado select, cotto, arrosto"
170228,"Manzo, coscia, arrosto di girello, disossato, magro e grasso, grasso rifilato a 0 mm, tutte le qualità, cotto, arrosto"
170229,"Manzo, coscia, arrosto di girello, disossato, magro e grasso, grasso rifilato a 0 mm, grado choice, cotto, arrosto"
170230,"Manzo, coscia, noce, arrosto, magro e grasso, grasso rifilato a 0 mm, tutte le qualità, cotto, arrosto"
170231,"Manzo, coscia, noce, arrosto, magro e grasso, grasso rifilato a 0 mm, grado choice, cotto, arrosto"
170232,"Manzo, coscia, noce, arrosto, magro e grasso, grasso rifilato a 0 mm, grado select, cotto, arrosto"
170233,"Manzo, coscia, noce, arrosto, solo magro, grasso rifilato a 0 mm, tutte le qualità, cotto, arrosto"
170234,"Manzo, coscia, fesa, magro e grasso, grasso rifilato a 0 mm, grado select, cotto, brasato"
170235,"Manzo, coscia, fesa, solo magro, grasso rifilato a 0 mm, grado choice, cotto, brasato"
170236,"Manzo, coscia, fesa, solo magro, grasso rifilato a 0 mm, grado select, cotto, brasato"
170237,"Manzo, lombata, bistecca di filetto, disossato, magro e grasso, grasso rifilato a 0 mm, tutte le qualità, cotto, alla griglia"
170238,"Manzo, lombata, bistecca di filetto, disossato, magro e grasso, grasso rifilato a 0 mm, grado choice, cotto, alla griglia"
170239,"Manzo, lombata, bistecca di controfiletto, disossato, senza copertina, magro e grasso, grasso rifilato a 0 mm, tutte le qualità, cotto, alla griglia"
170240,"Manzo, lombata, bistecca di controfiletto, disossato, senza copertina, magro e grasso, grasso rifilato a 0 mm, grado choice, cotto, alla griglia"
170241,"Budini, banana, preparato in polvere, normale, con olio aggiunto"
170242,"Budini, limone, preparato in polvere, normale, con olio aggiunto, potassio, sodio"
170243,"Budini, tapioca, preparato in polvere, senza sale aggiunto"
170244,"Snack, a base di mais, estruso, soffiati o intrecciati, gusto formaggio, non arricchito"
170245,"Snack, a base di mais, estruso, chips, gusto barbecue, con farina masa arricchita"
170246,"Snack, popcorn, scoppiato ad aria (non salato)"
170247,"Snack, popcorn, scoppiato in olio, popcorn bianco, con sale aggiunto"
170248,"Snack, patatine in sacchetto, naturale, con olio di soia parzialmente idrogenato, salato"
170249,"Snack, pretzel, duro, naturale, con farina arricchita, non salato"
170250,"Snack, gallette di riso, riso integrale, naturale, non salato"
170251,"Snack, gallette di riso, riso integrale, grano saraceno, non salato"
170252,"Snack, gallette di riso, riso integrale, multicereali, non salato"
170253,"Patatine in sacchetto, senza sale, a ridotto contenuto di grassi"
170254,"Snack, tortilla chips, a basso contenuto di grassi, non salato"
170255,"Gelati confezionati, tipo succo, POPSICLE SCRIBBLERS"
170256,"Snack, tortilla chips, gusto nacho, con farina masa arricchita"
170257,"Dolcificanti, da tavola, sucralosio, SPLENDA packets"
170258,"Gelati confezionati, senza zuccheri aggiunti, FUDGSICLE pops"
170259,"Gelati confezionati, tipo ghiacciolo, senza zucchero, arancia, ciliegia, and grape POPSICLE pops"
170260,"Gelati confezionati, KLONDIKE, SLIM-A-BEAR Fudge Bar, 98% senza grassi, senza zuccheri aggiunti"
170261,"Gelati, BREYERS, All Natural Light Vanilla"
170262,"Gelati, BREYERS, senza zuccheri aggiunti, Butter Pecan"
170263,"Gelati, BREYERS, senza zuccheri aggiunti, vaniglia francese"
170264,"Gelati, BREYERS, senza zuccheri aggiunti, vaniglia"
170265,"Gelati, BREYERS, senza zuccheri aggiunti, Vanilla Fudge Twirl"
170266,"Gelati confezionati, No Sugar Added CREAMSICLE Pops"
170267,"Gelati confezionati, senza zucchero, CREAMSICLE Pops"
170268,"Gelati, BREYERS, All Natural Light French Chocolate"
170269,"Gelati, BREYERS, 98% Fat Free Chocolate"
170270,"Gelati, normale, a basso contenuto di carboidrati, cioccolato"
170271,"Cioccolato, scuro, 45-59% di cacao"
170272,"Cioccolato, scuro, 60-69% di cacao"
170273,"Cioccolato, scuro, 70-85% di cacao"
170274,"Dolciumi, cioccolato, scuro, non specificato (45-59% cacao 90%; 60-69% cacao 5%; 70-85% cacao 5%)"
170275,"Dolciumi, barretta croccante con ripieno al burro di arachidi"
170276,"Sciroppo, acero, canadese"
170277,"Dolcificante, sciroppo, agave"
170278,"Dolciumi, NESTLE, BUTTERFINGER Crisp"
170279,"Dolciumi, snack alla frutta, ad alto contenuto di vitamina C"
170280,"Marmellate, confetture, marmellate di agrumi, dolcificato con succo di frutta"
170281,"Dolciumi, Tamarindo"
170282,"Dolciumi, barretta al cocco, non ricoperto di cioccolato"
170283,"Orzo, decorticati"
170284,"Orzo, perlato, crudo"
170285,"Orzo, perlato, cotto"
170286,Grano saraceno
170287,"Bulgur, cotto"
170288,"Mais in chicchi, giallo"
170289,"Crusca di mais, grezzo"
170290,"Farina di mais fine, integrale, giallo"
170291,"Fast food, nachos, con formaggio"
170292,"Fast food, nachos, con formaggio, fagioli, manzo macinato, e pomodori"
170293,"Fast food, cheeseburger, doppio, hamburger normale e panino, con condimenti"
170294,"Fast food, cheeseburger singolo, hamburger grande semplice"
170295,"Fast food, panino con filetto di pollo, semplice con cetriolini"
170296,"Fast food, panino al pesce, con salsa tartara"
170297,"Fast food, panino al pesce, con salsa tartara e formaggio"
170298,"Fast food, panino sub, roast beef su pane bianco con lattuga e pomodoro"
170299,"Fast food, panino sub, tonno su pane bianco con lattuga e pomodoro"
170300,"Fast food, insalata di cavolo"
170301,"Fast food, hush puppies"
170302,"Fast food, biscuit"
170303,"CHICK-FIL-A, Chick-n-Strips"
170304,"CHICK-FIL-A, patate rosolate"
170305,"Mensa scolastica, pizza, BIG DADDY'S LS 16"" 51% Whole Grain Rolled Edge Cheese Pizza, surgelato"
170306,"Fast food, panino sub, pollo teriyaki con cipolla dolce su pane bianco con lattuga, salsa di pomodoro e cipolla dolce"
170307,"SUBWAY, SUBWAY CLUB su pane bianco con lattuga e pomodoro"
170308,"Fast food, panino sub, tacchino, roast beef e prosciutto su pane bianco con lattuga e pomodoro"
170309,"Fast food, panino sub, pollo arrosto su pane bianco con lattuga e pomodoro"
170310,"SUBWAY, sub bistecca e formaggio su pane bianco con formaggio americano, lattuga e pomodoro"
170311,"Fast food, panino sub, bistecca e formaggio su pane bianco con formaggio, lattuga e pomodoro"
170312,"SUBWAY, sub B.L.T. su pane bianco con bacon, lattuga e pomodoro"
170313,"Fast food, panino sub, bacon, lattuga, e pomodoro su pane bianco"
170314,"SUBWAY, sub di pollo arrosto su pane bianco con lattuga e pomodoro"
170315,"SUBWAY, sub di affettati su pane bianco con lattuga e pomodoro"
170316,"SUBWAY, sub di tonno su pane bianco con lattuga e pomodoro"
170317,"Pizza, con formaggio, impasto classico, surgelato, cotto"
170318,"Fast food, panino con filetto di pollo croccante, con lattuga e maionese"
170319,"McDONALD'S, FILET-O-FISH"
170320,"McDONALD'S, Cheeseburger"
170321,"McDONALD'S, QUARTER POUNDER"
170322,"WENDY'S, CLASSIC SINGLE Hamburger, con formaggio"
170323,"WENDY'S, Jr. Hamburger, senza formaggio"
170324,"WENDY'S, Jr. Hamburger, con formaggio"
170325,"WENDY'S, CLASSIC DOUBLE, con formaggio"
170326,"WENDY'S, Frosty Dairy Dessert"
170327,"BURGER KING, patatine fritte"
170328,"BURGER KING, hamburger"
170329,"BURGER KING, Cheeseburger"
170330,"BURGER KING, Premium Fish Sandwich"
170331,"BURGER KING, Original Chicken Sandwich"
170332,"TACO BELL, Original Taco with beef, formaggio e lattuga"
170333,"TACO BELL, taco morbido con manzo, formaggio e lattuga"
170334,"TACO BELL, BURRITO SUPREME con pollo"
170335,"TACO BELL, BURRITO SUPREME con bistecca"
170336,"TACO BELL, nachos"
170337,"TACO BELL, Nachos Supreme"
170338,"POPEYES, strisce di pollo piccanti, analisi 2006"
170339,"KFC, biscuit"
170340,"KFC, insalata di cavolo"
170341,"KFC, strisce di pollo croccanti"
170342,"KFC, Pollo fritto, ORIGINAL RECIPE, ala, solo carne, senza pelle e impanatura"
170343,"KFC, Pollo fritto, EXTRA CRISPY, pelle e impanatura"
170344,"KFC, Pollo fritto, EXTRA CRISPY, petto, solo carne, senza pelle e impanatura"
170345,"KFC, Pollo fritto, EXTRA CRISPY, fuso, solo carne, senza pelle e impanatura"
170346,"KFC, Pollo fritto, ORIGINAL RECIPE, sovracoscia, carne e pelle con impanatura"
170347,"KFC, Pollo fritto, ORIGINAL RECIPE, ala, carne e pelle con impanatura"
170348,"KFC, Pollo fritto, EXTRA CRISPY, petto, carne e pelle con impanatura"
170349,"KFC, Pollo fritto, EXTRA CRISPY, fuso, carne e pelle con impanatura"
170350,"POPEYES, Pollo fritto, delicato, pelle e impanatura"
170351,"POPEYES, Pollo fritto, delicato, sovracoscia, solo carne, senza pelle e impanatura"
170352,"POPEYES, Pollo fritto, delicato, ala, solo carne, senza pelle e impanatura"
170353,"POPEYES, Pollo fritto, delicato, petto, carne e pelle con impanatura"
170354,"POPEYES, Pollo fritto, delicato, fuso, carne e pelle con impanatura"
170355,"Parfait di yogurt, a basso contenuto di grassi, con frutta e granola"
170356,"Fast food, Pollo fritto, petto, solo carne, senza pelle e impanatura"
170357,"Fast food, Pollo fritto, fuso, solo carne, senza pelle e impanatura"
170358,"Fast food, Pollo fritto, sovracoscia, solo carne, senza pelle e impanatura"
170359,"Fast food, Pollo fritto, sovracoscia, carne, pelle e impanatura"
170360,"Fast food, Pollo fritto, ala, carne, pelle e impanatura"
170361,"DIGIORNO Pizza, con formaggio, bordo ripieno di formaggio, surgelato, al forno"
170362,"DIGIORNO Pizza, con formaggio, impasto lievitato, surgelato, al forno"
170363,"DIGIORNO Pizza, con guarnizione supreme, impasto lievitato, surgelato, al forno"
170364,"DIGIORNO Pizza, con guarnizione supreme, impasto sottile croccante, surgelato, al forno"
170365,"Fast food, Catena di pizzerie, pizza da 35 cm, con salsiccia, impasto spesso"
170366,"Fast food, Catena di pizzerie, pizza da 35 cm, con salsiccia, impasto sottile"
170367,"Fast food, Catena di pizzerie, pizza da 35 cm, con salsiccia, impasto classico"
170368,"Fast food, panino con filetto di pollo alla griglia, con lattuga, pomodoro e salsa spalmabile"
170369,"PIZZA HUT pizza al salame piccante da 35 cm, impasto Thin 'N Crispy"
170370,"DOMINO'S pizza al salame piccante da 35 cm, impasto sottile croccante"
170371,"DOMINO'S pizza alla salsiccia da 35 cm, impasto sottile croccante"
170372,"PIZZA HUT pizza alla salsiccia da 35 cm, impasto alto (pan)"
170373,"Pizza, con formaggio, impasto sottile, surgelato, cotto"
170374,"BURGER KING, cheeseburger doppio"
170375,"Foglie di barbabietola, crudo"
170376,"Foglie di barbabietola, cotto, lessato, scolato, senza sale"
170377,"Fave, freschi, crudo"
170378,"Fave, freschi, cotto, lessato, scolato, senza sale"
170379,"Broccoli, crudo"
170380,"Broccoli, surgelato, turioni, cotto, lessato, scolato, senza sale"
170381,"Cime di rapa (broccoletti), crudo"
170382,"Cime di rapa (broccoletti), cotto"
170383,"Cavolini di Bruxelles, crudo"
170384,"Radice di bardana, cotto, lessato, scolato, senza sale"
170385,"Farfaraccio, (fuki), crudo"
170386,"Farfaraccio, cotto, lessato, scolato, senza sale"
170387,"Farfaraccio, in scatola"
170388,"Cavolo, verza, crudo"
170389,"Cavolo, verza, cotto, lessato, scolato, senza sale"
170390,"Cavolo, cinese (pak choi), crudo"
170391,"Cavolo, cinese (pak choi), cotto, lessato, scolato, senza sale"
170392,"Cavolo, kimchi"
170393,"Carote, crudo"
170394,"Carote, cotto, lessato, scolato, senza sale"
170395,"Carote, in scatola, confezione normale, solidi e liquidi"
170396,"Carote, in scatola, confezione normale, solidi scolati"
170397,"Cavolfiore, cotto, lessato, scolato, senza sale"
170398,"Cavolfiore, surgelato, non preparato"
170399,"Cavolfiore, surgelato, cotto, lessato, scolato, senza sale"
170400,"Sedano rapa, crudo"
170401,"Bietola, svizzero, cotto, lessato, scolato, senza sale"
170402,"Chayote, frutta, crudo"
170403,"Chayote, frutta, cotto, lessato, scolato, senza sale"
170404,"Cicoria, belga (witloof), crudo"
170405,"Crisantemo, commestibile, cotto, lessato, scolato, senza sale"
170406,"Cavolo a foglia (collards), crudo"
170407,"Cavolo a foglia (collards), cotto, lessato, scolato, senza sale"
170408,"Cavolo a foglia (collards), surgelato, tritato, non preparato"
170409,"Mais, dolce, giallo, in scatola, in salamoia, confezione normale, solidi e liquidi"
170410,"Cipolle, surgelato, tritato, non preparato"
170411,"Cipolle, surgelato, tritato, cotto, lessato, scolato, senza sale"
170412,"Cipolle, surgelato, intero, non preparato"
170413,"Cipolle, surgelato, intero, cotto, lessato, scolato, senza sale"
170414,"Anelli di cipolla, impanato, prefritto, surgelato, non preparato"
170415,"Anelli di cipolla, impanato, prefritto, surgelato, preparato, riscaldato in forno"
170416,"Prezzemolo, fresco"
170417,"Pastinaca, crudo"
170418,"Piselli, con baccello commestibile, surgelato, cotto, lessato, scolato, senza sale"
170419,"Piselli, verde, crudo"
170420,"Piselli, verde, cotto, lessato, scolato, senza sale"
170421,"Piselli, verde, in scatola, confezione normale, solidi e liquidi"
170422,"Piselli, secchi, germogliato, crudo"
170423,"Piselli, secchi, germogliato, cotto, lessato, scolato, senza sale"
170424,"Piselli e carote, in scatola, confezione normale, solidi e liquidi"
170425,"Piselli e carote, surgelato, non preparato"
170426,"Peperoni, chili piccante, verde, in scatola, baccelli, senza semi, solidi e liquidi"
170427,"Peperoni, dolce, verde, crudo"
170428,"Peperoni, dolce, verde, cotto, lessato, scolato, senza sale"
170429,"Peperoni, dolce, verde, in scatola, solidi e liquidi"
170430,"Cajanus (pigeon pea), freschi, cotto, lessato, scolato, senza sale"
170431,Poi
170432,"Germogli di fitolacca, (poke), crudo"
170433,"Germogli di fitolacca, (poke), cotto, lessato, scolato, senza sale"
170434,"Patate, bianco, polpa e buccia, al forno"
170435,"Patate, rosso, polpa e buccia, al forno"
170436,"Patate, fritto, taglio ondulato o normale, sale aggiunto in lavorazione, surgelato, come acquistato"
170437,"Patate, fritto, taglio ondulato o normale, sale aggiunto in lavorazione, surgelato, riscaldato in forno"
170438,"Patate, lessato, cotto con la buccia, polpa, senza sale"
170439,"Patate, lessato, cotto con la buccia, pelle, senza sale"
170440,"Patate, lessato, cotto senza pelle, polpa, senza sale"
170441,"Patate, al microonde, cotto con la buccia, polpa, senza sale"
170442,"Patate, gratinato, fatto in casa con burro"
170443,"Patate, in scatola, solidi e liquidi"
170444,"Patate, in scatola, solidi scolati"
170445,"Patate, purè, disidratato, fiocchi senza latte, in polvere"
170446,"Patate, purè, disidratato, preparato da fiocchi senza latte, con latte intero e burro aggiunti"
170447,"Patate, gratinato, preparato in polvere, non preparato"
170448,"Patate, gratinato, preparato in polvere, preparato con acqua, latte intero e burro"
170449,"Patate, gratinate, preparato in polvere, non preparato"
170450,"Patate, gratinate, preparato in polvere, preparato con acqua, latte intero e burro"
170451,"Patate, fritto, a fiammifero, sale aggiunto in lavorazione, surgelato, come acquistato"
170452,"Patate, fritto, a fiammifero, sale aggiunto in lavorazione, surgelato, riscaldato in forno"
170453,"Patate, O'Brien, surgelato, non preparato"
170454,"Patate, O'Brien, surgelato, preparato"
170455,"Taro, tahitiano, cotto, senza sale"
170456,"Pomodori, verde, crudo"
170457,"Pomodori, rosso, maturo, crudo, media annuale"
170458,"Succo di pomodoro, in scatola, con sale aggiunto"
170459,"Derivati del pomodoro, in scatola, concentrato, senza sale aggiunto"
170460,"Derivati del pomodoro, in scatola, purea, senza sale aggiunto"
170461,Pomodoro in polvere
170462,"Derivati del pomodoro, in scatola, salsa, con cipolle, peperoni verdi, e sedano"
170463,"Derivati del pomodoro, in scatola, salsa, con pezzetti di pomodoro"
170464,"Felce arborea, cotto, senza sale"
170465,"Rape, crudo"
170466,"Cime di rapa, cotto, lessato, scolato, senza sale"
170467,"Cime di rapa, in scatola, solidi e liquidi"
170468,"Cime di rapa, surgelato, non preparato"
170469,"Cime di rapa, surgelato, cotto, lessato, scolato, senza sale"
170470,"Cime di rapa e rape, surgelato, non preparato"
170471,"Verdure, misto, surgelato, non preparato"
170472,"Verdure, misto, surgelato, cotto, lessato, scolato, senza sale"
170473,"Cocktail di succo di verdure, a basso contenuto di sodio, in scatola"
170474,"Spinacio del Malabar, (basella), crudo"
170475,"Zucca cerosa, (melone invernale cinese), cotto, lessato, scolato, senza sale"
170476,"Fagioli alati, freschi, crudo"
170477,"Fagioli alati, freschi, cotto, lessato, scolato, senza sale"
170478,"Foglie di fagiolo alato, crudo"
170479,"Barbabietole, alla harvard, in scatola, solidi e liquidi"
170480,"Barbabietole, sott'aceto, in scatola, solidi e liquidi"
170481,"Borragine, crudo"
170482,"Borragine, cotto, lessato, scolato, senza sale"
170483,"Baccelli di moringa, crudo"
170484,"Baccelli di moringa, cotto, lessato, scolato, senza sale"
170485,"Porri, (bulbo e parte bassa delle foglie), liofilizzato"
170486,"Prezzemolo, liofilizzato"
170487,"Zucca, estivo, tutte le varietà, crudo"
170488,"Zucca, estivo, tutte le varietà, cotto, lessato, scolato, senza sale"
170489,"Zucca, invernale, tutte le varietà, crudo"
170490,"Zucca, invernale, tutte le varietà, cotto, al forno, senza sale"
170491,"Succo di carota, in scatola"
170492,"Sformato di mais, fatto in casa"
170493,"Patate, purè, fatto in casa, con latte intero aggiunto"
170494,Soufflé di spinaci
170495,"Alghe, spirulina, essiccato"
170496,"Alghe, wakame, crudo"
170497,"Peperoni, chili piccante, verde, crudo"
170498,"Patate, O'Brien, fatto in casa"
170499,"Scalogni, crudo"
170500,"Carota, disidratato"
170501,"Pomodori, tritato, in scatola"
170502,"Pomodori, arancia, crudo"
170503,"Foglie di senape, cotto, lessato, scolato, con sale"
170504,"Foglie di senape, surgelato, cotto, lessato, scolato, con sale"
170505,"Spinacio di senape, (komatsuna), cotto, lessato, scolato, con sale"
170506,"Spinacio della Nuova Zelanda, cotto, lessato, scolato, con sale"
170507,"Cipolle, surgelato, intero, cotto, lessato, scolato, con sale"
170508,"Pastinaca, cotto, lessato, scolato, con sale"
170509,"Piselli, con baccello commestibile, cotto, lessato, scolato, con sale"
170510,"Piselli, con baccello commestibile, surgelato, cotto, lessato, scolato, con sale"
170511,"Piselli, secchi, germogliato, cotto, lessato, scolato, con sale"
170512,"Piselli e carote, in scatola, senza sale aggiunto, solidi e liquidi"
170513,"Piselli e carote, surgelato, cotto, lessato, scolato, con sale"
170514,"Piselli e cipolle, surgelato, cotto, lessato, scolato, con sale"
170515,"Peperoni, dolce, rosso, cotto, lessato, scolato, con sale"
170516,"Peperoni, dolce, verde, surgelato, tritato, cotto, lessato, scolato, con sale"
170517,"Cajanus (pigeon pea), freschi, cotto, lessato, scolato, con sale"
170518,"Germogli di fitolacca, (poke), cotto, lessato, scolato, con sale"
170519,"Patate, lessato, cotto con la buccia, pelle, con sale"
170520,"Patate, lessato, cotto senza pelle, polpa, con sale"
170521,"Patate, al microonde, cotto, con la buccia, polpa e buccia, con sale"
170522,"Patate, al microonde, cotto con la buccia, polpa, con sale"
170523,"Patate, fritto, tutti i tipi, senza sale aggiunto in lavorazione, surgelato, come acquistato"
170524,"Patate, gratinato, fatto in casa con margarina"
170525,"Patate, gratinate, fatto in casa con margarina"
170526,"Zucca, cotto, lessato, scolato, con sale"
170527,"Zucca, in scatola, con sale"
170528,"Navoni, cotto, lessato, scolato, con sale"
170529,"Scorzobianca, cotto, lessato, scolato, con sale"
170530,"Soia, verde, cotto, lessato, scolato, con sale"
170531,"Spinaci, cotto, lessato, scolato, con sale"
170532,"Zucca, estivo, a collo curvo e dritto, surgelato, cotto, lessato, scolato, con sale"
170533,"Zucca, estivo, capasanta, cotto, lessato, scolato, con sale"
170534,"Zucca, estivo, zucchine, con buccia, cotto, lessato, scolato, con sale"
170535,"Zucca, estivo, zucchine, con buccia, surgelato, cotto, lessato, scolato, con sale"
170536,"Zucca, invernale, butternut, surgelato, cotto, lessato, con sale"
170537,"Zucca, invernale, hubbard, al forno, con sale"
170538,"Zucca, invernale, hubbard, cotto, lessato, purè, con sale"
170539,"Zucca, invernale, spaghetti, cotto, lessato, scolato, o al forno, con sale"
170540,"Succotash, (mais e fagioli di Lima), cotto, lessato, scolato, con sale"
170541,"Patata dolce, cotto, lessato, senza pelle, con sale"
170542,"Patata dolce, surgelato, cotto, al forno, con sale"
170543,"Taro, cotto, con sale"
170544,"Taro, foglie, cotto, al vapore, con sale"
170545,"Succo di pomodoro, in scatola, senza sale aggiunto"
170546,"Derivati del pomodoro, in scatola, purea, con sale aggiunto"
170547,"Rape, cotto, lessato, scolato, con sale"
170548,"Rape, surgelato, cotto, lessato, scolato, con sale"
170549,"Zucca cerosa, (melone invernale cinese), cotto, lessato, scolato, con sale"
170550,"Fagiolo alato, freschi, cotto, lessato, scolato, con sale"
170551,"Igname, cotto, lessato, scolato, o al forno, con sale"
170552,"Semi, semi di breadnut, crudo"
170553,"Semi, semi di breadnut, essiccato"
170554,"Semi, semi di chia, essiccato"
170555,"Semi, farina di semi di cotone, parzialmente sgrassata (senza ghiandole)"
170556,"Semi, semi di zucca decorticati, essiccato"
170557,"Semi, semi di zucca decorticati, arrosto, senza sale"
170558,"Semi, semi di cartamo decorticati, essiccato"
170559,"Semi, farina di semi di cartamo, parzialmente sgrassato"
170560,"Semi, farina di sesamo, a basso contenuto di grassi"
170561,"Semi, farina di sesamo, parzialmente sgrassato"
170562,"Semi, semi di girasole decorticati, essiccato"
170563,"Semi, semi di girasole decorticati, tostato a secco, senza sale"
170564,"Semi, semi di girasole decorticati, tostato in olio, senza sale"
170565,"Frutta secca a guscio, ghiande, essiccato"
170566,"Frutta secca a guscio, farina di ghiande, intero"
170567,"Frutta secca a guscio, mandorle"
170568,"Frutta secca a guscio, mandorle, sbollentato"
170569,"Frutta secca a guscio, noci del Brasile, essiccato, non sbollentato"
170570,"Frutta secca a guscio, noci butternut, essiccato"
170571,"Frutta secca a guscio, anacardi, tostato a secco, senza sale aggiunto"
170572,"Frutta secca a guscio, anacardi, tostato in olio, senza sale aggiunto"
170573,"Frutta secca a guscio, castagne, cinese, arrosto"
170574,"Frutta secca a guscio, castagne, europeo, crudo, non sbucciato"
170575,"Frutta secca a guscio, castagne, europeo, crudo, sbucciato"
170576,"Frutta secca a guscio, castagne, europeo, essiccato, non sbucciato"
170577,"Frutta secca a guscio, polpa di cocco, essiccato, zuccherato, in fiocchi, confezionato"
170578,"Frutta secca a guscio, polpa di cocco, essiccato, zuccherato, in fiocchi, in scatola"
170579,"Frutta secca a guscio, polpa di cocco, essiccato, tostato"
170580,"Frutta secca a guscio, crema di cocco, crudo (liquido estratto da polpa grattugiata)"
170581,"Frutta secca a guscio, nocciole"
170582,"Frutta secca a guscio, nocciole, sbollentato"
170583,"Frutta secca a guscio, nocciole, tostato a secco, senza sale aggiunto"
170584,"Frutta secca a guscio, noci di ginkgo, crudo"
170585,"Frutta secca a guscio, frutta secca mista, tostato a secco, con arachidi, senza sale aggiunto"
170586,"Frutta secca a guscio, frutta secca mista, tostato a secco, con arachidi, con sale aggiunto, PLANTERS pistachio blend"
170587,"Frutta secca a guscio, frutta secca mista, tostato in olio, con arachidi, senza sale aggiunto"
170588,"Frutta secca a guscio, frutta secca mista, tostato in olio, senza arachidi, senza sale aggiunto"
170589,"Frutta secca a guscio, noci pecan, tostato in olio, senza sale aggiunto"
170590,"Frutta secca a guscio, noci pili, essiccato"
170591,"Frutta secca a guscio, pinoli, essiccato"
170592,"Frutta secca a guscio, pinoli, piñon, essiccato"
170593,"Frutta secca a guscio, noci, glassato"
170594,"Frutta secca a guscio, noci, tostato a secco, con sale aggiunto"
170595,"Semi, semi di albero del pane, arrosto"
170596,"Semi, semi di cotone decorticati, tostati (senza ghiandole)"
170597,"Manzo, frattaglie, milza, cotto, brasato"
170598,"Manzo, frattaglie, lingua, cotto, sobbollito"
170599,"Manzo, frattaglie, trippa, crudo"
170600,"Manzo, fettine per panini, in fiocchi, tritato, ricomposte e affettate sottili, crudo"
170601,"Manzo, punta di petto, metà piatta, solo magro, grasso rifilato a 0 mm, grado choice, cotto, brasato"
170602,"Manzo, stagionato, corned beef, in scatola"
170603,"Manzo, reale, arrosto o bistecca sotto paletta, disossato, solo magro, grasso rifilato a 0 mm, grado select, crudo"
170604,"Manzo, stagionato, essiccato"
170605,"Manzo, reale, bistecca sotto paletta, disossato, taglio Denver, solo magro, grasso rifilato a 0 mm, tutte le qualità, cotto, alla griglia"
170606,"Salsiccia, manzo, stagionato, cotto, affumicato"
170607,"Manzo, tritato, stagionato, affumicato"
170608,"Manzo, reale, bistecca sotto paletta, disossato, taglio Denver, solo magro, grasso rifilato a 0 mm, grado choice, crudo"
170609,"Manzo, insieme di tagli rifilati, magro e grasso, grasso rifilato a 0 mm, tutte le qualità, cotto"
170610,"Manzo, insieme di tagli rifilati, solo magro, grasso rifilato a 0 mm, grado select, cotto"
170611,"Manzo, punta di petto, intero, magro e grasso, grasso rifilato a 0 mm, tutte le qualità, cotto, brasato"
170612,"Manzo, punta di petto, intero, solo magro, grasso rifilato a 0 mm, tutte le qualità, cotto, brasato"
170613,"Manzo, punta di petto, metà piatta, magro e grasso, grasso rifilato a 0 mm, tutte le qualità, cotto, brasato"
170614,"Manzo, reale, arrosto di braccio, magro e grasso, grasso rifilato a 0 mm, grado select, cotto, brasato"
170615,"Manzo, reale, arrosto di braccio, solo magro, grasso rifilato a 0 mm, grado choice, cotto, brasato"
170616,"Manzo, reale, arrosto di braccio, solo magro, grasso rifilato a 0 mm, grado select, cotto, brasato"
170617,"Manzo, reale, arrosto di paletta, magro e grasso, grasso rifilato a 0 mm, tutte le qualità, cotto, brasato"
170618,"Manzo, reale, arrosto sotto paletta, disossato, magro e grasso, grasso rifilato a 0 mm, grado choice, cotto, brasato"
170619,"Manzo, costata, parte anteriore (coste 6-9), magro e grasso, grasso rifilato a 0 mm, grado choice, cotto, arrosto"
170620,"Manzo, costata, parte anteriore (coste 6-9), magro e grasso, grasso rifilato a 0 mm, grado select, cotto, arrosto"
170621,"Manzo, costata, parte anteriore (coste 6-9), solo magro, grasso rifilato a 0 mm, tutte le qualità, cotto, arrosto"
170622,"Manzo, costata, parte anteriore (coste 6-9), solo magro, grasso rifilato a 0 mm, grado choice, cotto, arrosto"
170623,"Manzo, costata, parte posteriore (coste 10-12), solo magro, grasso rifilato a 0 mm, tutte le qualità, cotto, grigliato"
170624,"Manzo, costata, parte posteriore (coste 10-12), solo magro, grasso rifilato a 0 mm, grado choice, cotto, grigliato"
170625,"Manzo, costata, parte posteriore (coste 10-12), solo magro, grasso rifilato a 0 mm, grado select, cotto, grigliato"
170626,"Manzo, coscia, sottofesa, bistecca, magro e grasso, grasso rifilato a 0 mm, tutte le qualità, cotto, brasato"
170627,"Manzo, coscia, sottofesa, arrosto, magro e grasso, grasso rifilato a 0 mm, grado select, cotto, arrosto"
170628,"Manzo, coscia, sottofesa, bistecca, solo magro, grasso rifilato a 0 mm, tutte le qualità, cotto, brasato"
170629,"Manzo, coscia, sottofesa, arrosto, solo magro, grasso rifilato a 0 mm, tutte le qualità, cotto, arrosto"
170630,"Manzo, coscia, sottofesa, bistecca, solo magro, grasso rifilato a 0 mm, grado choice, cotto, brasato"
170631,"Manzo, coscia, sottofesa, arrosto, solo magro, grasso rifilato a 0 mm, grado choice, cotto, arrosto"
170632,"Manzo, coscia, arrosto di girello, disossato, magro e grasso, grasso rifilato a 0 mm, grado select, cotto, arrosto"
170633,"Manzo, coscia, arrosto di girello, disossato, solo magro, grasso rifilato a 0 mm, tutte le qualità, cotto, arrosto"
170634,"Manzo, coscia, arrosto di girello, disossato, solo magro, grasso rifilato a 0 mm, grado choice, cotto, arrosto"
170635,"Manzo, coscia, arrosto di girello, disossato, solo magro, grasso rifilato a 0 mm, grado select, cotto, arrosto"
170636,"Manzo, coscia, noce, arrosto, solo magro, grasso rifilato a 0 mm, grado choice, cotto, arrosto"
170637,"Manzo, coscia, noce, arrosto, solo magro, grasso rifilato a 0 mm, grado select, cotto, arrosto"
170638,"Manzo, coscia, fesa, magro e grasso, grasso rifilato a 0 mm, tutte le qualità, cotto, brasato"
170639,"Manzo, coscia, fesa, magro e grasso, grasso rifilato a 0 mm, grado choice, cotto, brasato"
170640,"Manzo, lombata, bistecca di filetto, disossato, magro e grasso, grasso rifilato a 0 mm, grado select, cotto, alla griglia"
170641,"Manzo, lombata, bistecca di filetto, disossato, solo magro, grasso rifilato a 0 mm, tutte le qualità, cotto, alla griglia"
170642,"Manzo, lombata, bistecca di filetto, disossato, solo magro, grasso rifilato a 0 mm, grado choice, cotto, alla griglia"
170643,"Manzo, lombata, bistecca di filetto, disossato, solo magro, grasso rifilato a 0 mm, grado select, cotto, alla griglia"
170644,"Budini, vaniglia, preparato in polvere, normale, con olio aggiunto"
170645,"Marmellate e confetture, albicocca"
170646,"Sciroppi, miscele da tavola, pancake, con 2% di acero, con potassio aggiunto"
170647,"Snack, gallette di mais, a bassissimo contenuto di sodio"
170648,"Snack, patatine in sacchetto, naturale, con olio di soia parzialmente idrogenato, non salato"
170649,"Snack, patatine in sacchetto, naturale, non salato"
170650,"Snack, pretzel, duro, naturale, con farina non arricchita, salato"
170651,"Snack, pretzel, duro, naturale, con farina non arricchita, non salato"
170652,"Snack, gallette di riso, riso integrale, al sesamo, non salato"
170653,"Snack, bastoncini al sesamo, a base di grano, non salato"
170654,"Snack, mix di frutta secca, normale, non salato"
170655,"Snack, mix di frutta secca, normale, con gocce di cioccolato, frutta secca e semi non salati"
170656,"Dolciumi, confetti di mandorle"
170657,"Cacao, polvere secca, ad alto contenuto di grassi o da colazione, trattato con alcali"
170658,"Dolciumi, quadrotti morbidi di frutta e frutta secca"
170659,"Gelati, vaniglia, senza grassi"
170660,"Gelati, BREYERS, All Natural Light French Vanilla"
170661,"Gelati, BREYERS, 98% Fat Free Vanilla"
170662,"Gelati, BREYERS, All Natural Light Vanilla Chocolate Strawberry"
170663,"Gelati, BREYERS, All Natural Light Mint Chocolate Chip"
170664,"Gelati, BREYERS, senza zuccheri aggiunti, vaniglia, cioccolato e fragola"
170665,"Gelati confezionati, KLONDIKE, SLIM-A-BEAR Chocolate Cone"
170666,"Gelati confezionati, KLONDIKE, SLIM-A-BEAR Vanilla Sandwich"
170667,"Gelati confezionati, KLONDIKE, SLIM-A-BEAR, senza zuccheri aggiunti, barretta senza stecco"
170668,"Gelati, BREYERS, senza zuccheri aggiunti, cioccolato e caramello"
170669,"Dolciumi, REESE's Fast Break, cioccolato al latte, burro di arachidi, torrone morbido, barretta dolciaria"
170670,"Dolciumi, MARS SNACKFOOD US, COCOAVIA Chocolate Covered Almonds"
170671,"Gelati, normale, a basso contenuto di carboidrati, vaniglia"
170672,"Dolcificanti, da forno, scuro, contiene zucchero e sucralosio"
170673,"Dolcificanti, da forno, contiene zucchero e sucralosio"
170674,"Zucchero, turbinado"
170675,"Dolcificanti, sostituto dello zucchero, granulato, scuro"
170676,"Dolciumi, M&M MARS 3 MUSKETEERS Truffle Crisp"
170677,"Sciroppi, cioccolato, HERSHEY'S Sugar free, Genuine Chocolate Flavored, Lite Syrup"
170678,"Dolciumi, M&M MARS Pretzel Chocolate Candies"
170679,"Dolcificante, estratto in polvere di foglie di stevia"
170680,"Dolciumi, HERSHEYS, PAYDAY Bar"
170681,"Sciroppo, NESTLE, cioccolato"
170682,"Amaranto in chicchi, non cotto"
170683,"Amaranto in chicchi, cotto"
170684,Farina di arrowroot
170685,"Grano saraceno decorticato, arrosto, secco"
170686,"Grano saraceno decorticato, arrosto, cotto"
170687,"Farina di grano saraceno, a chicco intero"
170688,"Bulgur, secco"
170689,"Fast food, taco con manzo, formaggio e lattuga, guscio duro"
170690,"Fast food, cheeseburger singolo, hamburger normale semplice"
170691,"Fast food, cheeseburger singolo, hamburger normale, con condimenti"
170692,"Fast food, cheeseburger singolo, hamburger normale, con condimenti e verdure"
170693,"Fast food, hamburger singolo, hamburger normale semplice"
170694,"Fast food, hamburger singolo, hamburger normale con condimenti"
170695,"Fast food, panino al roast beef, naturale"
170696,"Fast food, panino sub, affettati su pane bianco con lattuga e pomodoro"
170697,"Fast food, anelli di cipolla, impanato e fritto"
170698,"Fast food, patata, fritto in olio vegetale"
170699,"Fast food, patata, purè"
170700,"BURGER KING, frappè alla vaniglia"
170701,"Mensa scolastica, pizza, BIG DADDY'S LS 16"" 51% Whole Grain Rolled Edge Turkey Pepperoni Pizza, surgelato"
170702,"Mensa scolastica, pizza, TONY'S SMARTPIZZA Whole Grain 4x6 Cheese Pizza 50/50 Cheese, surgelato"
170703,"Mensa scolastica, pizza, TONY'S SMARTPIZZA Whole Grain 4x6 Pepperoni Pizza 50/50 Cheese, surgelato"
170704,"Mensa scolastica, pizza, TONY'S Breakfast Pizza Sausage, surgelato"
170705,"SUBWAY, sub di pollo teriyaki con cipolla dolce su pane bianco con lattuga, salsa di pomodoro e cipolla dolce"
170706,"Fast food, panino sub, petto di tacchino su pane bianco con lattuga e pomodoro"
170707,"Fast food, panino sub, prosciutto su pane bianco con lattuga e pomodoro"
170708,"SUBWAY, sub di polpette alla marinara su pane bianco (senza aggiunte)"
170709,"Fast food, panino sub, polpette alla marinara su pane bianco"
170710,"Fast food, hamburger, grande, hamburger singolo, con condimenti"
170711,"SUBWAY, sub di petto di tacchino su pane bianco con lattuga e pomodoro"
170712,"SUBWAY, sub di prosciutto della Foresta Nera su pane bianco con lattuga e pomodoro"
170713,"SUBWAY, sub di roast beef su pane bianco con lattuga e pomodoro"
170714,"Pizza, con formaggio, impasto lievitato, surgelato, cotto"
170715,"Pizza, con carne e verdure, impasto classico, surgelato, cotto"
170716,"Pizza, con carne e verdure, impasto lievitato, surgelato, cotto"
170717,"McDONALD'S, hamburger"
170718,"Fast food, pollo, impanato e fritto, pezzi disossati, naturale"
170719,"McDONALD'S, QUARTER POUNDER con formaggio"
170720,"McDONALD'S, BIG MAC"
170721,"McDONALD'S, patatine fritte"
170722,"WENDY'S, CLASSIC SINGLE Hamburger, senza formaggio"
170723,"WENDY'S, Homestyle Chicken Fillet Sandwich"
170724,"WENDY'S, Ultimate Chicken Grill Sandwich"
170725,"WENDY'S, nuggets di pollo"
170726,"WENDY'S, patatine fritte"
170727,"BURGER KING, WHOPPER, senza formaggio"
170728,"BURGER KING, WHOPPER, con formaggio"
170729,"BURGER KING, DOUBLE WHOPPER, senza formaggio"
170730,"BURGER KING, DOUBLE WHOPPER, con formaggio"
170731,"BURGER KING, strisce di pollo"
170732,"TACO BELL, taco morbido con pollo, formaggio e lattuga"
170733,"TACO BELL, taco morbido con bistecca"
170734,"TACO BELL, burrito di fagioli"
170735,"TACO BELL, BURRITO SUPREME con manzo"
170736,"TACO BELL, insalata taco"
170737,"KFC, Popcorn Chicken"
170738,"KFC, Pollo fritto, ORIGINAL RECIPE, pelle e impanatura"
170739,"KFC, Pollo fritto, ORIGINAL RECIPE, petto, solo carne, senza pelle e impanatura"
170740,"KFC, Pollo fritto, ORIGINAL RECIPE, fuso, solo carne, senza pelle e impanatura"
170741,"KFC, Pollo fritto, ORIGINAL RECIPE, sovracoscia, solo carne, senza pelle e impanatura"
170742,"KFC, Pollo fritto, EXTRA CRISPY, sovracoscia, solo carne, senza pelle e impanatura"
170743,"KFC, Pollo fritto, EXTRA CRISPY, ala, solo carne, senza pelle e impanatura"
170744,"KFC, Pollo fritto, ORIGINAL RECIPE, petto, carne e pelle con impanatura"
170745,"KFC, Pollo fritto, ORIGINAL RECIPE, fuso, carne e pelle con impanatura"
170746,"KFC, Pollo fritto, EXTRA CRISPY, sovracoscia, carne e pelle con impanatura"
170747,"KFC, Pollo fritto, EXTRA CRISPY, ala, carne e pelle con impanatura"
170748,"POPEYES, Pollo fritto, delicato, petto, solo carne, senza pelle e impanatura"
170749,"POPEYES, Pollo fritto, delicato, fuso, solo carne, senza pelle e impanatura"
170750,"POPEYES, Pollo fritto, delicato, sovracoscia, carne e pelle con impanatura"
170751,"POPEYES, Pollo fritto, delicato, ala, carne e pelle con impanatura"
170752,"Fast food, pollo alla griglia, club sandwich con bacon e pomodoro, con formaggio, lattuga, e maionese"
170753,"Fast food, pollo croccante, bacon, e pomodoro, club sandwich, con formaggio, lattuga, e maionese"
170754,"Fast food, Pollo fritto, ala, solo carne, senza pelle e impanatura"
170755,"Fast food, Pollo fritto, pelle e impanatura di tutti i pezzi"
170756,"Fast food, Pollo fritto, petto, carne, pelle e impanatura"
170757,"Fast food, Pollo fritto, fuso, carne e pelle con impanatura"
170758,"DIGIORNO Pizza, con formaggio, impasto sottile croccante, surgelato, al forno"
170759,"DIGIORNO Pizza, con salame piccante, bordo ripieno di formaggio, surgelato, al forno"
170760,"DIGIORNO Pizza, con salame piccante, impasto lievitato, surgelato, al forno"
170761,"DIGIORNO Pizza, con salame piccante, impasto sottile croccante, surgelato, al forno"
170762,"Fast food, Catena di pizzerie, pizza da 35 cm, con salame piccante, impasto sottile"
170763,"Fast food, taco con manzo, formaggio e lattuga, morbido"
170764,"Fast food, taco con pollo, lattuga e formaggio, morbido"
170765,"Fast food, quesadilla, con pollo"
170766,"DOMINO'S pizza alla salsiccia da 35 cm, impasto classico steso a mano"
170767,"DOMINO'S pizza alla salsiccia da 35 cm, impasto alto Deep Dish"
170768,"PIZZA HUT pizza alla salsiccia da 35 cm, impasto Thin 'N Crispy"
170769,"PIZZA HUT pizza alla salsiccia da 35 cm, impasto steso a mano"
170770,"WEND'YS, Crispy Chicken Sandwich"
170771,"BURGER KING, anelli di cipolla"
170772,"WENDY'S, DAVE'S Hot 'N Juicy 1/4 LB, singolo"
170773,"Fast food, Catena di pizzerie, pizza da 35 cm, con formaggio, bordo ripieno"
170774,"PIZZA HUT pizza al formaggio da 35 cm, bordo ripieno"
170775,"Fast food, frullato fragola e banana con ghiaccio e yogurt magro"
170776,"McDONALD'S, Southern Style Chicken Biscuit"
170777,"McDONALD'S, RANCH SNACK WRAP, croccante"
170778,"McDONALD'S, RANCH SNACK WRAP, alla griglia"
170779,"Mensa scolastica, pizza, con formaggio, impasto spesso, integrale, surgelato, cotto"
170780,"Mensa scolastica, pizza, con salame piccante, impasto sottile, integrale, surgelato, cotto"
170781,"Mensa scolastica, pizza, con salame piccante, impasto spesso, integrale, surgelato, cotto"
170782,"Mensa scolastica, pizza, con salsiccia, impasto sottile, integrale, surgelato, cotto"
170783,"Manzo, reale, costine, disossato, solo magro, grasso rifilato a 0 mm, grado choice, crudo"
170784,"WENDY'S, Double Stack, con formaggio"
170785,"Fast food, pollo croccante in tortilla, con lattuga, formaggio, e salsa ranch"
170786,"Fast food, pollo alla griglia in tortilla, con lattuga, formaggio, e salsa ranch"
170787,"Fast food, burrito da colazione, con uovo, formaggio, e salsiccia"
170788,"Fast food, grissino, morbido, preparato con aglio e parmigiano"
170789,"PIZZA HUT, grissino, aglio e parmigiano"
170790,"CHICK-FIL-A, panino al pollo"
170791,"ARBY'S, panino al roast beef, classico"
170792,"Mensa scolastica, pizza, con formaggio, impasto sottile, integrale, surgelato, cotto"
170793,"Mensa scolastica, pizza, con salsiccia, impasto spesso, integrale, surgelato, cotto"
170794,"Mensa scolastica, hamburger di pollo, impanato con pane integrale"
170795,"Mensa scolastica, nuggets di pollo, impanato con pane integrale"
170796,"Manzo, reale, costine, disossato, solo magro, grasso rifilato a 0 mm, tutte le qualità, crudo"
170797,"Manzo, costine di reale stile country, disossato, solo magro, grasso rifilato a 0 mm, grado choice, cotto, brasato"
170798,"Manzo, costine di reale stile country, disossato, solo magro, grasso rifilato a 0 mm, grado select, cotto, brasato"
170799,"Manzo, costine di reale stile country, disossato, solo magro, grasso rifilato a 0 mm, tutte le qualità, cotto, brasato"
170800,"Manzo, costine di reale stile country, disossato, solo magro, grasso rifilato a 0 mm, grado choice, crudo"
170801,"Manzo, bistecca di reale, disossato, solo magro, grasso rifilato a 0 mm, tutte le qualità, cotto, alla griglia"
170802,"Manzo, bistecca di reale, disossato, solo magro, grasso rifilato a 0 mm, grado choice, crudo"
170803,"Manzo, bistecca di reale, disossato, solo magro, grasso rifilato a 0 mm, grado select, crudo"
170804,"Manzo, bistecca di reale, disossato, solo magro, grasso rifilato a 0 mm, tutte le qualità, crudo"
170805,"Manzo, reale, falso filetto, disossato, solo magro, grasso rifilato a 0 mm, grado select, cotto, brasato"
170806,"Manzo, reale, falso filetto, disossato, solo magro, grasso rifilato a 0 mm, tutte le qualità, cotto, brasato"
170807,"Manzo, reale, falso filetto, disossato, solo magro, grasso rifilato a 0 mm, grado choice, crudo"
170808,"Manzo, reale, falso filetto, disossato, solo magro, grasso rifilato a 0 mm, grado select, crudo"
170809,"Manzo, reale per stufato, magro e grasso, grado select, crudo"
170810,"Manzo, reale per stufato, magro e grasso, grado choice, crudo"
170811,"Manzo, reale, bistecca sotto paletta, disossato, solo magro, grasso rifilato a 0 mm, grado choice, cotto, brasato"
170812,"Manzo, reale, bistecca sotto paletta, disossato, solo magro, grasso rifilato a 0 mm, grado select, cotto, brasato"
170813,"Manzo, reale, arrosto o bistecca sotto paletta, disossato, magro e grasso, grasso rifilato a 0 mm, tutte le qualità, crudo"
170814,"Manzo, reale, arrosto o bistecca sotto paletta, disossato, magro e grasso, grasso rifilato a 0 mm, grado choice, crudo"
170815,"Manzo, reale, arrosto o bistecca sotto paletta, disossato, magro e grasso, grasso rifilato a 0 mm, grado select, crudo"
170816,"Manzo, reale, bistecca sotto paletta, disossato, taglio Denver, magro e grasso, grasso rifilato a 0 mm, tutte le qualità, cotto, alla griglia"
170817,"Manzo, reale, bistecca sotto paletta, disossato, taglio Denver, magro e grasso, grasso rifilato a 0 mm, grado select, crudo"
170818,"Manzo, arrosto o bistecca di spalla, disossato, magro e grasso, grasso rifilato a 0 mm, grado choice, crudo"
170819,"Manzo, arrosto o bistecca di spalla, disossato, magro e grasso, grasso rifilato a 0 mm, grado select, crudo"
170820,"Manzo, arrosto di reale, disossato, America's Beef Roast, magro e grasso, grasso rifilato a 0 mm, tutte le qualità, cotto, arrosto"
170821,"Manzo, reale, falso filetto, disossato, magro e grasso, grasso rifilato a 0 mm, tutte le qualità, cotto, brasato"
170822,"Manzo, reale, falso filetto, disossato, magro e grasso, grasso rifilato a 0 mm, grado choice, cotto, brasato"
170823,"Manzo, reale, falso filetto, disossato, magro e grasso, grasso rifilato a 0 mm, grado select, cotto, brasato"
170824,"Manzo, reale, falso filetto, disossato, magro e grasso, grasso rifilato a 0 mm, tutte le qualità, crudo"
170825,"Manzo, reale, costine, disossato, magro e grasso, grasso rifilato a 0 mm, grado select, cotto, brasato"
170826,"Manzo, reale, costine, disossato, magro e grasso, grasso rifilato a 0 mm, tutte le qualità, crudo"
170827,"Manzo, reale, costine, disossato, magro e grasso, grasso rifilato a 0 mm, grado choice, crudo"
170828,"Manzo, reale, costine, disossato, magro e grasso, grasso rifilato a 0 mm, grado select, crudo"
170829,"Manzo, costine di reale stile country, disossato, magro e grasso, grasso rifilato a 0 mm, grado choice, cotto, brasato"
170830,"Manzo, costine di reale stile country, disossato, magro e grasso, grasso rifilato a 0 mm, grado select, cotto, brasato"
170831,"Manzo, costine di reale stile country, disossato, magro e grasso, grasso rifilato a 0 mm, tutte le qualità, crudo"
170832,"Manzo, costine di reale stile country, disossato, magro e grasso, grasso rifilato a 0 mm, grado choice, crudo"
170833,"Manzo, costine di reale stile country, disossato, magro e grasso, grasso rifilato a 0 mm, grado select, crudo"
170834,"Manzo, bistecca di reale, disossato, magro e grasso, grasso rifilato a 0 mm, grado choice, crudo"
170835,"Manzo, bistecca di reale, disossato, magro e grasso, grasso rifilato a 0 mm, grado select, crudo"
170836,"Manzo, arrosto di entrecôte, con osso, con copertina, solo magro, grasso rifilato a 3 mm, tutte le qualità, cotto, arrosto"
170837,"Manzo, arrosto di entrecôte, con osso, con copertina, solo magro, grasso rifilato a 3 mm, grado select, cotto, arrosto"
170838,"Manzo, entrecôte (bistecca o arrosto), con osso, con copertina, solo magro, grasso rifilato a 3 mm, grado select, crudo"
170839,"Manzo, entrecôte (bistecca o arrosto), disossato, con copertina, solo magro, grasso rifilato a 3 mm, tutte le qualità, crudo"
170840,"Manzo, entrecôte (bistecca o arrosto), disossato, con copertina, solo magro, grasso rifilato a 3 mm, grado choice, crudo"
170841,"Manzo, entrecôte (bistecca o arrosto), disossato, con copertina, solo magro, grasso rifilato a 3 mm, grado select, crudo"
170842,"Manzo, arrosto di entrecôte, disossato, con copertina, solo magro, grasso rifilato a 3 mm, grado choice, cotto, arrosto"
170843,"Formaggio, fontina"
170844,"Formaggio, monterey"
170845,"Formaggio, mozzarella, latte intero"
170846,"Formaggio, mozzarella, latte intero, a bassa umidità"
170847,"Formaggio, mozzarella, latte parzialmente scremato"
170848,"Formaggio, parmigiano, duro"
170849,"Formaggio, port salut"
170850,"Formaggio, provolone"
170851,"Formaggio, ricotta, latte intero"
170852,"Formaggio, tilsit"
170853,"Formaggio, fuso, americano, fortificato con vitamina D"
170854,"Formaggio, fuso, peperone pimento"
170855,"Formaggio, fuso, svizzero"
170856,"Preparato a base di formaggio, a freddo (cold pack), americano"
170857,"Panna, liquido, leggera (panna da caffè o da tavola)"
170858,"Panna, liquido, da montare leggera"
170859,"Panna, liquido, da montare"
170860,"Panna, montata, panna spray, spray"
170861,"Latte, farcito, liquido, con miscela di oli vegetali idrogenati"
170862,"Latte, farcito, liquido, con olio di acido laurico"
170863,"Formaggio, americano, scremato"
170864,"Yogurt, greco, 2% di grassi, albicocca, CHOBANI"
170865,"Topping per dessert, in polvere"
170866,"Topping per dessert, in polvere, 45 g preparati con 120 ml di latte"
170867,"Topping per dessert, spray"
170868,"Topping per dessert, semisolido, surgelato"
170869,"Panna acida, imitazione, fermentato"
170870,"Latte, a ridotto contenuto di grassi, liquido, 2% di grassi, con solidi di latte scremato e vitamine A e D aggiunti"
170871,"Latte, a ridotto contenuto di grassi, liquido, 2% di grassi, fortificato con proteine, con vitamine A e D aggiunte"
170872,"Latte, a basso contenuto di grassi, liquido, 1% di grassi, con vitamine A e D aggiunte"
170873,"Latte, a basso contenuto di grassi, liquido, 1% di grassi, con solidi di latte scremato aggiunti, vitamine A e D"
170874,"Latte, latticello, liquido, fermentato, a basso contenuto di grassi"
170875,"Latte, a basso contenuto di sodio, liquido"
170876,"Latte, secco, intero, con vitamina D aggiunta"
170877,"Latte, secco, senza grassi, normale, senza vitamine A e D aggiunte"
170878,"Latte, in scatola, evaporato, senza grassi, con vitamine A e D aggiunte"
170879,"Latte, cioccolato, liquido, commerciale, intero, con vitamine A e D aggiunte"
170880,"Latte, cioccolato, liquido, commerciale, a ridotto contenuto di grassi, con vitamine A e D aggiunte"
170881,"Latte, cioccolato, a basso contenuto di grassi, con vitamine A e D aggiunte"
170882,"Latte, di pecora, liquido"
170883,"Frappè, denso al cioccolato"
170884,"Frappè, denso alla vaniglia"
170885,"Siero di latte, acido, liquido"
170886,"Yogurt, naturale, a basso contenuto di grassi"
170887,"Yogurt, naturale, latte scremato"
170888,"Yogurt, vaniglia, a basso contenuto di grassi"
170889,"Yogurt, frutta, a basso contenuto di grassi, 9 g di proteine per 240 ml"
170890,"Stecco dessert al latte, surgelato, da latte parzialmente scremato"
170891,"Yogurt, greco, 2% di grassi, mix di frutti di bosco, CHOBANI"
170892,"Integratore nutrizionale per diabetici, liquido"
170893,"Uovo, intero, crudo, surgelato, salato, pastorizzato"
170894,"Yogurt, greco, naturale, scremato"
170895,"Uovo, bianco, essiccato, stabilizzato, a ridotto glucosio"
170896,"Formaggio spalmabile, a base di formaggio americano o cheddar, a ridotto contenuto di grassi"
170897,"Formaggio, svizzero, scremato"
170898,"Formaggio, messicano, queso cotija"
170899,"Formaggio, cheddar, stagionato forte, a fette"
170900,"Formaggio, mozzarella, a bassa umidità, parzialmente scremato, sminuzzato"
170901,"Yogurt, greco, fragola, senza grassi"
170902,"Yogurt, greco, vaniglia, senza grassi"
170903,"Yogurt, greco, naturale, a basso contenuto di grassi"
170904,"Kefir, a basso contenuto di grassi, naturale, LIFEWAY"
170905,"Yogurt, greco, frutta, latte intero"
170906,"Yogurt, vaniglia, senza grassi"
170907,"Yogurt, greco, vaniglia, a basso contenuto di grassi"
170908,"Yogurt, surgelato, gusti diversi dal cioccolato, a basso contenuto di grassi"
170909,"Yogurt, greco, 2% di grassi, ananas, CHOBANI"
170910,"Latte, cioccolato, a basso contenuto di grassi, a ridotto contenuto di zuccheri"
170911,"Gelato, a basso contenuto di grassi, senza zuccheri aggiunti, cono, con arachidi e salsa al cioccolato"
170912,"Yogurt, greco, 2% di grassi, fragola e banana, CHOBANI"
170913,"Yogurt, greco, senza grassi, con frutta sul fondo, Melograno, CHOBANI"
170914,"Yogurt, greco, mirtillo, CHOBANI"
170915,"Yogurt, greco, senza grassi, con frutta sul fondo, fragola, CHOBANI"
170916,"Yogurt, greco, senza grassi, con frutta sul fondo, Mora, CHOBANI"
170917,"Spezie, alloro"
170918,"Spezie, semi di cumino dei prati"
170919,"Spezie, cardamomo"
170920,"Spezie, semi di sedano"
170921,"Spezie, foglie di coriandolo, essiccato"
170922,"Spezie, semi di coriandolo"
170923,"Spezie, semi di cumino"
170924,"Spezie, curry in polvere"
170925,"Spezie, semi di aneto"
170926,"Spezie, zenzero, macinato"
170927,"Spezie, macis, macinato"
170928,"Spezie, maggiorana, essiccato"
170929,"Spezie, semi di senape, macinato"
170930,"Spezie, prezzemolo, essiccato"
170931,"Spezie, pepe, nero"
170932,"Spezie, pepe, rosso o di Cayenna"
170933,"Spezie, pepe, bianco"
170934,"Spezie, zafferano"
170935,"Spezie, salvia, macinato"
170936,"Spezie, santoreggia, macinato"
170937,"Spezie, dragoncello, essiccato"
170938,"Spezie, timo, essiccato"
170939,"Alimenti per l'infanzia, verdure, piselli, omogeneizzato"
170940,"Alimenti per l'infanzia, piselli, a cubetti, per bambini piccoli"
170941,"Alimenti per l'infanzia, verdure, spinaci, in crema, omogeneizzato"
170942,"Alimenti per l'infanzia, frutta, albicocca con tapioca, junior"
170943,"Alimenti per l'infanzia, frutta, pere, junior"
170944,"Alimenti per l'infanzia, frutta, prugne con tapioca, senza acido ascorbico, omogeneizzato"
170945,"Alimenti per l'infanzia, frutta, prugne con tapioca, senza acido ascorbico, junior"
170946,"Alimenti per l'infanzia, frutta, prugne secche con tapioca, senza acido ascorbico, omogeneizzato"
170947,"Alimenti per l'infanzia, frutta, purea di mele e albicocche, omogeneizzato"
170948,"Alimenti per l'infanzia, frutta, purea di mele e albicocche, junior"
170949,"Alimenti per l'infanzia, frutta, purea di mele e ciliegie, omogeneizzato"
170950,"Alimenti per l'infanzia, frutta, purea di mele e ciliegie, junior"
170951,"Alimenti per l'infanzia, frutta, purea di mele con banana, junior"
170952,"Alimenti per l'infanzia, frutta e verdura, mela e patata dolce"
170953,"Alimenti per l'infanzia, frutta, banane e ananas con tapioca, junior"
170954,"Alimenti per l'infanzia, frutta, banane e ananas con tapioca, omogeneizzato"
170955,"Alimenti per l'infanzia, frutta, pere e ananas, omogeneizzato"
170956,"Alimenti per l'infanzia, frutta, banane con mele e pere, omogeneizzato"
170957,"Alimenti per l'infanzia, frutta, mela e mirtillo, omogeneizzato"
170958,"Alimenti per l'infanzia, frutta, mela e mirtillo, junior"
170959,"Alimenti per l'infanzia, succo, mela"
170960,"Alimenti per l'infanzia, succo, arancia, mela e banana"
170961,"Alimenti per l'infanzia, succo, arancia e albicocca"
170962,"Alimenti per l'infanzia, succo, arancia e banana"
170963,"Alimenti per l'infanzia, succo, arancia e ananas"
170964,"Alimenti per l'infanzia, cereali, misto, in polvere fortificato"
170965,"Alimenti per l'infanzia, cereali, misto, con banane, secco"
170966,"Alimenti per l'infanzia, cereali, misto, con purea di mele e banane, omogeneizzato"
170967,"Alimenti per l'infanzia, cereali, misto, con purea di mele e banane, junior, fortificato"
170968,"Alimenti per l'infanzia, cereali, fiocchi d'avena, con miele, secco"
170969,"Alimenti per l'infanzia, cereali, riso, in polvere fortificato"
170970,"Alimenti per l'infanzia, cereali, riso, con purea di mele e banane, omogeneizzato"
170971,"Alimenti per l'infanzia, cereali, con tuorli, omogeneizzato"
170972,"Alimenti per l'infanzia, cracker, vegetale"
170973,"Alimenti per l'infanzia, cereali, ad alto contenuto proteico, con mela e arancia, secco"
170974,"Alimenti per l'infanzia, cereali, riso, con banane, secco"
170975,"Alimenti per l'infanzia, biscotti"
170976,"Alimenti per l'infanzia, dessert, di mele olandese, omogeneizzato"
170977,"Alimenti per l'infanzia, dessert, di mele olandese, junior"
170978,"Alimenti per l'infanzia, cobbler di ciliegie, junior"
170979,"Alimenti per l'infanzia, dessert, budino ciliegia e vaniglia, omogeneizzato"
170980,"Alimenti per l'infanzia, dessert, pesca melba, omogeneizzato"
170981,"Alimenti per l'infanzia, dessert, pesca melba, junior"
170982,"Alimenti per l'infanzia, dessert, budino alla frutta, ananas, omogeneizzato"
170983,"Alimenti per l'infanzia, dessert, dessert alla frutta, senza acido ascorbico, omogeneizzato"
170984,"Alimenti per l'infanzia, succo, punch di frutta, con calcio"
170985,"Alimenti per l'infanzia, succo, mela, con calcio"
170986,"Latte formulato per lattanti, MEAD JOHNSON, ENFAMIL, ENFACARE, pronto all'uso, con ARA e DHA"
170987,"Alimenti per l'infanzia, yogurt, latte intero, con frutta, cereali multicereali fortificati con DHA"
170988,"Latte formulato per lattanti, ABBOTT NUTRITION, ALIMENTUM ADVANCE, con ferro, in polvere, non ricostituito, con DHA e ARA"
170989,"Alimenti per l'infanzia, purè di patate al cheddar e broccoli, bambini piccoli"
170990,"Alimenti per l'infanzia, yogurt, latte intero, con frutta, cereali multicereali fortificati con ferro"
170991,"Latte formulato per lattanti, NESTLE, GOOD START SOY, con DHA e ARA, concentrato liquido"
170992,"Latte di crescita, MEAD JOHNSON, ENFAGROW, Alimenti di transizione per bambini piccoli, con ARA e DHA, in polvere"
170993,"Latte di crescita, MEAD JOHNSON, ENFAGROW PREMIUM (formerly ENFAMIL, LIPIL, NEXT STEP), pronto all'uso"
170994,"Latte formulato per lattanti, MEAD JOHNSON, ENFAMIL, Neonati, con DHA e ARA, pronto all'uso"
170995,"Latte formulato per lattanti, GERBER, GOOD START 2 SOY, con ferro, pronto all'uso"
170996,"Latte formulato per lattanti, GERBER, GOOD START, PROTECT PLUS, pronto all'uso"
170997,"Latte formulato per lattanti, GERBER GOOD START 2, GENTLE PLUS, pronto all'uso"
170998,"Alimenti per l'infanzia, frutta, banana e fragola, junior"
170999,"Alimenti per l'infanzia, banana con frutti di bosco, omogeneizzato"
171000,"Alimenti per l'infanzia, Cereali multicereali integrali, in polvere fortificato"
171001,"Alimenti per l'infanzia, Baby MUM MUM Rice Biscuits"
171002,"Condimento per insalata, KRAFT Mayo Light Mayonnaise"
171003,"Condimento per insalata, KRAFT Mayo Fat Free Mayonnaise Dressing"
171004,"Condimento per insalata, KRAFT MIRACLE WHIP FREE Nonfat Dressing"
171005,"Condimento per insalata, condimento russo"
171006,"Condimento per insalata, condimento al sesamo, normale"
171007,"Condimento per insalata, condimento russo, a basso contenuto calorico"
171008,"Condimento per insalata, condimento thousand island, a ridotto contenuto di grassi"
171009,"Condimento per insalata, maionese, normale"
171010,"Condimento per insalata, maionese, olio di soia e cartamo, con sale"
171011,"Grasso vegetale per dolci, per uso domestico, di soia e semi di cotone (parzialmente idrogenati)"
171012,"Olio, di soia, per insalata o cottura, (parzialmente idrogenato)"
171013,"Olio, crusca di riso"
171014,"Olio, germe di grano"
171015,"Olio, di palma"
171016,"Olio, di sesamo, per insalata o cottura"
171017,"Olio, di girasole, linoleico (meno del 60%)"
171018,"Margarina, normale, duro, di soia (idrogenato)"
171019,"Condimento per insalata, condimento all'italiana, commerciale, normale"
171020,"Condimento per insalata, condimento french, commerciale, normale, senza sale"
171021,"Condimento per insalata, condimento french, a ridotto contenuto di grassi, senza sale"
171022,"Condimento per insalata, condimento all'italiana, commerciale, normale, senza sale"
171023,"Condimento per insalata, condimento all'italiana, a ridotto contenuto di grassi, senza sale"
171024,"Olio, di semi di cotone, per insalata o cottura"
171025,"Olio, di girasole, linoleico, (circa 65%)"
171026,"Olio, di cartamo, per insalata o cottura, linoleico, (oltre il 70%)"
171027,"Olio, di cartamo, per insalata o cottura, alto oleico (olio di cartamo commerciale principale)"
171028,"Olio, di vinaccioli"
171029,"Olio, mais, industriale e al dettaglio, per tutti gli usi, insalata o cottura"
171030,"Olio, di noci"
171031,"Olio, mandorla"
171032,"Olio, di noccioli di albicocca"
171033,"Olio, vegetale, Natreon canola, ad alta stabilità, senza grassi trans, alto oleico (70%)"
171034,"Condimento per insalata, condimento senape e miele, a ridotto contenuto calorico"
171035,"Crema spalmabile tipo margarina, BENECOL Light Spread"
171036,"Condimento per insalata, condimento spray, gusti assortiti"
171037,"Condimento per insalata, maionese, leggero, SMART BALANCE, Omega Plus light"
171038,"Tipo margarina, crema spalmabile di olio vegetale, 60% di grassi, in vaschetta, con sale, con vitamina D aggiunta"
171039,"Crema spalmabile di olio vegetale tipo margarina, in panetto, vaschetta o bottiglia, 60% di grassi, con vitamina D aggiunta"
171040,"Margarina, normale, 80% di grassi, insieme, in panetto, senza sale, con vitamina D aggiunta"
171041,"Tipo margarina, crema spalmabile di olio vegetale, 60% di grassi, in panetto, vaschetta o bottiglia, senza sale, con vitamina D aggiunta"
171042,"Olio, industriale, di colza, alto oleico"
171043,"Condimento per insalata, senape al miele, normale"
171044,"Condimento per insalata, ai semi di papavero, cremoso"
171045,"Condimento per insalata, caesar, senza grassi"
171046,"Condimento, senape al miele, senza grassi"
171047,"Pollo, polli da carne, carne e pelle con rigaglie e collo, crudo"
171048,"Pollo, polli da carne, carne e pelle con rigaglie e collo, cotto, fritto, in pastella"
171049,"Pollo, polli da carne, carne e pelle con rigaglie e collo, cotto, fritto, farina"
171050,"Pollo, polli da carne, carne e pelle con rigaglie e collo, arrosto"
171051,"Pollo, polli da carne, carne e pelle, cotto, in umido"
171052,"Pollo, polli da carne, solo carne, crudo"
171053,"Pollo, polli da carne, solo carne, cotto, fritto"
171054,"Pollo, polli da carne, solo carne, cotto, arrosto"
171055,"Pollo, polli da carne, solo pelle, cotto, arrosto"
171056,"Pollo, polli da carne, solo pelle, cotto, in umido"
171057,"Pollo, polli da carne, rigaglie, crudo"
171058,"Pollo, polli da carne, rigaglie, cotto, fritto"
171059,"Pollo, cuore, tutte le classi, cotto, sobbollito"
171060,"Pollo, fegato, tutte le classi, crudo"
171061,"Pollo, fegato, tutte le classi, cotto, sobbollito"
171062,"Pollo, polli da carne, carne bianca, carne e pelle, crudo"
171063,"Pollo, polli da carne, carne scura, carne e pelle, cotto, fritto, in pastella"
171064,"Pollo, polli da carne, carne scura, carne e pelle, cotto, fritto, farina"
171065,"Pollo, polli da carne, carne scura, carne e pelle, cotto, arrosto"
171066,"Pollo, polli da carne, carne scura, carne e pelle, cotto, in umido"
171067,"Pollo, polli da carne, carne scura, solo carne, crudo"
171068,"Pollo, polli da carne, carne scura, solo carne, cotto, fritto"
171069,"Pollo, polli da carne, carne scura, solo carne, cotto, arrosto"
171070,"Pollo, polli da carne, carne scura, solo carne, cotto, in umido"
171071,"Pollo, polli da carne, dorso, carne e pelle, cotto, arrosto"
171072,"Pollo, polli da carne, dorso, carne e pelle, cotto, in umido"
171073,"Pollo, polli da carne, dorso, solo carne, crudo"
171074,"Pollo, polli da carne, dorso, solo carne, cotto, fritto"
171075,"Pollo, polli da carne, petto, carne e pelle, cotto, arrosto"
171076,"Pollo, polli da carne, petto, carne e pelle, cotto, in umido"
171077,"Pollo, polli da carne, petto, senza pelle, disossato, solo carne, crudo"
171078,"Pollo, polli da carne, petto, solo carne, cotto, fritto"
171079,"Piccione, (piccione), solo carne, crudo"
171080,"Piccione, (piccione), carne bianca senza pelle, crudo"
171081,"Tacchino, intero, carne e pelle, crudo"
171082,"Tacchino, intero, pelle (carne bianca e scura), arrosto"
171083,"Tacchino, intero, rigaglie, crudo"
171084,"Tacchino, intero, rigaglie, cotto, sobbollito"
171085,"Tacchino, ventriglio, tutte le classi, crudo"
171086,"Tacchino, intero, collo, solo carne, crudo"
171087,"Tacchino, intero, collo, solo carne, cotto, sobbollito"
171088,"Tacchino, intero, carne bianca, carne e pelle, crudo"
171089,"Tacchino, intero, carne bianca, carne e pelle, cotto, arrosto"
171090,"Tacchino, intero, carne scura, solo carne, crudo"
171091,"Tacchino, intero, carne scura, cotto, arrosto"
171092,"Tacchino, tutte le classi, dorso, carne e pelle, cotto, arrosto"
171093,"Tacchino, tutte le classi, petto, carne e pelle, crudo"
171094,"Tacchino, tutte le classi, ala, carne e pelle, cotto, arrosto"
171095,"Tacchino, polli da arrosto, carne e pelle, cotto, arrosto"
171096,"Tacchino, intero, dorso, solo carne, crudo"
171097,"Tacchino, intero, dorso, solo carne, cotto, arrosto"
171098,"Tacchino, intero, petto, solo carne, crudo"
171099,"Pollo, in scatola, solo carne, con brodo"
171100,"Paté di foie gras, in scatola (paté di fegato d'oca), affumicato"
171101,"Tacchino, in scatola, solo carne, con brodo"
171102,"Tacchino, a dadini, carne bianca e scura, condito"
171103,"Bastoncini di tacchino, impanato, in pastella, fritto"
171104,"Pollame, disossato meccanicamente, da dorsi e colli con pelle, crudo"
171105,"Pollame, disossato meccanicamente, da dorsi e colli senza pelle, crudo"
171106,"Pollame, disossato meccanicamente, da galline adulte, crudo"
171107,"Pollo, galletti Cornish, carne e pelle, cotto, arrosto"
171108,"Pollo, galletti Cornish, solo carne, crudo"
171109,"Pollo, galletti Cornish, solo carne, cotto, arrosto"
171110,"Pollo, in scatola, senza brodo"
171111,"Pollo, ala, surgelato, glassato, gusto barbecue"
171112,"Anatra, anatroccolo, d'allevamento, Pechino bianca, coscia, carne e pelle, con osso, cotto, arrosto"
171113,"Anatra, anatroccolo, d'allevamento, Pechino bianca, coscia, solo carne, con osso, cotto senza pelle, brasato"
171114,"Pollo, pollo da carne, allo spiedo, barbecue, fuso, solo carne"
171115,"Pollo, ala, surgelato, glassato, gusto barbecue, riscaldato (forno tradizionale)"
171116,"Pollo, macinato, crudo"
171117,"Pollo, macinato, sbriciolato, cotto, rosolato in padella"
171118,"Pollo, pollo da carne, allo spiedo, barbecue, sovracoscia, solo carne"
171119,"Pollo, zampe, lessato"
171120,"Pollo, polli da carne, allo spiedo, condimento originale, sovracoscia, solo carne, cotto"
171121,"Pollo, polli da carne, allo spiedo, condimento originale, ala, solo carne, cotto"
171122,"Pollo, polli da carne, allo spiedo, condimento originale, dorso, carne e pelle, cotto"
171123,"Pollo, polli da carne, allo spiedo, condimento originale, petto, carne e pelle, cotto"
171124,"Pollo, pollo da carne, allo spiedo, barbecue, dorso, carne e pelle"
171125,"Pollo, pollo da carne, allo spiedo, barbecue, petto, carne e pelle"
171126,"Pollo, pollo da carne, allo spiedo, barbecue, fuso, carne e pelle"
171127,"Pollo, pollo da carne, allo spiedo, barbecue, sovracoscia, carne e pelle"
171128,"Tacchino, fuso, dall'intero animale, solo carne, con soluzione aggiunta, arrosto"
171129,"Tacchino, sovracoscia, dall'intero animale, solo carne, con soluzione aggiunta, crudo"
171130,"Tacchino, parti al dettaglio, petto, carne e pelle, con soluzione aggiunta, crudo"
171131,"Tacchino, sovracoscia, dall'intero animale, solo carne, con soluzione aggiunta, arrosto"
171132,"Tacchino, parti al dettaglio, ala, carne e pelle, crudo"
171133,"Tacchino, parti al dettaglio, ala, carne e pelle, cotto, arrosto"
171134,"Tacchino, parti al dettaglio, fuso, carne e pelle, crudo"
171135,"Tacchino, parti al dettaglio, fuso, carne e pelle, cotto, arrosto"
171136,"Tacchino, fuso, dall'intero animale, solo carne, crudo"
171137,"Tacchino, parti al dettaglio, sovracoscia, carne e pelle, cotto, arrosto"
171138,"Tacchino, dorso, dall'intero animale, carne e pelle, con soluzione aggiunta, crudo"
171139,"Tacchino, dorso, dall'intero animale, carne e pelle, con soluzione aggiunta, arrosto"
171140,"Pollo, polli da carne, petto, senza pelle, disossato, solo carne, cotto, brasato"
171141,"Zuppa, fagioli neri, in scatola, condensato"
171142,"Zuppa, fagioli con maiale, in scatola, condensato"
171143,"Zuppa, fagioli con würstel, in scatola, condensato"
171144,"Zuppa, fagioli con prosciutto, in scatola, a pezzi, pronto da servire"
171145,"Zuppa, pollo, in scatola, a pezzi, pronto da servire"
171146,"Zuppa, crema di pollo, in scatola, condensato"
171147,"Zuppa, gumbo di pollo, in scatola, condensato"
171148,"Zuppa, pollo e pasta a pezzi, in scatola, pronto da servire"
171149,"Zuppa, pollo e verdure, in scatola, condensato"
171150,"Zuppa, chili di manzo, in scatola, condensato"
171151,"Zuppa, zuppa di vongole, stile Manhattan, in scatola, a pezzi, pronto da servire"
171152,"Zuppa, zuppa di vongole, manhattan, in scatola, condensato"
171153,"Zuppa, minestrone, in scatola, condensato"
171154,"Zuppa, funghi e orzo, in scatola, condensato"
171155,"Zuppa, crema di funghi, in scatola, condensato"
171156,"Zuppa, funghi con brodo di manzo, in scatola, condensato"
171157,"Zuppa, pisello, spezzati con prosciutto, in scatola, condensato"
171158,"Zuppa, crema di patate, in scatola, condensato"
171159,"Zuppa, crema di gamberetti, in scatola, condensato"
171160,"Zuppa, pomodoro e manzo con pasta, in scatola, condensato"
171161,"Zuppa, verdure vegetariana, in scatola, condensato"
171162,"Zuppa, manzo a pezzi, in scatola, pronto da servire"
171163,"Zuppa, manzo e verdure, in scatola, condensato"
171164,"Zuppa, verdure con brodo di manzo, in scatola, condensato"
171165,"Zuppa, cipolla, secco, preparato"
171166,"Zuppa, crema di verdure, secco, in polvere"
171167,"Salsa, teriyaki, pronto da servire"
171168,"Sugo di carne, au jus, in scatola"
171169,"Sugo di carne, au jus, secco"
171170,"Sugo di carne, funghi, in scatola"
171171,"Sugo di carne, funghi, secco, in polvere"
171172,"Sugo di carne, cipolla, secco, preparato"
171173,"Sugo di carne, maiale, secco, in polvere"
171174,"Salsa, soffritto, fatto in casa"
171175,"Zuppa, manzo e funghi, in scatola, condensato"
171176,"Zuppa, pomodoro, in scatola, preparato con pari volume d'acqua, commerciale"
171177,"Zuppa, noodle ramen, qualsiasi gusto, secco"
171178,"Zuppa, broccoli e formaggio, in scatola, condensato, commerciale"
171179,"Zuppa, SWANSON, brodo di manzo, a ridotto contenuto di sodio"
171180,"Zuppa, SWANSON, brodo vegetale"
171181,"SMART SOUP, Indian Bean Masala"
171182,"SMART SOUP, Moroccan Chick Pea"
171183,"SMART SOUP, Thai Coconut Curry"
171184,"SMART SOUP, Vietnamese Carrot Lemongrass"
171185,"Salsa, pesto, MEZZETTA, NAPA VALLEY BISTRO, pesto al basilico, pronto da servire"
171186,"Salsa, peperoncino piccante, sriracha"
171187,"Salsa, peperoncino piccante, sriracha, CHA! BY TEXAS PETE"
171188,"Salsa, peperoncino piccante, sriracha, TUONG OT SRIRACHA"
171189,"Zuppa, manzo e verdure, per microonde, pronto da servire, marca singola"
171190,"Zuppa, manzo e verdure, in scatola, pronto da servire"
171191,"Salsa, formaggio, pronto da servire"
171192,"Salsa, pasta, spaghetti alla marinara, pronto da servire"
171193,"Manzo, reale, costine, disossato, solo magro, grasso rifilato a 0 mm, grado select, crudo"
171194,"Manzo, costine di reale stile country, disossato, solo magro, grasso rifilato a 0 mm, grado select, crudo"
171195,"Manzo, costine di reale stile country, disossato, solo magro, grasso rifilato a 0 mm, tutte le qualità, crudo"
171196,"Manzo, bistecca di reale, disossato, solo magro, grasso rifilato a 0 mm, grado choice, cotto, alla griglia"
171197,"Manzo, bistecca di reale, disossato, solo magro, grasso rifilato a 0 mm, grado select, cotto, alla griglia"
171198,"Manzo, arrosto di spalla, disossato, solo magro, grasso rifilato a 0 mm, grado choice, cotto, brasato"
171199,"Manzo, arrosto di spalla, disossato, solo magro, grasso rifilato a 0 mm, grado select, cotto, brasato"
171200,"Manzo, arrosto di spalla, disossato, solo magro, grasso rifilato a 0 mm, tutte le qualità, cotto, brasato"
171201,"Manzo, reale, falso filetto, disossato, solo magro, grasso rifilato a 0 mm, grado choice, cotto, brasato"
171202,"Manzo, reale, falso filetto, disossato, solo magro, grasso rifilato a 0 mm, tutte le qualità, crudo"
171203,"Manzo, reale per stufato, magro e grasso, tutte le qualità, cotto, brasato"
171204,"Manzo, reale per stufato, magro e grasso, grado select, cotto, brasato"
171205,"Manzo, reale per stufato, magro e grasso, grado choice, cotto, brasato"
171206,"Manzo, reale per stufato, magro e grasso, tutte le qualità, crudo"
171207,"Manzo, reale, bistecca sotto paletta, disossato, solo magro, grasso rifilato a 0 mm, tutte le qualità, cotto, brasato"
171208,"Manzo, reale, arrosto sotto paletta, disossato, magro e grasso, grasso rifilato a 0 mm, tutte le qualità, cotto, brasato"
171209,"Manzo, entrecôte, disossato, con copertina, solo magro, grasso rifilato a 3 mm, tutte le qualità, cotto, alla griglia"
171210,"Manzo, arrosto di entrecôte, con osso, con copertina, solo magro, grasso rifilato a 3 mm, grado choice, cotto, arrosto"
171211,"Manzo, reale, bistecca sotto paletta, disossato, taglio Denver, magro e grasso, grasso rifilato a 0 mm, grado choice, cotto, alla griglia"
171212,"Manzo, reale, bistecca sotto paletta, disossato, taglio Denver, magro e grasso, grasso rifilato a 0 mm, grado select, cotto, alla griglia"
171213,"Manzo, reale, bistecca sotto paletta, disossato, taglio Denver, magro e grasso, grasso rifilato a 0 mm, tutte le qualità, crudo"
171214,"Manzo, reale, bistecca sotto paletta, disossato, taglio Denver, magro e grasso, grasso rifilato a 0 mm, grado choice, crudo"
171215,"Manzo, arrosto di reale, disossato, America's Beef Roast, magro e grasso, grasso rifilato a 0 mm, grado choice, cotto, arrosto"
171216,"Manzo, arrosto di reale, disossato, America's Beef Roast, magro e grasso, grasso rifilato a 0 mm, grado select, cotto, arrosto"
171217,"Manzo, reale, bistecca sotto paletta, disossato, magro e grasso, grasso rifilato a 0 mm, tutte le qualità, cotto, brasato"
171218,"Manzo, reale, bistecca sotto paletta, disossato, magro e grasso, grasso rifilato a 0 mm, grado choice, cotto, brasato"
171219,"Manzo, reale, bistecca sotto paletta, disossato, magro e grasso, grasso rifilato a 0 mm, grado select, cotto, brasato"
171220,"Manzo, reale, falso filetto, disossato, magro e grasso, grasso rifilato a 0 mm, grado choice, crudo"
171221,"Manzo, reale, falso filetto, disossato, magro e grasso, grasso rifilato a 0 mm, grado select, crudo"
171222,"Manzo, reale, costine, disossato, magro e grasso, grasso rifilato a 0 mm, tutte le qualità, cotto, brasato"
171223,"Manzo, reale, costine, disossato, magro e grasso, grasso rifilato a 0 mm, grado choice, cotto, brasato"
171224,"Manzo, arrosto di spalla, disossato, magro e grasso, grasso rifilato a 0 mm, tutte le qualità, cotto, brasato"
171225,"Manzo, arrosto di spalla, disossato, magro e grasso, grasso rifilato a 0 mm, grado choice, cotto, brasato"
171226,"Manzo, arrosto di spalla, disossato, magro e grasso, grasso rifilato a 0 mm, grado select, cotto, brasato"
171227,"Manzo, costine di reale stile country, disossato, magro e grasso, grasso rifilato a 0 mm, tutte le qualità, cotto, brasato"
171228,"Manzo, bistecca di reale, disossato, magro e grasso, grasso rifilato a 0 mm, tutte le qualità, cotto, alla griglia"
171229,"Manzo, bistecca di reale, disossato, magro e grasso, grasso rifilato a 0 mm, grado choice, cotto, alla griglia"
171230,"Manzo, bistecca di reale, disossato, magro e grasso, grasso rifilato a 0 mm, grado select, cotto, alla griglia"
171231,"Manzo, bistecca di reale, disossato, magro e grasso, grasso rifilato a 0 mm, tutte le qualità, crudo"
171232,"Manzo, entrecôte, disossato, con copertina, solo magro, grasso rifilato a 3 mm, grado choice, cotto, alla griglia"
171233,"Manzo, entrecôte, disossato, con copertina, solo magro, grasso rifilato a 3 mm, grado select, cotto, alla griglia"
171234,"Manzo, entrecôte (bistecca o arrosto), con osso, con copertina, solo magro, grasso rifilato a 3 mm, tutte le qualità, crudo"
171235,"Manzo, entrecôte (bistecca o arrosto), con osso, con copertina, solo magro, grasso rifilato a 3 mm, grado choice, crudo"
171236,"Manzo, entrecôte, con osso, con copertina, solo magro, grasso rifilato a 3 mm, tutte le qualità, cotto, alla griglia"
171237,"Manzo, entrecôte, con osso, con copertina, solo magro, grasso rifilato a 3 mm, grado choice, cotto, alla griglia"
171238,"Manzo, entrecôte, con osso, con copertina, solo magro, grasso rifilato a 3 mm, grado select, cotto, alla griglia"
171239,"Manzo, arrosto di entrecôte, disossato, con copertina, solo magro, grasso rifilato a 3 mm, tutte le qualità, cotto, arrosto"
171240,"Formaggio, gjetost"
171241,"Formaggio, gouda"
171242,"Formaggio, gruviera"
171243,"Formaggio, limburger"
171244,"Formaggio, mozzarella, a bassa umidità, parzialmente scremato"
171245,"Formaggio, muenster"
171246,"Formaggio, neufchâtel"
171247,"Formaggio, parmigiano, grattugiato"
171248,"Formaggio, ricotta, latte parzialmente scremato"
171249,"Formaggio, pecorino romano"
171250,"Formaggio, roquefort"
171251,"Formaggio, svizzero"
171252,"Preparato a base di formaggio, fuso, americano, fortificato con vitamina D"
171253,"Preparato a base di formaggio, fuso, svizzero"
171254,"Formaggio spalmabile, fuso, americano"
171255,"Panna, liquido, panna leggera (half and half)"
171256,"Panna, aspro, a ridotto contenuto di grassi, fermentato"
171257,"Panna, aspro, fermentato"
171258,Zabaione al latte (eggnog)
171259,"Condimento acido, senza grasso di latte, fermentato, tipo panna con grassi vegetali"
171260,"Yogurt, greco, 2% di grassi, miscela di cocco, CHOBANI"
171261,"Sostituto della panna, liquido, con olio vegetale idrogenato e proteine di soia"
171262,"Sostituto della panna, liquido, con olio di acido laurico e caseinato di sodio"
171263,"Sostituto della panna, in polvere"
171264,"Sostituti del latte, liquido, con olio di acido laurico"
171265,"Latte, intero, 3,25% di grassi, con vitamina D aggiunta"
171266,"Latte, di produzione, liquido, 3,7% di grassi"
171267,"Latte, a ridotto contenuto di grassi, liquido, 2% di grassi, con vitamine A e D aggiunte"
171268,"Latte, a basso contenuto di grassi, liquido, 1% di grassi, fortificato con proteine, con vitamine A e D aggiunte"
171269,"Latte, senza grassi, liquido, con vitamine A e D aggiunte (scremato)"
171270,"Latte, senza grassi, liquido, con solidi di latte scremato aggiunti, vitamine A e D (scremato)"
171271,"Latte, senza grassi, liquido, fortificato con proteine, con vitamine A e D aggiunte (scremato)"
171272,"Latte, secco, senza grassi, istantaneo, con vitamine A e D aggiunte"
171273,"Latte, secco, senza grassi, a ridotto contenuto di calcio"
171274,"Latte, latticello, essiccato"
171275,"Latte, in scatola, condensato, zuccherato"
171276,"Latte, in scatola, evaporato, con vitamina D aggiunta e senza vitamina A aggiunta"
171277,"Latte, bevanda al cioccolato, cioccolata calda, fatto in casa"
171278,"Latte, capra, liquido, con vitamina D aggiunta"
171279,"Latte, umano, maturo, liquido"
171280,"Latte, bufala indiana, liquido"
171281,"Siero di latte, acido, essiccato"
171282,"Siero di latte, dolce, liquido"
171283,"Siero di latte, dolce, essiccato"
171284,"Yogurt, naturale, latte intero"
171285,"Yogurt, frutta, a basso contenuto di grassi, 10 g di proteine per 240 ml"
171286,"Yogurt, frutta, a basso contenuto di grassi, 11 g di proteine per 240 ml"
171287,"Uovo, intero, crudo, fresco"
171288,"Formaggio, mix messicano"
171289,"Prodotto a base di formaggio, fuso, americano, fortificato con vitamina D"
171290,"Formaggio, fuso, americano, senza vitamina D aggiunta"
171291,"Preparato a base di formaggio, fuso, americano, senza vitamina D aggiunta"
171292,"Formaggio, cheddar, a ridotto contenuto di grassi"
171293,"Gelato, leggero, soft, cioccolato"
171294,"Stecco gelato, bastoncino o nugget, con copertura croccante"
171295,"Formaggio, cheddar, scremato"
171296,"Yogurt, greco, senza grassi, vaniglia, CHOBANI"
171297,"Yogurt, greco, fragola, DANNON OIKOS"
171298,"Yogurt, greco, senza grassi, vaniglia, DANNON OIKOS"
171299,"Yogurt, greco, senza grassi, fragola, DANNON OIKOS"
171300,"Yogurt, greco, fragola, a basso contenuto di grassi"
171301,"Kefir, a basso contenuto di grassi, fragola, LIFEWAY"
171302,"Latte, evaporato, 2% di grassi, con vitamine A e D aggiunte"
171303,"Latte, cioccolato, senza grassi, con vitamine A e D aggiunte"
171304,"Yogurt, greco, naturale, latte intero"
171305,"Stecco gelato, ricoperto di cioccolato e frutta secca"
171306,Cono gelato sundae
171307,"Gelato light, Creamsicle"
171308,"Panna, panna leggera (half and half), a basso contenuto di grassi"
171309,"Yogurt, greco, intero, naturale, CHOBANI"
171310,"Yogurt, greco, senza grassi, mix al limone, CHOBANI"
171311,"Yogurt, greco, senza grassi, pesca, CHOBANI"
171312,"Yogurt, greco, senza grassi, naturale, CHOBANI"
171313,"Yogurt, greco, senza grassi, lampone, CHOBANI"
171314,"Burro, Burro chiarificato (ghee)"
171315,"Spezie, pimento, macinato"
171316,"Spezie, semi di anice"
171317,"Spezie, basilico, essiccato"
171318,"Spezie, cerfoglio, essiccato"
171319,"Spezie, peperoncino in polvere"
171320,"Spezie, cannella, macinato"
171321,"Spezie, chiodi di garofano, macinato"
171322,"Spezie, aneto, essiccato"
171323,"Spezie, semi di finocchio"
171324,"Spezie, semi di fieno greco"
171325,"Spezie, aglio in polvere"
171326,"Spezie, noce moscata, macinato"
171327,"Spezie, cipolla in polvere"
171328,"Spezie, origano, essiccato"
171329,"Spezie, paprika"
171330,"Spezie, semi di papavero"
171331,"Spezie, condimento per pollame"
171332,"Spezie, spezie per torta di zucca"
171333,"Spezie, rosmarino, essiccato"
171334,"Alimenti per l'infanzia, verdure, mais, in crema, junior"
171335,"Alimenti per l'infanzia, frutta, banane con tapioca, omogeneizzato"
171336,"Alimenti per l'infanzia, frutta, pesche, omogeneizzato"
171337,"Alimenti per l'infanzia, frutta, pesche, junior"
171338,"Alimenti per l'infanzia, frutta, pere, omogeneizzato"
171339,"Alimenti per l'infanzia, frutta, prugne secche con tapioca, senza acido ascorbico, junior"
171340,"Alimenti per l'infanzia, prugne secche, senza vitamina C, omogeneizzato"
171341,"Alimenti per l'infanzia, dessert alla frutta, mango con tapioca"
171342,"Alimenti per l'infanzia, pere, a cubetti, per bambini piccoli"
171343,"Alimenti per l'infanzia, frutta, purea di mele e ananas, omogeneizzato"
171344,"Alimenti per l'infanzia, frutta, purea di mele e ananas, junior"
171345,"Alimenti per l'infanzia, frutta, mela e lampone, omogeneizzato"
171346,"Alimenti per l'infanzia, frutta, mela e lampone, junior"
171347,"Alimenti per l'infanzia, frutta, pere e ananas, junior"
171348,"Alimenti per l'infanzia, frutta, guava e papaia con tapioca, omogeneizzato"
171349,"Alimenti per l'infanzia, pesche, a cubetti, per bambini piccoli"
171350,"Alimenti per l'infanzia, frutta, papaia e purea di mele con tapioca, omogeneizzato"
171351,"Alimenti per l'infanzia, succo di mela e banana"
171352,"Alimenti per l'infanzia, succo, mela e pesca"
171353,"Alimenti per l'infanzia, succo, mela e prugna"
171354,"Alimenti per l'infanzia, succo, arancia"
171355,"Alimenti per l'infanzia, succo, arancia e mela"
171356,"Alimenti per l'infanzia, succo, prugna e arancia"
171357,"Alimenti per l'infanzia, succo, frutta mista"
171358,"Alimenti per l'infanzia, cereali, orzo, in polvere fortificato"
171359,"Alimenti per l'infanzia, cereali, integrale, con mele, in polvere fortificato"
171360,"Alimenti per l'infanzia, cereali, fiocchi d'avena, in polvere fortificato"
171361,"Alimenti per l'infanzia, cereali, fiocchi d'avena, con banane, secco"
171362,"Alimenti per l'infanzia, cereali, fiocchi d'avena, con purea di mele e banane, omogeneizzato"
171363,"Alimenti per l'infanzia, cereali, fiocchi d'avena, con purea di mele e banane, junior, fortificato"
171364,"Alimenti per l'infanzia, cereali, con tuorli, junior"
171365,"Alimenti per l'infanzia, cereali, con uova, omogeneizzato"
171366,"Alimenti per l'infanzia, cereali, tuorli e bacon, junior"
171367,"Alimenti per l'infanzia, cereali d'avena con frutta, secco, istantaneo, fortificato per bambini piccoli"
171368,"Alimenti per l'infanzia, biscotto, baby, frutta"
171369,"Alimenti per l'infanzia, biscotti, arrowroot"
171370,"Alimenti per l'infanzia, pretzel"
171371,"Alimenti per l'infanzia, GERBER, GRADUATES Lil Biscuits Vanilla Wheat"
171372,Fette biscottate
171373,"Alimenti per l'infanzia, dessert, budino ciliegia e vaniglia, junior"
171374,"Alimenti per l'infanzia, dessert, budino alla frutta, arancia, omogeneizzato"
171375,"Alimenti per l'infanzia, dessert, cobbler di pesche, omogeneizzato"
171376,"Alimenti per l'infanzia, dessert, cobbler di pesche, junior"
171377,"Alimenti per l'infanzia, dessert, dessert alla frutta, senza acido ascorbico, junior"
171378,"Alimenti per l'infanzia, dessert, frutta tropicale, junior"
171379,"Alimenti per l'infanzia, dessert, budino alla crema, vaniglia, omogeneizzato"
171380,"Alimenti per l'infanzia, dessert, budino alla crema, vaniglia, junior"
171381,"Alimenti per l'infanzia, succo, mela e uva"
171382,"Latte formulato per lattanti, ABBOTT NUTRITION, SIMILAC, ISOMIL, ADVANCE con ferro, concentrato liquido"
171383,"Latte formulato per lattanti, ABBOTT NUTRITION, SIMILAC, ISOMIL, ADVANCE con ferro, pronto all'uso"
171384,"Latte formulato per lattanti, ABBOTT NUTRITION, SIMILAC, ISOMIL, ADVANCE con ferro, in polvere, non ricostituito"
171385,"Latte formulato per lattanti, NESTLE, GOOD START SUPREME, con ferro, DHA e ARA, pronto all'uso"
171386,"Latte formulato per lattanti, NESTLE, GOOD START SUPREME, con ferro, DHA e ARA, preparato da concentrato liquido"
171387,"Latte formulato per lattanti, MEAD JOHNSON, ENFAMIL GENTLEASE, con ferro, preparato da polvere"
171388,"Alimenti per l'infanzia, barretta di cereali fortificata, ripieno di frutta"
171389,"Latte formulato per lattanti, MEAD JOHNSON, ENFAMIL, GENTLEASE, con ARA e DHA, polvere non ricostituita"
171390,"Latte formulato per lattanti, MEAD JOHNSON, ENFAMIL, ENFAGROW, soia, per bambini piccoli pronto all'uso"
171391,"Latte formulato per lattanti, MEAD JOHNSON, ENFAMIL, NUTRAMIGEN AA, pronto all'uso"
171392,"Latte formulato per lattanti, MEAD JOHNSON, ENFAMIL, Prematuri, con ferro, 20 calorie, pronto all'uso"
171393,"Latte formulato per lattanti, MEAD JOHNSON, ENFAMIL, Prematuri, con ferro, 24 calorie, pronto all'uso"
171394,"Latte formulato per lattanti, GERBER, GOOD START 2, PROTECT PLUS, pronto all'uso"
171395,"Latte formulato per lattanti, ABBOTT NUTRITION, SIMILAC, GO AND GROW, pronto all'uso, con ARA e DHA"
171396,"Latte formulato per lattanti, ABBOTT NUTRITION, SIMILAC, Expert Care, Diarrhea, pronto all'uso con ARA e DHA"
171397,"Latte formulato per lattanti, ABBOTT NUTRITION, SIMILAC, For Spit Up, pronto all'uso, con ARA e DHA"
171398,"Alimenti per l'infanzia, Snack, GERBER, GRADUATES, LIL CRUNCHIES, snack di mais integrale al forno"
171399,"Latte formulato per lattanti, ABBOTT NUTRITION, SIMILAC, For Spit Up, in polvere, con ARA e DHA"
171400,"Grasso, sego di manzo"
171401,Strutto
171402,"Condimento per insalata, thousand island, commerciale, normale"
171403,"Condimento per insalata, tipo maionese, normale, con sale"
171404,"Condimento per insalata, condimento french, a ridotto contenuto di grassi"
171405,"Condimento per insalata, condimento all'italiana, commerciale, a ridotto contenuto di grassi"
171406,"Condimento per insalata, maionese, imitazione, di soia"
171407,"Condimento per insalata, maionese, imitazione, panna di latte"
171408,"Condimento per insalata, maionese, imitazione, di soia senza colesterolo"
171409,"Crema spalmabile per panini, con cetriolini tritati, normale, oli non specificati"
171410,"Olio, arachide, per insalata o cottura"
171411,"Olio, di soia, per insalata o cottura"
171412,"Olio, cocco"
171413,"Olio, di oliva, per insalata o cottura"
171414,"Condimento per insalata, condimento french, commerciale, normale"
171415,"Margarina, crema spalmabile, 35-39% di grassi, in vaschetta"
171416,"Condimento per insalata, francese, ricetta casalinga"
171417,"Condimento per insalata, ricetta casalinga, aceto e olio"
171418,"Condimento per insalata, maionese, olio di soia, senza sale"
171419,"Condimento per insalata, francese, di semi di cotone, olio, ricetta casalinga"
171420,"Condimento per insalata, condimento french, senza grassi"
171421,"Olio, burro di cacao"
171422,"Olio vegetale, di palmisto"
171423,"Olio, ai semi di papavero"
171424,"Olio, di semi di pomodoro"
171425,"Olio, di semi di tè"
171426,"Olio, lecitina di soia"
171427,"Olio, di nocciola"
171428,"Olio, di babassu"
171429,"Olio, di karité"
171430,"Olio, PAM cooking spray, originale"
171431,"Margarina, crema spalmabile di olio vegetale tipo margarina, 67-70% di grassi, in vaschetta"
171432,"Margarina, 80% di grassi, in vaschetta, CANOLA HARVEST Soft Spread (canola, palm and palm kernel oils)"
171433,"Olio, per cottura e insalata, ENOVA, 80% digliceridi"
171434,"Tipo margarina, crema spalmabile di olio vegetale, circa 37% di grassi, oli non specificati, con sale, con vitamina D aggiunta"
171435,"Margarina, normale, 80% di grassi, insieme, in panetto, con sale, con vitamina D aggiunta"
171436,"Margarina, normale, 80% di grassi, insieme, in vaschetta, con sale, con vitamina D aggiunta"
171437,"Tipo margarina, crema spalmabile di olio vegetale, 60% di grassi, in panetto, con sale, con vitamina D aggiunta"
171438,"Olio, industriale, soia, a basso contenuto di acido linolenico"
171439,"Olio, industriale, soia, a bassissimo contenuto di acido linolenico"
171440,"Olio, industriale, soia, completamente idrogenato"
171441,"Olio, industriale, di semi di cotone, completamente idrogenato"
171442,"Olio, semi di lino, contiene semi di lino aggiunti"
171443,"Maionese, a ridotto contenuto di grassi, con olio d'oliva"
171444,"Condimento per insalata, tipo maionese, leggero"
171445,"Pollo, pollo da carne, allo spiedo, barbecue, petto, solo carne"
171446,"Pollo, polli da carne, carne e pelle con rigaglie e collo, in umido"
171447,"Pollo, polli da carne, carne e pelle, crudo"
171448,"Pollo, polli da carne, carne e pelle, cotto, fritto, in pastella"
171449,"Pollo, polli da carne, carne e pelle, cotto, fritto, farina"
171450,"Pollo, polli da carne, carne e pelle, cotto, arrosto"
171451,"Pollo, polli da carne, solo carne, cotto, in umido"
171452,"Pollo, polli da carne, solo pelle, crudo"
171453,"Pollo, polli da carne, solo pelle, cotto, fritto, in pastella"
171454,"Pollo, polli da carne, solo pelle, cotto, fritto, farina"
171455,"Pollo, polli da carne, rigaglie, cotto, sobbollito"
171456,"Pollo, ventriglio, tutte le classi, crudo"
171457,"Pollo, ventriglio, tutte le classi, cotto, sobbollito"
171458,"Pollo, cuore, tutte le classi, crudo"
171459,"Pollo, polli da carne, carne bianca, carne e pelle, cotto, fritto, in pastella"
171460,"Pollo, polli da carne, carne bianca, carne e pelle, cotto, fritto, farina"
171461,"Pollo, polli da carne, carne bianca, carne e pelle, cotto, arrosto"
171462,"Pollo, polli da carne, carne bianca, carne e pelle, cotto, in umido"
171463,"Pollo, polli da carne, carne scura, carne e pelle, crudo"
171464,"Pollo, polli da carne, carne bianca, solo carne, crudo"
171465,"Pollo, polli da carne, carne bianca, solo carne, cotto, fritto"
171466,"Pollo, polli da carne, carne bianca, solo carne, cotto, arrosto"
171467,"Pollo, polli da carne, carne bianca, solo carne, cotto, in umido"
171468,"Pollo, polli da carne, grasso separabile, crudo"
171469,"Pollo, polli da carne, dorso, carne e pelle, crudo"
171470,"Pollo, polli da carne, dorso, carne e pelle, cotto, fritto, in pastella"
171471,"Pollo, polli da carne, dorso, carne e pelle, cotto, fritto, farina"
171472,"Pollo, polli da carne, dorso, solo carne, cotto, arrosto"
171473,"Pollo, polli da carne, dorso, solo carne, cotto, in umido"
171474,"Pollo, polli da carne, petto, carne e pelle, crudo"
171475,"Pollo, polli da carne, petto, carne e pelle, cotto, fritto, in pastella"
171476,"Pollo, polli da carne, petto, carne e pelle, cotto, fritto, farina"
171477,"Pollo, polli da carne, petto, solo carne, cotto, arrosto"
171478,"Pollo, polli da carne, petto, solo carne, cotto, in umido"
171479,"Tacchino, intero, carne e pelle, cotto, arrosto"
171480,"Tacchino, intero, solo carne, crudo"
171481,"Tacchino, intero, solo carne, cotto, arrosto"
171482,"Tacchino, intero, pelle (carne bianca e scura), crudo"
171483,"Tacchino, tutte le classi, ventriglio, cotto, sobbollito"
171484,"Tacchino, tutte le classi, cuore, crudo"
171485,"Tacchino, tutte le classi, cuore, cotto, sobbollito"
171486,"Tacchino, tutte le classi, fegato, crudo"
171487,"Tacchino, tutte le classi, fegato, cotto, sobbollito"
171488,"Tacchino, carne scura, carne e pelle, crudo"
171489,"Tacchino, intero, carne scura, carne e pelle, cotto, arrosto"
171490,"Tacchino, intero, carne bianca, crudo"
171491,"Tacchino, tutte le classi, carne bianca, cotto, arrosto"
171492,"Tacchino, tutte le classi, petto, carne e pelle, cotto, arrosto"
171493,"Tacchino, tutte le classi, coscia, carne e pelle, crudo"
171494,"Tacchino, tutte le classi, coscia, carne e pelle, cotto, arrosto"
171495,"Tacchino, tutte le classi, ala, carne e pelle, crudo"
171496,"Tacchino, intero, petto, solo carne, cotto, arrosto"
171497,"Tacchino, intero, ala, solo carne, crudo"
171498,"Tacchino, intero, ala, solo carne, cotto, arrosto"
171499,"Tacchino, gallina giovane, solo pelle, cotto, arrosto"
171500,"Tacchino con sugo, surgelato"
171501,"Petto di tacchino, preinsaporito, carne e pelle, cotto, arrosto"
171502,"Sovracoscia di tacchino, preinsaporito, carne e pelle, cotto, arrosto"
171503,"Arrosto di tacchino, disossato, surgelato, condito, carne bianca e scura, crudo"
171504,"Tacchino, disossato meccanicamente, da carcasse di tacchino, crudo"
171505,"Tacchino, macinato, crudo"
171506,"Tacchino, macinato, cotto"
171507,"Pollo, galletti Cornish, carne e pelle, crudo"
171508,"Pollo, ala, surgelato, glassato, gusto barbecue, riscaldato (microonde)"
171509,"Pollo, polli da carne, petto, senza pelle, disossato, solo carne, con soluzione aggiunta, crudo"
171510,"Anatra, anatroccolo, d'allevamento, Pechino bianca, petto, carne e pelle, disossato, cotto, arrosto"
171511,"Anatra, anatroccolo, d'allevamento, Pechino bianca, petto, solo carne, disossato, cotto senza pelle, grigliato"
171512,"Hamburger di pollo, surgelato, non cotto"
171513,"Hamburger di pollo, surgelato, cotto"
171514,"Filetti di petto di pollo, impanato, cotto, al microonde"
171515,"Filetti di petto di pollo, impanato, non cotto"
171516,"Pollo, pollo da carne, allo spiedo, barbecue, ala, solo carne"
171517,"Pollo, polli da carne, allo spiedo, condimento originale, dorso, solo carne, cotto"
171518,"Pollo, polli da carne, allo spiedo, condimento originale, petto, solo carne, cotto"
171519,"Pollo, polli da carne, fuso, allo spiedo, condimento originale, solo carne, cotto"
171520,"Pollo, polli da carne, allo spiedo, condimento originale, solo pelle, cotto"
171521,"Pollo, polli da carne, allo spiedo, condimento originale, fuso, carne e pelle, cotto"
171522,"Pollo, polli da carne, allo spiedo, condimento originale, sovracoscia, carne e pelle, cotto"
171523,"Pollo, polli da carne, allo spiedo, condimento originale, ala, carne e pelle, cotto"
171524,"Pollo, pollo da carne, allo spiedo, barbecue, pelle"
171525,"Tacchino, fuso, dall'intero animale, solo carne, con soluzione aggiunta, crudo"
171526,"Tacchino, ala, dall'intero animale, solo carne, con soluzione aggiunta, crudo"
171527,"Tacchino, ala, dall'intero animale, solo carne, con soluzione aggiunta, arrosto"
171528,"Tacchino, parti al dettaglio, petto, carne e pelle, crudo"
171529,"Tacchino, parti al dettaglio, petto, carne e pelle, cotto, arrosto"
171530,"Tacchino, fuso, dall'intero animale, solo carne, arrosto"
171531,"Tacchino, sovracoscia, dall'intero animale, solo carne, crudo"
171532,"Tacchino, sovracoscia, dall'intero animale, solo carne, arrosto"
171533,"Tacchino, parti al dettaglio, sovracoscia, carne e pelle, crudo"
171534,"Pollo, polli da carne, petto, senza pelle, disossato, solo carne, cotto, alla griglia"
171535,"Pollo, polli da carne, petto, senza pelle, disossato, solo carne, con soluzione aggiunta, cotto, brasato"
171536,"Pollo, polli da carne, petto, senza pelle, disossato, solo carne, con soluzione aggiunta, cotto, alla griglia"
171537,"Zuppa, crema di asparagi, in scatola, condensato"
171538,"Zuppa, brodo di manzo o dado in scatola, pronto da servire"
171539,"Zuppa, manzo e pasta, in scatola, condensato"
171540,"Zuppa, crema di sedano, in scatola, condensato"
171541,"Zuppa, formaggio, in scatola, condensato"
171542,"Zuppa, brodo di pollo, in scatola, condensato"
171543,"Zuppa, pollo e pasta, in scatola, condensato"
171544,"Zuppa, pollo e riso, in scatola, a pezzi, pronto da servire"
171545,"Zuppa, pollo con riso, in scatola, condensato"
171546,"Zuppa, pollo e verdure, in scatola, pronto da servire"
171547,"Zuppa, zuppa di vongole, new England, in scatola, condensato"
171548,"Zuppa, brodo di manzo, dado e consommé, in scatola, condensato"
171549,"Zuppa, lenticchie con prosciutto, in scatola, pronto da servire"
171550,"Zuppa, minestrone, in scatola, a pezzi, pronto da servire"
171551,"Zuppa, cipolla, in scatola, condensato"
171552,"Zuppa, crema di cipolla, in scatola, condensato"
171553,"Zuppa, zuppa di ostriche, in scatola, condensato"
171554,"Zuppa, pisello, verde, in scatola, condensato"
171555,"Zuppa, pisello, spezzati con prosciutto, in scatola, a pezzi, pronto da servire"
171556,"CAMPBELL'S, Zuppa di pollo e pasta, condensato"
171557,"Zuppa, pomodoro e riso, in scatola, condensato"
171558,"Zuppa, tacchino, a pezzi, in scatola, pronto da servire"
171559,"Zuppa, verdure a pezzi, in scatola, pronto da servire"
171560,"Zuppa, brodo di manzo o dado, in polvere, secco"
171561,"Zuppa, brodo di manzo, a cubetti, secco"
171562,"Zuppa, brodo di pollo o dado, secco"
171563,"Zuppa, dadi di brodo di pollo, secco"
171564,"Sugo di carne, manzo, in scatola, pronto da servire"
171565,"Sugo di carne, scuro, secco"
171566,"Sugo di carne, pollo, in scatola o in bottiglia, pronto da servire"
171567,"Sugo di carne, pollo, secco"
171568,"Sugo di carne, tacchino, in scatola, pronto da servire"
171569,"Sugo di carne, tacchino, secco"
171570,"Sugo di carne, tipo non specificato, secco"
171571,"Zuppa, pollo e pasta, secco, preparato"
171572,"Zuppa, manzo e funghi, in scatola, preparato con pari volume d'acqua"
171573,"Zuppa, pollo e funghi, in scatola, preparato con pari volume d'acqua"
171574,"Zuppa, vellutata di pomodoro, in scatola, preparato con pari volume d'acqua"
171575,"Salsa, arachide, a base di cocco, acqua, zucchero, arachidi"
171576,"SMART SOUP, Santa Fe Corn Chowder"
171577,"SMART SOUP, French Lentil"
171578,"SMART SOUP, Greek Minestrone"
171579,"Salsa, pesto, pronto da servire, refrigerato"
171580,"Salsa, pesto, pronto da servire, a lunga conservazione"
171581,"Salsa, pesto, BUITONI, pesto al basilico, pronto da servire, refrigerato"
171582,"Salsa, pesto, CLASSICO, pesto al basilico, pronto da servire"
171583,"Zuppa, brodo vegetale, pronto da servire"
171584,"Salsa, preparato per salsa al formaggio, secco"
171585,"Zuppa, zuppa di pollo e mais, a pezzi, pronto da servire, marca singola"
171586,"Zuppa, fagioli con bacon, condensato, marca singola"
171587,"Zuppa, pomodoro, in scatola, condensato, a ridotto contenuto di sodio"
171588,"Sugo di carne, scuro istantaneo, secco"
171589,"Sugo di carne, istantaneo al manzo, secco"
171590,"Sugo di carne, istantaneo al tacchino, secco"
171591,"Zuppa, pomodoro, a basso contenuto di sodio, con acqua"
171592,"Zuppa, pisello, a basso contenuto di sodio, preparato con pari volume d'acqua"
171593,"Zuppa, pollo e pasta, a basso contenuto di sodio, in scatola, preparato con pari volume d'acqua"
171594,"Zuppa, zuppa di verdure, condensato, a basso contenuto di sodio, preparato con pari volume d'acqua"
171595,"Salsa, salsa chili al pomodoro, in bottiglia, con sale"
171596,"Zuppa, verdure e pollo, in scatola, preparato con acqua, a basso contenuto di sodio"
171597,"Salsa, pasta, spaghetti alla marinara, pronto da servire, a basso contenuto di sodio"
171598,"Sugo di carne, carne o pollame, a basso contenuto di sodio, preparato"
171599,"Sugo di carne, HEINZ Home Style, manzo saporito"
171600,"Sugo di carne, CAMPBELL'S, pollo"
171601,"Polpettone barbecue, maiale, manzo"
171602,"Zuppa, crema di pollo, in scatola, condensato, a ridotto contenuto di sodio"
171603,"Salsa, preparato per salsa alfredo, secco"
171604,"Salsa, peperoni, piccante, chili, rosso maturo, in scatola"
171605,"Salsa, chili, peperoni, piccante, verde immaturo, in scatola"
171606,Brodo di pesce
171607,"Zuppa, crema di funghi, a basso contenuto di sodio, pronto da servire, in scatola"
171608,"Zuppa di patate, istantaneo, preparato in polvere"
171609,"Zuppa, brodo di pollo, a basso contenuto di sodio, in scatola"
171610,"Salsa, worcestershire"
171611,"Zuppa, manzo e funghi, a basso contenuto di sodio, a pezzi"
171612,"Zuppa, manzo alla stroganoff, in scatola, a pezzi, pronto da servire"
171613,"Zuppa, dadi e granulare, a basso contenuto di sodio, secco"
171614,"Zuppa, noodle ramen, gusto manzo, secco"
171615,"Zuppa, noodle ramen, gusto pollo, secco"
171616,"Beerwurst, salame alla birra, maiale"
171617,"Salsiccia, Berliner, maiale, manzo"
171618,Sanguinaccio
171619,"Bockwurst, maiale, vitello, crudo"
171620,"Bratwurst, maiale, cotto"
171621,"Braunschweiger (salsiccia di fegato), maiale"
171622,"Bratwurst, maiale, manzo, salsiccia"
171623,"Würstel al formaggio, affumicato al formaggio, maiale, manzo"
171624,"Würstel, pollo"
171625,"Würstel, tacchino"
171626,"Prosciutto, tritato, in scatola"
171627,"Prosciutto, tritato, non in scatola"
171628,Polpettone o rotolo di prosciutto e formaggio
171629,Crema spalmabile di prosciutto e formaggio
171630,"Soppressata di testa, maiale"
171631,"Salsiccia, italiano, maiale, delicato, crudo"
171632,"Salsiccia, maiale e tacchino, precotto"
171633,"Würstel, carne e pollame, cotto, lessato"
171634,"Würstel, carne e pollame, cotto, alla griglia"
171635,"Salsiccia di maiale, salsiccia o hamburger, a ridotto contenuto di grassi, non preparato"
171636,"Salsiccia di maiale, salsiccia o hamburger, a ridotto contenuto di grassi, cotto, in padella"
171637,"Mortadella, carne e pollame"
171638,"Polpette, surgelato, all'italiana"
171639,"Bacon, tacchino, al microonde"
171640,"Bacon, tacchino, a basso contenuto di sodio"
171641,"Cereali da colazione, POST, ALPHA-BITS"
171642,"Cereali da colazione, QUAKER, CAP'N CRUNCH"
171643,"Cereali da colazione, QUAKER, CAP'N CRUNCH with CRUNCHBERRIES"
171644,"Cereali da colazione, QUAKER, CAP'N CRUNCH'S PEANUT BUTTER CRUNCH"
171645,"Cereali da colazione, POST, FRUITY PEBBLES"
171646,"Cereali da colazione, granola, fatto in casa"
171647,"Cereali da colazione, POST, GRAPE-NUTS Cereal"
171648,"Cereali da colazione, POST, GRAPE-NUTS Flakes"
171649,"Cereali da colazione, QUAKER, SWEET CRUNCH/QUISP"
171650,"Cereali da colazione, POST Raisin Bran Cereal"
171651,"Cereali da colazione, QUAKER, QUAKER Puffed Rice"
171652,"Cereali da colazione, POST, GOLDEN CRISP"
171653,"Cereali da colazione, SUN COUNTRY, KRETSCHMER Honey Crunch Wheat Germ"
171654,"Cereali, semola di mais, bianco, normali e a cottura rapida, arricchito, secco"
171655,"Cereali, semola di mais, bianco, normali e a cottura rapida, arricchito, cotto con acqua, senza sale"
171656,"Cereali, QUAKER, semola di mais, istantaneo, naturale, secco"
171657,"Cereali, CREAM OF WHEAT, normale (10 minuti), cotto con acqua, senza sale"
171658,"Cereali, semolino di grano, arricchito, marche assortite incluso CREAM OF WHEAT, rapido (1-3 minuti), secco"
171659,"Cereali, semolino di grano, arricchito, marche assortite incluso CREAM OF WHEAT, rapido (1-3 minuti), cotto con acqua, senza sale"
171660,"Cereali, CREAM OF WHEAT, istantaneo, secco"
171661,"Cereali, avena, istantaneo, fortificato, naturale, secco"
171662,"Cereali, avena, istantaneo, fortificato, naturale, preparato con acqua (acqua bollente o microonde)"
171663,"Cereali, QUAKER, Fiocchi d'avena istantanei, mele e cannella, secco"
171664,"Cereali, avena, istantaneo, fortificato, con cannella e spezie, secco"
171665,"Cereali, WHEATENA, secco"
171666,"Cereali, WHEATENA, cotto con acqua"
171667,"Cereali, cereale caldo di grano integrale, secco"
171668,"Cereali, cereale caldo di grano integrale, cotto con acqua, senza sale"
171669,"Cereali da colazione, QUAKER, QUAKER Puffed Wheat"
171670,"Cereali, semola di mais, giallo, normali e a cottura rapida, non arricchito, secco"
171671,"Cereali, semola di mais, bianco, normali e a cottura rapida, arricchito, cotto con acqua, con sale"
171672,"Cereali, semola di mais, giallo, normali e a cottura rapida, arricchito, cotto con acqua, senza sale"
171673,"Cereali, semola di mais, giallo, normale, rapido, arricchito, cotto con acqua, con sale"
171674,"Cereali, MALT-O-MEAL, cioccolato, secco"
171675,"Cereali, avena, normale, rapido e istantaneo, non arricchito, cotto con acqua (bollitura o microonde), con sale"
171676,"Cereali, WHEATENA, cotto con acqua, con sale"
171677,"Cereali, cereale caldo di grano integrale, cotto con acqua, con sale"
171678,"Cereali, pronto da mangiare, MALT-O-MEAL, Blueberry Mini SPOONERS"
171679,"Cereali da colazione, MALT-O-MEAL, OAT BLENDERS with honey"
171680,"Cereali da colazione, MALT-O-MEAL, OAT BLENDERS with honey & almonds"
171681,"Cereali da colazione, MALT-O-MEAL, Honey Nut SCOOTERS"
171682,"Cereali, QUAKER, Fiocchi d'avena istantanei, Cinnamon Swirl, ad alto contenuto di fibre"
171683,"Cereali, QUAKER, fiocchi d'avena, REAL MEDLEYS, mirtillo e nocciola, secco"
171684,"Cereali, QUAKER, fiocchi d'avena, REAL MEDLEYS, mela e noce, secco"
171685,"Cereali, QUAKER, fiocchi d'avena, REAL MEDLEYS, frutti di bosco estivi, secco"
171686,"Acerola, (ciliegia delle Indie occidentali), crudo"
171687,"Succo di acerola, crudo"
171688,"Mele, crudo, con buccia"
171689,"Mele, crudo, senza pelle"
171690,"Mele, disidratato (a bassa umidità), solforato, in umido"
171691,"Mele, essiccato, solforato, non cotto"
171692,"Mele, essiccato, solforato, in umido, senza zuccheri aggiunti"
171693,"Mele, essiccato, solforato, in umido, con zuccheri aggiunti"
171694,"Mele, surgelato, non zuccherato, non riscaldato"
171695,"Purea di mele, in scatola, non zuccherato, senza acido ascorbico aggiunto"
171696,"Purea di mele, in scatola, zuccherato, senza sale"
171697,"Albicocche, crudo"
171698,"Albicocche, in scatola, al naturale, con pelle, solidi e liquidi"
171699,"Albicocche, in scatola, in sciroppo denso, con pelle, solidi e liquidi"
171700,"Albicocche, in scatola, in sciroppo denso, senza pelle, solidi e liquidi"
171701,"Albicocche, in scatola, in sciroppo molto denso, senza pelle, solidi e liquidi"
171702,"Albicocche, disidratato (a bassa umidità), solforato, non cotto"
171703,"Albicocche, surgelato, zuccherato"
171704,"Nettare di albicocca, in scatola, con acido ascorbico aggiunto"
171705,"Avocado, crudo, tutte le varietà commerciali"
171706,"Avocado, crudo, California"
171707,"Avocado, crudo, Florida"
171708,"Ciliegie, aspro, essiccato, zuccherato"
171709,"More, in scatola, sciroppo denso, solidi e liquidi"
171710,"More, surgelato, non zuccherato"
171711,"Mirtilli, crudo"
171712,"Boysenberry, in scatola, sciroppo denso"
171713,"Boysenberry, surgelato, non zuccherato"
171714,"Frutto dell'albero del pane, crudo"
171715,"Carambola, (frutto stella), crudo"
171716,"Ciliegie, aspro, rosso, in scatola, in sciroppo denso, solidi e liquidi"
171717,"Ciliegie, aspro, rosso, in scatola, in sciroppo molto denso, solidi e liquidi"
171718,"Ciliegie, aspro, rosso, surgelato, non zuccherato"
171719,"Ciliegie, dolce, crudo"
171720,"Ciliegie, dolce, in scatola, in sciroppo molto denso, solidi e liquidi"
171721,"Mele selvatiche, crudo"
171722,"Mirtilli rossi, crudo"
171723,"Mirtilli rossi, essiccato, zuccherato"
171724,"Ribes, di Corinto, essiccato"
171725,"Annona reticolata, (cuore di bue), crudo"
171726,"Datteri, deglet noor"
171727,"Bacche di sambuco, crudo"
171728,"Manzo, australiano, importato, allevato a erba, grasso esterno, crudo"
171729,"Manzo, australiano, importato, allevato a erba, grasso intermuscolare, crudo"
171730,"Manzo, australiano, importato, Wagyu, grasso esterno, marezzatura australiana 4/5, crudo"
171731,"Manzo, australiano, importato, Wagyu, grasso intermuscolare, marezzatura australiana 4/5, crudo"
171732,"Manzo, australiano, importato, Wagyu, lombata, filetto (bistecca o arrosto), disossato, magro e grasso, marezzatura australiana 4/5, crudo"
171733,"Manzo, australiano, importato, allevato a erba, lombata, controfiletto (bistecca o arrosto), disossato, magro e grasso, crudo"
171734,"Manzo, australiano, importato, allevato a erba, lombata, scamone senza copertina (bistecca o arrosto), disossato, solo magro, crudo"
171735,"Manzo, australiano, importato, allevato a erba, costata, entrecôte con copertina (bistecca o arrosto), disossato, solo magro, crudo"
171736,"Manzo, australiano, importato, Wagyu, lombata, controfiletto (bistecca o arrosto), disossato, solo magro, marezzatura australiana 9, crudo"
171737,"Manzo, australiano, importato, Wagyu, costata, costata posteriore (bistecca o arrosto), disossato, solo magro, marezzatura australiana 4/5, crudo"
171738,"Manzo, australiano, importato, Wagyu, costata, costata posteriore (bistecca o arrosto), disossato, solo magro, marezzatura australiana 9, crudo"
171739,"Manzo, australiano, importato, allevato a erba, lombata, scamone senza copertina (bistecca o arrosto), disossato, magro e grasso, crudo"
171740,"Manzo, australiano, importato, Wagyu, costata, costata posteriore (bistecca o arrosto), disossato, magro e grasso, marezzatura australiana 4/5, crudo"
171741,"Manzo, australiano, importato, Wagyu, costata, costata posteriore (bistecca o arrosto), disossato, magro e grasso, marezzatura australiana 9, crudo"
171742,"Manzo, australiano, importato, Wagyu, lombata, filetto (bistecca o arrosto), disossato, magro e grasso, marezzatura australiana 9, crudo"
171743,"Manzo, coscia, bistecca di fesa, disossato, magro e grasso, grasso rifilato a 0 mm, tutte le qualità, crudo"
171744,"Manzo, coscia, arrosto di fesa, disossato, magro e grasso, grasso rifilato a 0 mm, grado select, crudo"
171745,"Manzo, coscia, arrosto di girello, disossato, magro e grasso, grasso rifilato a 0 mm, tutte le qualità, crudo"
171746,"Manzo, coscia, arrosto di girello, disossato, magro e grasso, grasso rifilato a 0 mm, grado choice, crudo"
171747,"Manzo, coscia, arrosto di girello, disossato, magro e grasso, grasso rifilato a 0 mm, grado select, crudo"
171748,"Manzo, lombata, arrosto di filetto, disossato, magro e grasso, grasso rifilato a 0 mm, grado choice, crudo"
171749,"Manzo, lombata, arrosto di filetto, disossato, magro e grasso, grasso rifilato a 0 mm, grado select, crudo"
171750,"Manzo, lombata, bistecca di controfiletto, disossato, senza copertina, magro e grasso, grasso rifilato a 0 mm, tutte le qualità, crudo"
171751,"Manzo, lombata, bistecca di controfiletto, disossato, senza copertina, magro e grasso, grasso rifilato a 0 mm, grado choice, crudo"
171752,"Manzo, lombata, bistecca di controfiletto, disossato, senza copertina, magro e grasso, grasso rifilato a 0 mm, grado select, crudo"
171753,"Manzo, lombata, arrosto di filetto, disossato, magro e grasso, grasso rifilato a 0 mm, grado choice, cotto, arrosto"
171754,"Manzo, lombata, arrosto di filetto, disossato, magro e grasso, grasso rifilato a 0 mm, grado select, cotto, arrosto"
171755,"Manzo, coscia, arrosto di fesa, disossato, magro e grasso, grasso rifilato a 0 mm, tutte le qualità, cotto, arrosto"
171756,"Manzo, coscia, arrosto di fesa, disossato, magro e grasso, grasso rifilato a 0 mm, grado choice, cotto, arrosto"
171757,"Manzo, coscia, bistecca di fesa, disossato, solo magro, grasso rifilato a 0 mm, tutte le qualità, crudo"
171758,"Manzo, coscia, bistecca di fesa, disossato, solo magro, grasso rifilato a 0 mm, grado choice, crudo"
171759,"Manzo, coscia, bistecca di fesa, disossato, solo magro, grasso rifilato a 0 mm, grado select, crudo"
171760,"Manzo, coscia, arrosto di fesa, disossato, solo magro, grasso rifilato a 0 mm, tutte le qualità, crudo"
171761,"Manzo, coscia, arrosto di girello, disossato, solo magro, grasso rifilato a 0 mm, grado select, crudo"
171762,"Manzo, coscia, bistecca di girello, disossato, solo magro, grasso rifilato a 0 mm, tutte le qualità, crudo"
171763,"Manzo, coscia, bistecca di girello, disossato, solo magro, grasso rifilato a 0 mm, grado choice, crudo"
171764,"Manzo, coscia, bistecca di girello, disossato, solo magro, grasso rifilato a 0 mm, grado select, crudo"
171765,"Manzo, lombata, arrosto di filetto, disossato, solo magro, grasso rifilato a 0 mm, tutte le qualità, crudo"
171766,"Manzo, lombata, bistecca di controfiletto, disossato, senza copertina, solo magro, grasso rifilato a 0 mm, grado select, crudo"
171767,"Manzo, lombata, bistecca di filetto, disossato, solo magro, grasso rifilato a 0 mm, tutte le qualità, crudo"
171768,"Manzo, lombata, bistecca di filetto, disossato, solo magro, grasso rifilato a 0 mm, grado choice, crudo"
171769,"Manzo, lombata, bistecca di filetto, disossato, solo magro, grasso rifilato a 0 mm, grado select, crudo"
171770,"Manzo, coscia, arrosto di fesa, disossato, solo magro, grasso rifilato a 0 mm, grado choice, cotto, arrosto"
171771,"Manzo, coscia, arrosto di fesa, disossato, solo magro, grasso rifilato a 0 mm, grado select, cotto, arrosto"
171772,"Manzo, coscia, bistecca di girello, disossato, solo magro, grasso rifilato a 0 mm, tutte le qualità, cotto, alla griglia"
171773,"Manzo, coscia, bistecca di girello, disossato, solo magro, grasso rifilato a 0 mm, grado choice, cotto, alla griglia"
171774,"Manzo, lombata, bistecca di controfiletto, disossato, con copertina, magro e grasso, grasso rifilato a 3 mm, grado select, crudo"
171775,"Manzo, lombata, bistecca di controfiletto, disossato, con copertina, magro e grasso, grasso rifilato a 3 mm, tutte le qualità, crudo"
171776,"Manzo, insieme di tagli rifilati, solo magro, grasso rifilato a 0 mm, grado select, crudo"
171777,"Manzo, insieme di tagli rifilati, magro e grasso, grasso rifilato a 0 mm, grado select, crudo"
171778,"Manzo, insieme di tagli rifilati, solo magro, grasso rifilato a 3 mm, grado select, cotto"
171779,"Manzo, insieme di tagli rifilati, solo magro, grasso rifilato a 3 mm, grado select, crudo"
171780,"Manzo, reale, arrosto di polpa di spalla, solo magro, grasso rifilato a 6 mm, tutte le qualità, cotto, arrosto"
171781,"Manzo, bistecca di spalla, disossato, solo magro, grasso rifilato a 0 mm, tutte le qualità, cotto, alla griglia"
171782,"Manzo, reale, bistecca di polpa di spalla, solo magro, grasso rifilato a 6 mm, tutte le qualità, cotto, brasato"
171783,"Manzo, reale, falso filetto, magro e grasso, grasso rifilato a 0 mm, grado USDA choice, cotto, grigliato"
171784,"Manzo, reale, arrosto di polpa di spalla, magro e grasso, grasso rifilato a 0 mm, grado select, cotto, arrosto"
171785,"Manzo, bistecca di spalla, disossato, magro e grasso, grasso rifilato a 0 mm, grado choice, cotto, alla griglia"
171786,"Manzo, bistecca di spalla, disossato, magro e grasso, grasso rifilato a 0 mm, grado select, cotto, alla griglia"
171787,"Manzo, pancia, bistecca di diaframma interno, magro e grasso, grasso rifilato a 0 mm, tutte le qualità, cotto, grigliato"
171788,"Manzo, pancia, bistecca di diaframma esterno, magro e grasso, grasso rifilato a 0 mm, tutte le qualità, cotto, grigliato"
171789,"Manzo, bistecca di spalla, disossato, magro e grasso, grasso rifilato a 0 mm, tutte le qualità, cotto, alla griglia"
171790,"Manzo, macinato, 95% magro / 5% grasso, crudo"
171791,"Manzo, macinato, 95% magro / 5% grasso, hamburger, cotto, grigliato"
171792,"Manzo, macinato, 95% magro / 5% grasso, hamburger, cotto, in padella senza grassi"
171793,"Manzo, macinato, 90% magro / 10% grasso, hamburger, cotto, in padella senza grassi"
171794,"Manzo, macinato, 90% magro / 10% grasso, sbriciolato, cotto, rosolato in padella"
171795,"Manzo, macinato, 90% magro / 10% grasso, in forma, cotto, al forno"
171796,"Manzo, macinato, 85% magro / 15% grasso, crudo"
171797,"Manzo, macinato, 80% magro / 20% grasso, hamburger, cotto, grigliato"
171798,"Manzo, macinato, 80% magro / 20% grasso, hamburger, cotto, in padella senza grassi"
171799,"Manzo, macinato, 80% magro / 20% grasso, sbriciolato, cotto, rosolato in padella"
171800,"Manzo, macinato, 80% magro / 20% grasso, in forma, cotto, al forno"
171801,"Manzo, macinato, 75% magro / 25% grasso, in forma, cotto, al forno"
171802,"Manzo, costata, parte posteriore (coste 10-12), solo magro, grasso rifilato a 3 mm, grado select, crudo"
171803,"Manzo, filetto, bistecca, solo magro, grasso rifilato a 3 mm, grado select, crudo"
171804,"Manzo, scamone, bistecca, solo magro, grasso rifilato a 3 mm, grado select, crudo"
171805,"Manzo, lombata corta, controfiletto, bistecca, solo magro, grasso rifilato a 3 mm, grado select, cotto, alla griglia"
171806,"Manzo, coscia, sottofesa, arrosto, solo magro, grasso rifilato a 3 mm, grado select, cotto, arrosto"
171807,"Manzo, coscia, girello, arrosto, solo magro, grasso rifilato a 3 mm, grado select, cotto, arrosto"
171808,"Manzo, coscia, fesa, bistecca, solo magro, grasso rifilato a 3 mm, grado select, cotto, grigliato"
171809,"Manzo, coscia, girello, arrosto, solo magro, grasso rifilato a 3 mm, tutte le qualità, cotto, arrosto"
171810,"Manzo, costata, parte posteriore (coste 10-12), solo magro, grasso rifilato a 3 mm, tutte le qualità, crudo"
171811,"Manzo, filetto, bistecca, solo magro, grasso rifilato a 3 mm, tutte le qualità, cotto, grigliato"
171812,"Manzo, filetto, bistecca, solo magro, grasso rifilato a 3 mm, tutte le qualità, crudo"
171813,"Manzo, lombata corta, controfiletto, bistecca, solo magro, grasso rifilato a 3 mm, tutte le qualità, cotto, grigliato"
171814,"Manzo, lombata corta, bistecca di controfiletto, solo magro, grasso rifilato a 3 mm, tutte le qualità, crudo"
171815,"Manzo, coscia, fesa, bistecca, solo magro, grasso rifilato a 3 mm, tutte le qualità, cotto, grigliato"
171816,"Manzo, coscia, fesa, bistecca, solo magro, grasso rifilato a 3 mm, tutte le qualità, crudo"
171817,"Manzo, reale, arrosto di braccio, solo magro, grasso rifilato a 3 mm, grado choice, cotto, brasato"
171818,"Manzo, punta di petto, metà piatta, solo magro, grasso rifilato a 3 mm, grado choice, cotto, brasato"
171819,"Manzo, coscia, girello, arrosto, solo magro, grasso rifilato a 3 mm, grado choice, crudo"
171820,"Manzo, coscia, fesa, bistecca, solo magro, grasso rifilato a 3 mm, grado choice, crudo"
171821,"Zuppa, wonton, Ristorante cinese"
171822,"Zuppa, noodle ramen, secco, qualsiasi gusto, a ridotto contenuto di grassi, a ridotto contenuto di sodio"
171823,"Salsa, anatra, pronto da servire"
171824,"Salsa, salsa messicana, verde, pronto da servire"
171825,"Salsa, bistecca, a base di pomodoro"
171826,"Salsa, tartara, pronto da servire"
171827,"Salsa, barbecue, SWEET BABY RAY'S, originale"
171828,"Salsa, barbecue, BULL'S-EYE, originale"
171829,"Salsa, barbecue, KC MASTERPIECE, originale"
171830,"Salsa, barbecue, OPEN PIT, originale"
171831,Wasabi
171832,"Salsa per intingere, fagioli, gusto originale"
171833,"Salsa, rafano"
171834,"Salsa per intingere, FRITO'S, fagioli, gusto originale"
171835,"Biscotto, vaniglia con caramello, cocco, e copertura di cioccolato"
171836,"Biscotto, con ripieno al burro di arachidi, ricoperto di cioccolato"
171837,"Biscotti, animaletti, con glassa"
171838,"Cracker, multicereali"
171839,"Torta, merendine, non al cioccolato, con glassa o ripieno, a basso contenuto di grassi, con fibre aggiunte"
171840,"Biscotti, brownie, di produzione industriale, a ridotto contenuto di grassi, con fibre aggiunte"
171841,"Biscotti, al cioccolato ripieni, con ripieno alla crema, a ridotto contenuto di grassi"
171842,"Biscotti, all'avena ripieni, con ripieno alla crema"
171843,"Biscotti, burro di arachidi, di produzione industriale, senza zucchero"
171844,"Pane, chapati o roti, naturale, di produzione industriale"
171845,"Pane, naan, naturale, di produzione industriale, refrigerato"
171846,"Cracker, tipo snack standard, con grano integrale"
171847,"Biscotti, amaretto al cocco"
171848,"Cracker, tipo sandwich, ripieni al burro di arachidi, a ridotto contenuto di grassi"
171849,"Pane, cannella"
171850,"Pane, grano, germogliato"
171851,"Pane, grano, germogliato, tostato"
171852,"Bagel, multicereali"
171853,"Pancake, integrale, preparato in polvere, incompleto"
171854,"Cracker, fette sottili tostate, a basso contenuto di sodio"
171855,"Cracker, integrale, tipo sandwich, con ripieno al burro di arachidi"
171856,"Cracker, cracker all'acqua"
171857,"Biscotti, senza glutine, al cioccolato ripieni, con ripieno alla crema"
171858,"Biscotti, senza glutine, wafer al cioccolato"
171859,"Biscotti, senza glutine, wafer al limone"
171860,"Biscotti, senza glutine, alla vaniglia ripieni, con ripieno alla crema"
171861,"Panini, senza glutine, bianco, con farina di riso integrale, amido di tapioca, e fecola di patate"
171862,"Panini, senza glutine, bianco, con farina di riso, amido di riso, e amido di mais"
171863,"Panini, senza glutine, bianco, con farina di riso integrale, amido di tapioca, e farina di sorgo"
171864,"Panini, senza glutine, integrale, con amido di tapioca e farina di riso integrale"
171865,"Biscotti, fiocchi d'avena, a ridotto contenuto di grassi"
171866,"Biscotti, bastoncini di biscotto ricoperti di crema al cioccolato"
171867,"Biscotti, biscotti Marie"
171868,"Biscotti, alla vaniglia con ripieno di crema, a ridotto contenuto di grassi"
171869,"Bevande, gassato, acqua tonica"
171870,"Bevande, Bevanda energetica, RED BULL, senza zucchero, con caffeina aggiunta, niacina, acido pantotenico, vitamine B6 e B12"
171871,"Bevande, gassato, root beer"
171872,"Bevanda alcolica, vino, da tavola, rosso, Gamay"
171873,"Bevande, bevanda al cioccolato, a base di latte e soia, pronto da bere, fortificato"
171874,"Bevande, polvere di malto al cioccolato, preparato con latte all'1% di grassi, fortificato"
171875,"Bevande, gassato, bevanda al lime, ad alto contenuto di caffeina"
171876,"Bevande, gassato, a basso contenuto calorico, tipo cola o pepper, con saccarina, contiene caffeina"
171877,"Bevande, caffè, pronto da bere, vaniglia, leggero, a base di latte, zuccherato"
171878,"Bevande, bevanda light al succo di limone, fortificato con vitamine E e C"
171879,"Bevande, preparato per bevanda al gusto cioccolato, in polvere, preparato con latte intero"
171880,"Bevande, caffè, pronto da bere, a base di latte, zuccherato"
171881,"Bevande, caffè, in infusione, miscela da colazione"
171882,"Bevande, Succo di vongole e pomodoro, in scatola"
171883,"Bevande, tè, verde, pronto da bere, ginseng e miele, zuccherato"
171884,"Bevande, The COCA-COLA company, Minute Maid, Limonata"
171885,"Bevande, tè, verde, pronto da bere, dietetico"
171886,"Bevande, Preparato per cioccolata, senza zuccheri aggiunti, in polvere"
171887,"Preparato per cioccolata, NESTLE, Rich Chocolate Hot Cocoa Mix"
171888,"Bevande, tè, nero, pronto da bere, limone, zuccherato"
171889,"Bevande, caffè, in infusione, preparato con acqua del rubinetto, decaffeinato"
171890,"Bevande, caffè, in infusione, preparato con acqua del rubinetto"
171891,"Bevande, caffè, in infusione, espresso, preparato al ristorante"
171892,"Bevande, tè, nero, pronto da bere, limone, dietetico"
171893,"Bevande, caffè, istantaneo, normale, in polvere"
171894,"Bevande, caffè, istantaneo, decaffeinato, preparato con acqua"
171895,"Bevande, OCEAN SPRAY, bevanda al succo di mirtillo rosso e mela, in bottiglia"
171896,"Bevande, OCEAN SPRAY, Diet Cranberry Juice"
171897,"Bevande, caffè, istantaneo, con cicoria"
171898,"Bevande, KRAFT, caffè, istantaneo, French Vanilla Cafe"
171899,"Bevande, OCEAN SPRAY, Cran Raspberry Juice Drink"
171900,"Bevande, OCEAN SPRAY, Cran Lemonade"
171901,"Bevande, OCEAN SPRAY, Diet Cran Cherry"
171902,"Bevande, bevanda al succo di mirtillo rosso e uva, in bottiglia"
171903,"Bevanda al succo di mirtillo rosso, in bottiglia"
171904,"Bevanda al succo di mirtillo rosso, in bottiglia, a basso contenuto calorico, con calcio, saccarina e dolcificante di mais"
171905,"Bevande, Preparato al gusto eggnog, in polvere, preparato con latte intero"
171906,"Bevande alcoliche, birra, a maggior gradazione"
171907,"Bevande, Bevanda al malto"
171908,"Bevande alcoliche, vino, rosato"
171909,"Bevande, OCEAN SPRAY, Cran Pomegranate"
171910,"Bevande, tè, verde, in infusione, decaffeinato"
171911,"Bevande, tè, verde, pronto da bere, non zuccherato"
171912,"Bevande, bevanda al succo di agrumi, concentrato surgelato"
171913,"Bevande, bevanda al succo di agrumi, concentrato surgelato, preparato con acqua"
171914,"Bevande, bevanda al punch di frutta, senza nutrienti aggiunti, in scatola"
171915,"Bevande, Tropical Punch, pronto da bere"
171916,"Bevande, bevanda all'uva, in scatola"
171917,"Bevande, tè, verde, in infusione, normale"
171918,"Bevande, tè, istantaneo, limone, con acido ascorbico aggiunto"
171919,"Bevanda alcolica, distillato, tutti (gin, rum, vodka, whiskey) 43% vol"
171920,"Bevanda alcolica, distillato, tutti (gin, rum, vodka, whiskey) 45% vol"
171921,"Bevanda gassata, soda al gusto cioccolato"
171922,"Bevande, acqua, in bottiglia, non gassato, EVIAN"
171923,"Bevande, Powerade Zero Ion4, senza calorie, gusti assortiti"
171924,"Bevande, WENDY'S, tè, pronto da bere, non zuccherato"
171925,"Bevanda alcolica, vino, da tavola, rosso, Merlot"
171926,"Acqua, non gassato, in bottiglia, aromi naturali di frutta, dolcificato con dolcificante ipocalorico"
171927,"Bevande, V8 SPLASH Juice Drinks, Diet Tropical Blend"
171928,"Bevande, V8 SPLASH Juice Drinks, Berry Blend"
171929,"Bevande, V8 SPLASH Juice Drinks, mix di frutta"
171930,"Bevande, V8 SPLASH Juice Drinks, Guava Passion Fruit"
171931,"Bevande, V8 SPLASH Juice Drinks, Strawberry Kiwi"
171932,"Bevande, V8 SPLASH Juice Drinks, Tropical Blend"
171933,"Bevande, V8 V-FUSION Juices, pesca e mango"
171934,"Bevande, V8 V-FUSION Juices, fragola e banana"
171935,"Bevande, Bevanda energetica, Monster, fortificato con vitamine C, B2, B3, B6, B12"
171936,"Bevande, Bevanda energetica, AMP, senza zucchero"
171937,"Bevande, Bevanda energetica, ROCKSTAR"
171938,"Bevande, Bevanda energetica, ROCKSTAR, senza zucchero"
171939,"Bevande, Bevanda integrativa del pasto, in scatola, gusto arachide"
171940,"Acqua, con sciroppo di mais e/o zucchero e dolcificante ipocalorico, al gusto di frutta"
171941,"Bevande, Horchata, come servito al ristorante"
171942,"Bevande, latte di riso, non zuccherato"
171943,"Bevande, Bevanda energetica, VAULT, gusto agrumi"
171944,"Bevande, Bevanda al gusto di frutta, a ridotto contenuto di zuccheri, più del 3% di succo di frutta, ad alto contenuto di vitamina C, calcio aggiunto"
171945,"Bevande, bevanda al succo di frutta, più del 3% di succo di frutta, ad alto contenuto di vitamina C e tiamina aggiunta"
171946,"Bevande, tè, ibisco, in infusione"
171947,"Bevande, bevanda al succo di frutta, più del 3% di succo, ad alto contenuto di vitamina C"
171948,"Pesce, spigola, striato, crudo"
171949,"Pesce, pesce serra, crudo"
171950,"Pesce, bottatrice, crudo"
171951,"Pesce, pesce burro, crudo"
171952,"Pesce, carpa, crudo"
171953,"Pesce, coregone cisco, crudo"
171954,"Pesce, coregone cisco, affumicato"
171955,"Pesce, merluzzo, atlantico, crudo"
171956,"Pesce, merluzzo, atlantico, cotto, cottura a secco"
171957,"Pesce, ombrina, atlantico, cotto, impanato e fritto"
171958,"Pesce, brosmio, crudo"
171959,"Pesce, lampuga, crudo"
171960,"Pesce, corvina, d'acqua dolce, crudo"
171961,"Pesce, gefilte fish, commerciale, ricetta dolce"
171962,"Pesce, cernia, specie miste, crudo"
171963,"Pesce, cernia, specie miste, cotto, cottura a secco"
171964,"Pesce, eglefino, crudo"
171965,"Pesce, halibut, della Groenlandia, crudo"
171966,"Crostacei, granchio, blu, in scatola"
171967,"Crostacei, granchio, blu, tortini di granchio, ricetta casalinga"
171968,"Crostacei, granchio, dungeness, crudo"
171969,"Crostacei, granchio, regina, crudo"
171970,"Crostacei, gamberetti, specie miste, cotto, impanato e fritto"
171971,"Crostacei, gamberetti, specie miste, cotto, cottura umida (può contenere additivi per trattenere l'umidità)"
171972,"Crostacei, gamberetti, specie miste, in scatola"
171973,"Crostacei, gamberetti, specie miste, imitazione, a base di surimi"
171974,"Molluschi, vongola, specie miste, cotto, impanato e fritto"
171975,"Molluschi, vongola, specie miste, cotto, cottura umida"
171976,"Molluschi, vongola, specie miste, in scatola, solidi scolati"
171977,"Molluschi, vongola, specie miste, in scatola, liquido"
171978,"Molluschi, ostrica, orientale, selvatico, crudo"
171979,"Molluschi, ostrica, orientale, cotto, impanato e fritto"
171980,"Molluschi, ostrica, orientale, selvatico, cotto, cottura umida"
171981,"Molluschi, ostrica, orientale, in scatola"
171982,"Molluschi, calamaro, specie miste, cotto, fritto"
171983,"Molluschi, buccino, non specificato, crudo"
171984,"Molluschi, buccino, non specificato, cotto, cottura umida"
171985,"Pesce, salmone, chinook, affumicato, (lox), normale"
171986,"Pesce, tonno, leggero, in scatola al naturale, senza sale, solidi scolati"
171987,"Pesce, tonno, bianco, in scatola sott'olio, senza sale, solidi scolati"
171988,"Pesce, tonno, bianco, in scatola al naturale, senza sale, solidi scolati"
171989,"Pesce, spigola, d'acqua dolce, specie miste, cotto, cottura a secco"
171990,"Pesce, merluzzo, del Pacifico, cotto, cottura a secco (può contenere additivi per trattenere l'umidità)"
171991,"Pesce, brosmio, cotto, cottura a secco"
171992,"Pesce, lampuga, cotto, cottura a secco"
171993,"Pesce, corvina, d'acqua dolce, cotto, cottura a secco"
171994,"Pesce, sgombro, del Pacifico e jack, specie miste, cotto, cottura a secco"
171995,"Pesce, cefalone (milkfish), cotto, cottura a secco"
171996,"Pesce, rana pescatrice, cotto, cottura a secco"
171997,"Pesce, luccio, lucioperca americano, cotto, cottura a secco"
171998,"Pesce, salmone, atlantico, selvatico, cotto, cottura a secco"
171999,"Pesce, salmone, chinook, cotto, cottura a secco"
172000,"Pesce, salmone, salmone keta, cotto, cottura a secco"
172001,"Pesce, salmone, rosa, cotto, cottura a secco"
172002,"Pesce, catostomo, bianco, cotto, cottura a secco"
172003,"Pesce, persico sole, pumpkinseed, cotto, cottura a secco"
172004,"Pesce, trota, specie miste, cotto, cottura a secco"
172005,"Pesce, tonno, tonnetto striato, fresco, cotto, cottura a secco"
172006,"Pesce, tonno, tonno pinna gialla, fresco, cotto, cottura a secco"
172007,"Crostacei, granchio, dungeness, cotto, cottura umida"
172008,"Crostacei, granchio, regina, cotto, cottura umida"
172009,"Crostacei, aragosta, specie miste, cotto, cottura umida"
172010,"Molluschi, seppia, specie miste, cotto, cottura umida"
172011,"Beerwurst, salame alla birra, maiale e manzo"
172012,"Mortadella, manzo"
172013,"Mortadella, manzo e maiale"
172014,"Pasta, cotto, non arricchito, con sale aggiunto"
172015,"Farina di mais, degerminato, non arricchito, bianco"
172016,"Farina di grano, bianco (industriale), 9% proteine, sbiancata, arricchito"
172017,"Farina di grano, bianco (industriale), 9% proteine, sbiancata, non arricchito"
172018,"Farina di grano, bianco (industriale), 10% proteine, sbiancata, arricchito"
172019,"Farina di grano, bianco (industriale), 10% proteine, sbiancata, non arricchito"
172020,"Farina di grano, bianco (industriale), 13% proteine, sbiancata, non arricchito"
172021,"Farina di grano, bianco (industriale), 15% proteine, sbiancata, arricchito"
172022,"Farina di grano, bianco (industriale), 15% proteine, sbiancata, non arricchito"
172023,Farina di miglio
172024,"Pasta, integrale, 51% integrale, semola arricchita residua, cotto"
172025,"Pasta, integrale, 51% integrale, semola arricchita residua, secco"
172026,"Pasta, senza glutine, farina di riso integrale, cotto, TINKYADA"
172027,"Pasta, senza glutine, farina di mais e quinoa, cotto, ANCIENT HARVEST"
172028,"Fast food, biscuit, con uovo e salsiccia"
172029,"Fast food, biscuit, con uovo, formaggio, e bacon"
172030,"Fast food, biscuit, con prosciutto"
172031,"Fast food, biscuit, con salsiccia"
172032,"Fast food, muffin inglese, con formaggio e salsiccia"
172033,"Fast food, muffin inglese, con uovo, formaggio, e bacon canadese"
172034,"Fast food, muffin inglese, con uovo, formaggio, e salsiccia"
172035,"Fast food, bastoncini di french toast"
172036,"Fast food, sundae, fragola"
172037,"Fast food, gamberetti, impanato e fritto"
172038,"Fast food, burrito, con fagioli"
172039,"Fast food, burrito, con fagioli e formaggio"
172040,"PIZZA HUT pizza al formaggio da 30 cm, impasto steso a mano"
172041,"PIZZA HUT pizza al formaggio da 30 cm, impasto alto (pan)"
172042,"PIZZA HUT pizza al formaggio da 30 cm, impasto Thin 'N Crispy"
172043,"DOMINO'S pizza al formaggio da 35 cm, impasto sottile croccante"
172044,"DOMINO'S pizza al salame piccante da 35 cm, impasto classico steso a mano"
172045,"DOMINO'S pizza al salame piccante da 35 cm, impasto alto Deep Dish"
172046,"DOMINO'S 14"" EXTRAVAGANZZA FEAST Pizza, impasto classico steso a mano"
172047,"LITTLE CAESARS 14"" Original Round Cheese Pizza, impasto classico"
172048,"LITTLE CAESARS 14"" Original Round Pepperoni Pizza, impasto classico"
172049,"LITTLE CAESARS 14"" Original Round Meat and Vegetable Pizza, impasto classico"
172050,"LITTLE CAESARS pizza al formaggio da 35 cm, impasto alto grande"
172051,"PIZZA HUT pizza al formaggio da 35 cm, impasto Thin 'N Crispy"
172052,"PIZZA HUT pizza al salame piccante da 35 cm, impasto steso a mano"
172053,"PIZZA HUT pizza al salame piccante da 35 cm, impasto alto (pan)"
172054,"PIZZA HUT 14"" Super Supreme Pizza, impasto steso a mano"
172055,"Fast food, Catena di pizzerie, pizza da 35 cm, con carne e verdure, impasto classico"
172056,"Fast food, sandwich di pancake, uovo, formaggio, e salsiccia"
172057,"Fast food, sandwich di pancake, salsiccia"
172058,"Fast food, sandwich di pancake, uovo, formaggio, e bacon"
172059,"McDONALD'S, Sausage McGRIDDLES"
172060,"McDONALD'S, Salsiccia, Egg & Cheese McGRIDDLES"
172061,"McDONALD'S, Vanilla Reduced Fat Ice Cream Cone"
172062,"McDONALD'S, Strawberry Sundae"
172063,"McDONALD'S, Sausage Burrito"
172064,"McDONALD'S, BIG BREAKFAST"
172065,"McDONALD'S, cheeseburger doppio"
172066,"McDONALD'S, DOUBLE QUARTER POUNDER with Cheese"
172067,"McDONALD'S, BIG MAC (without Big Mac Sauce)"
172068,"McDONALD'S, Sausage McMUFFIN with Egg"
172069,"McDONALD'S, Bacon Egg & Cheese Biscuit"
172070,"McDONALD'S, Sausage Biscuit"
172071,"McDONALD'S, Sausage Biscuit with Egg"
172072,McDONALD'S Bacon Ranch Salad with Crispy Chicken
172073,"McDONALD'S, Bacon Ranch Salad without chicken"
172074,"McDONALD'S, Side Salad"
172075,"McDONALD'S, Fruit 'n Yogurt Parfait"
172076,"BURGER KING, CROISSAN'WICH with Egg and Cheese"
172077,"BURGER KING, bastoncini di french toast"
172078,"BURGER KING, Hash Brown Rounds"
172079,"Fast food, mini girelle alla cannella"
172080,"Fast food, hamburger doppio, hamburger grande con condimenti, verdure e maionese"
172081,"Fast food, cheeseburger singolo, hamburger grande con condimenti, verdure e maionese"
172082,"Fast food, cheeseburger singolo, hamburger grande con condimenti"
172083,"Fast food, cheeseburger doppio, hamburger grande con condimenti, verdure e maionese"
172084,"Fast food, cheeseburger doppio, hamburger normale, panino a due piani con condimenti e salsa speciale"
172085,"Gelato light, soft, con pezzi di biscotto"
172086,"POPEYES, biscuit"
172087,"POPEYES, insalata di cavolo"
172088,"POPEYES, Mild Chicken Strips, analisi 2006"
172089,"Spaghetti al ragù, piatto pronto surgelato"
172090,"Maccheroni al manzo con salsa di pomodoro, piatto pronto surgelato, a ridotto contenuto di grassi"
172091,"Pasta con würstel a fette in salsa di pomodoro, piatto pronto in scatola"
172092,"Pot pie di tacchino, piatto pronto surgelato"
172093,"Pot pie di manzo, piatto pronto surgelato, preparato"
172094,"Tortellini, pasta ripiena di formaggio, fresco refrigerato, come acquistato"
172095,"Pizza, con carne, impasto spesso, surgelato, cotto"
172096,"Pizza, con salame piccante, impasto classico, surgelato, cotto"
172097,"Chili con carne con fagioli, piatto pronto in scatola"
172098,"Chili, senza fagioli, piatto pronto in scatola"
172099,"Spaghetti, con polpette in salsa di pomodoro, in scatola"
172100,"Pasta con salsa di pomodoro, senza carne, in scatola"
172101,"Lasagne con carne e sugo, a basso contenuto di grassi, piatto pronto surgelato"
172102,"Burrito, manzo e fagioli, al microonde"
172103,"Involtini primavera, maiale, refrigerato, riscaldato"
172104,"Involtini primavera, pollo, refrigerato, riscaldato"
172105,"Involtini primavera, vegetale, surgelato, preparato"
172106,"Lasagne, vegetale, surgelato, al forno"
172107,"HOT POCKETS, panino ripieno di polpette e mozzarella, surgelato"
172108,"LEAN POCKETS, Ham N Cheddar"
172109,"LEAN POCKETS, Meatballs & Mozzarella"
172110,"Chili con fagioli, ciotole per microonde"
172111,"Pollo, nuggets, carne scura e bianca, precotto, surgelato, non riscaldato"
172112,"Pollo, nuggets, carne bianca, precotto, surgelato, non riscaldato"
172113,"Ravioli, formaggio con salsa di pomodoro, surgelato, non preparato, inclusi piatti normali e light"
172114,"Lasagne al ragù, surgelato, preparato"
172115,"Manzo, lombata corta, bistecca porterhouse, magro e grasso, grasso rifilato a 3 mm, tutte le qualità, cotto, alla griglia"
172116,"Manzo, lombata corta, bistecca porterhouse, magro e grasso, grasso rifilato a 3 mm, grado select, crudo"
172117,"Manzo, lombata corta, bistecca porterhouse, magro e grasso, grasso rifilato a 3 mm, grado select, cotto, alla griglia"
172118,"Manzo, lombata corta, bistecca T-bone, magro e grasso, grasso rifilato a 3 mm, tutte le qualità, crudo"
172119,"Manzo, coscia, noce, noce laterale, bistecca, magro e grasso, grasso rifilato a 0 mm, grado choice, cotto, alla griglia"
172120,"Manzo, coscia, noce, noce laterale, bistecca, magro e grasso, grasso rifilato a 0 mm, grado select, crudo"
172121,"Manzo, coscia, noce, noce laterale, bistecca, magro e grasso, grasso rifilato a 0 mm, grado select, cotto, alla griglia"
172122,"Manzo, reale, polpa di spalla, filetto di spalla, medaglione, magro e grasso, grasso rifilato a 0 mm, grado choice, crudo"
172123,"Manzo, reale, polpa di spalla, bistecche di spalla superiore e centrale, magro e grasso, grasso rifilato a 0 mm, grado select, crudo"
172124,"Manzo, reale, polpa di spalla, bistecche di spalla superiore e centrale, magro e grasso, grasso rifilato a 0 mm, grado select, cotto, alla griglia"
172125,"Manzo, reale, polpa di spalla, copertina di spalla, bistecca, magro e grasso, grasso rifilato a 0 mm, grado choice, crudo"
172126,"Manzo, reale, polpa di spalla, copertina di spalla, bistecca, magro e grasso, grasso rifilato a 0 mm, grado choice, cotto, alla griglia"
172127,"Manzo, coscia, noce, noce centrale, bistecca, magro e grasso, grasso rifilato a 0 mm, grado select, cotto, alla griglia"
172128,"Manzo, coscia, sottofesa esterna, sottofesa, bistecca, magro e grasso, grasso rifilato a 0 mm, grado choice, crudo"
172129,"Manzo, coscia, sottofesa esterna, sottofesa, bistecca, magro e grasso, grasso rifilato a 0 mm, grado choice, cotto, alla griglia"
172130,"Manzo, coscia, sottofesa esterna, sottofesa, bistecca, magro e grasso, grasso rifilato a 0 mm, grado select, crudo"
172131,"Manzo, coscia, noce, noce laterale, bistecca, magro e grasso, grasso rifilato a 0 mm, tutte le qualità, cotto, alla griglia"
172132,"Manzo, reale, polpa di spalla, bistecche di spalla superiore e centrale, magro e grasso, grasso rifilato a 0 mm, tutte le qualità, crudo"
172133,"Manzo, reale, polpa di spalla, bistecche di spalla superiore e centrale, magro e grasso, grasso rifilato a 0 mm, tutte le qualità, cotto, alla griglia"
172134,"Manzo, reale, polpa di spalla, copertina di spalla, bistecca, magro e grasso, grasso rifilato a 0 mm, tutte le qualità, crudo"
172135,"Manzo, coscia, sottofesa esterna, sottofesa, bistecca, magro e grasso, grasso rifilato a 0 mm, tutte le qualità, cotto, alla griglia"
172136,"Manzo, reale, polpa di spalla, filetto di spalla, medaglione, magro e grasso, grasso rifilato a 0 mm, grado select, cotto, alla griglia"
172137,"Manzo, bistecca di pancia, disossato, diaframma interno, solo magro, grasso rifilato a 0 mm, grado choice, crudo"
172138,"Manzo, bistecca di pancia, disossato, diaframma interno, solo magro, grasso rifilato a 0 mm, grado select, cotto, alla griglia"
172139,"Manzo, bistecca di pancia, disossato, diaframma interno, solo magro, grasso rifilato a 0 mm, grado select, crudo"
172140,"Manzo, bistecca di pancia, disossato, diaframma esterno, solo magro, grasso rifilato a 0 mm, tutte le qualità, cotto, alla griglia"
172141,"Manzo, bistecca di pancia, disossato, diaframma esterno, solo magro, grasso rifilato a 0 mm, grado select, crudo"
172142,"Manzo, entrecôte, disossato, senza copertina, solo magro, grasso rifilato a 0 mm, tutte le qualità, cotto, alla griglia"
172143,"Manzo, entrecôte, disossato, senza copertina, solo magro, grasso rifilato a 0 mm, tutte le qualità, crudo"
172144,"Manzo, entrecôte, disossato, senza copertina, solo magro, grasso rifilato a 0 mm, grado choice, cotto, alla griglia"
172145,"Manzo, costata, costine del dorso, con osso, solo magro, grasso rifilato a 0 mm, tutte le qualità, crudo"
172146,"Manzo, costata, costine del dorso, con osso, solo magro, grasso rifilato a 0 mm, grado choice, cotto, brasato"
172147,"Manzo, costata, costine del dorso, con osso, solo magro, grasso rifilato a 0 mm, grado choice, crudo"
172148,"Manzo, costata, costine del dorso, con osso, solo magro, grasso rifilato a 0 mm, grado select, cotto, brasato"
172149,"Manzo, arrosto di entrecôte, con osso, con copertina, magro e grasso, grasso rifilato a 3 mm, grado select, cotto, arrosto"
172150,"Manzo, arrosto di entrecôte, con osso, con copertina, magro e grasso, grasso rifilato a 3 mm, tutte le qualità, cotto, arrosto"
172151,"Manzo, entrecôte (bistecca o arrosto), con osso, con copertina, magro e grasso, grasso rifilato a 3 mm, tutte le qualità, crudo"
172152,"Manzo, entrecôte (bistecca o arrosto), con osso, con copertina, magro e grasso, grasso rifilato a 3 mm, grado choice, crudo"
172153,"Manzo, arrosto di entrecôte, disossato, con copertina, magro e grasso, grasso rifilato a 3 mm, tutte le qualità, cotto, arrosto"
172154,"Manzo, arrosto di entrecôte, disossato, con copertina, magro e grasso, grasso rifilato a 3 mm, grado choice, cotto, arrosto"
172155,"Manzo, arrosto di entrecôte, disossato, con copertina, magro e grasso, grasso rifilato a 3 mm, grado select, cotto, arrosto"
172156,"Manzo, entrecôte (bistecca o arrosto), disossato, con copertina, magro e grasso, grasso rifilato a 3 mm, tutte le qualità, crudo"
172157,"Manzo, bistecca di pancia, disossato, diaframma interno, magro e grasso, grasso rifilato a 0 mm, grado select, cotto, alla griglia"
172158,"Manzo, bistecca di pancia, disossato, diaframma interno, magro e grasso, grasso rifilato a 0 mm, tutte le qualità, crudo"
172159,"Manzo, bistecca di pancia, disossato, diaframma interno, magro e grasso, grasso rifilato a 0 mm, grado choice, crudo"
172160,"Manzo, bistecca di pancia, disossato, diaframma interno, magro e grasso, grasso rifilato a 0 mm, grado select, crudo"
172161,"Manzo, macinato, contenuto di grassi non specificato, cotto"
172162,"Manzo, bistecca di pancia, disossato, diaframma esterno, magro e grasso, grasso rifilato a 0 mm, grado choice, crudo"
172163,"Manzo, bistecca di pancia, disossato, diaframma esterno, magro e grasso, grasso rifilato a 0 mm, grado select, crudo"
172164,"Manzo, entrecôte, disossato, senza copertina, magro e grasso, grasso rifilato a 0 mm, tutte le qualità, cotto, alla griglia"
172165,"Manzo, entrecôte, disossato, senza copertina, magro e grasso, grasso rifilato a 0 mm, grado choice, cotto, alla griglia"
172166,"Manzo, costata, costine del dorso, con osso, magro e grasso, grasso rifilato a 0 mm, tutte le qualità, cotto, brasato"
172167,"Manzo, costata, costine del dorso, con osso, magro e grasso, grasso rifilato a 0 mm, grado choice, cotto, brasato"
172168,"Manzo, costata, costine del dorso, con osso, magro e grasso, grasso rifilato a 0 mm, grado select, cotto, brasato"
172169,"Manzo, costata, costine del dorso, con osso, magro e grasso, grasso rifilato a 0 mm, tutte le qualità, crudo"
172170,"Manzo, lombata, bistecca di copertina di scamone, disossato, solo magro, grasso rifilato a 3 mm, tutte le qualità, cotto, alla griglia"
172171,"Manzo, lombata, bistecca di copertina di scamone, disossato, solo magro, grasso rifilato a 3 mm, grado choice, cotto, alla griglia"
172172,"Manzo, lombata, bistecca di copertina di scamone, disossato, solo magro, grasso rifilato a 3 mm, grado select, cotto, alla griglia"
172173,"Manzo, lombata, bistecca di copertina di scamone, disossato, solo magro, grasso rifilato a 3 mm, tutte le qualità, crudo"
172174,"Manzo, lombata, bistecca di copertina di scamone, disossato, solo magro, grasso rifilato a 3 mm, grado choice, crudo"
172175,"Formaggio, blu"
172176,"Formaggio, brick"
172177,"Formaggio, brie"
172178,"Formaggio, camembert"
172179,"Formaggio, cottage, in crema, a grana grossa o fine"
172180,"Formaggio, cottage, in crema, con frutta"
172181,"Formaggio, cottage, senza grassi, senza panna, secco, a grana grossa o fine"
172182,"Formaggio, cottage, a basso contenuto di grassi, 2% di grassi"
172183,"Uovo, bianco, crudo, fresco"
172184,"Uovo, tuorlo, crudo, fresco"
172185,"Uovo, intero, cotto, frittata"
172186,"Uovo, intero, cotto, in camicia"
172187,"Uovo, intero, cotto, strapazzate"
172188,"Uovo, intero, essiccato"
172189,"Uovo, anatra, intero, fresco, crudo"
172190,"Uovo, oca, intero, fresco, crudo"
172191,"Uovo, quaglia, intero, fresco, crudo"
172192,"Uovo, tacchino, intero, fresco, crudo"
172193,"Latte, a ridotto contenuto di grassi, liquido, 2% di grassi, con solidi di latte scremato aggiunti, senza vitamina A aggiunta"
172194,"Latte, in scatola, evaporato, con vitamina A aggiunta"
172195,"Latte, secco, senza grassi, normale, con vitamine A e D aggiunte"
172196,"Latte, secco, senza grassi, istantaneo, senza vitamine A e D aggiunte"
172197,"Formaggio, capra, tipo duro"
172198,"Sostituto del formaggio, mozzarella"
172199,"Yogurt, greco, 2% di grassi, mango, CHOBANI"
172200,"Salsa al formaggio, fatto in casa"
172201,"Formaggio, messicano, queso añejo"
172202,"Uovo, intero, crudo, surgelato, pastorizzato"
172203,"Uovo, bianco, crudo, surgelato, pastorizzato"
172204,"Uovo, bianco, essiccato"
172205,"Latte, a ridotto contenuto di grassi, liquido, 2% di grassi, senza vitamine A e D aggiunte"
172206,"Parmigiano grattugiato da tavola, senza grassi"
172207,"Formaggio, panna, senza grassi"
172208,"Yogurt, cioccolato, latte scremato"
172209,KRAFT CHEEZ WHIZ Pasteurized Process Cheese Sauce
172210,KRAFT BREAKSTONE'S Reduced Fat Sour Cream
172211,KRAFT BREAKSTONE'S FREE Fat Free Sour Cream
172212,"Panna, panna leggera (half and half), senza grassi"
172213,Reddi Wip Fat Free Whipped Topping
172214,"Sostituto della panna, aromatizzato, in polvere"
172215,"Formaggio, provolone, a ridotto contenuto di grassi"
172216,"Formaggio, messicano, miscela, a ridotto contenuto di grassi"
172217,"Latte, intero, 3,25% di grassi, senza vitamine A e D aggiunte"
172218,"Yogurt, frutta, a basso contenuto di grassi, con dolcificante ipocalorico, fortificato con vitamina D"
172219,"Yogurt, vaniglia, a basso contenuto di grassi, fortificato con vitamina D"
172220,"Yogurt, gusto vaniglia o limone, latte scremato, dolcificato con dolcificante ipocalorico, fortificato con vitamina D"
172221,"Yogurt, cioccolato, latte scremato, fortificato con vitamina D"
172222,"Formaggio, bianco secco, queso seco"
172223,"Formaggio, fresco, queso fresco"
172224,"Formaggio, bianco, queso blanco"
172225,"Latte, latticello, liquido, intero"
172226,Biscotto gelato
172227,Biscotto gelato
172228,"Cono gelato, ricoperto di cioccolato, con frutta secca, gusti diversi dal cioccolato"
172229,"Biscotto gelato, con gelato light, vaniglia"
172230,"Biscotto gelato, vaniglia, leggero, senza zuccheri aggiunti"
172231,"Spezie, curcuma, macinato"
172232,"Basilico, fresco"
172233,"Aneto, fresco"
172234,"Senape, preparato, giallo"
172235,"Estratto di vaniglia, imitazione, alcolico"
172236,"Estratto di vaniglia, imitazione, analcolico"
172237,"Aceto, distillato"
172238,"Capperi, in scatola"
172239,"Menta verde, essiccato"
172240,"Aceto, di vino rosso"
172241,"Aceto, balsamico"
172242,"Miscela di condimento, secco, sazón, coriandolo e annatto"
172243,"Miscela di condimento, secco, taco, originale"
172244,"Alimenti per l'infanzia, carne, manzo, junior"
172245,"Alimenti per l'infanzia, carne, vitello, omogeneizzato"
172246,"Alimenti per l'infanzia, carne, maiale, omogeneizzato"
172247,"Alimenti per l'infanzia, carne, prosciutto, omogeneizzato"
172248,"Alimenti per l'infanzia, carne, pollo, junior"
172249,"Alimenti per l'infanzia, carne, bastoncini di pollo, junior"
172250,"Alimenti per l'infanzia, carne, tacchino, omogeneizzato"
172251,"Alimenti per l'infanzia, carne, tacchino, junior"
172252,"Alimenti per l'infanzia, snack da sgranocchiare, GERBER, GRADUATES, PUFFS, mela e cannella"
172253,"Alimenti per l'infanzia, acqua, in bottiglia, GERBER, senza fluoro aggiunto"
172254,"Alimenti per l'infanzia, GERBER, 3rd Foods, mela, mango e kiwi"
172255,"Alimenti per l'infanzia, mix di frutta tropicale"
172256,"Alimenti per l'infanzia, pasto completo, verdure, gnocchetti e manzo, omogeneizzato"
172257,"Alimenti per l'infanzia, ravioli, ripieno di formaggio, con salsa di pomodoro"
172258,"Alimenti per l'infanzia, pasto completo, manzo e pasta, omogeneizzato"
172259,"Alimenti per l'infanzia, maccheroni al formaggio, per bambini piccoli"
172260,"Alimenti per l'infanzia, pasto completo, manzo e riso, per bambini piccoli"
172261,"Alimenti per l'infanzia, pasto completo, manzo con verdure"
172262,"Alimenti per l'infanzia, pasto completo, verdure e agnello, junior"
172263,"Alimenti per l'infanzia, pasto completo, pollo e pasta, omogeneizzato"
172264,"Alimenti per l'infanzia, pasto completo, pollo e pasta, junior"
172265,"Alimenti per l'infanzia, pasto completo, verdure, pasta e pollo, junior"
172266,"Alimenti per l'infanzia, pasto completo, pasta con verdure"
172267,"Alimenti per l'infanzia, pasto completo, verdure, pasta e tacchino, omogeneizzato"
172268,"Alimenti per l'infanzia, pasto completo, verdure, pasta e tacchino, junior"
172269,"Alimenti per l'infanzia, pasto completo, tacchino e riso, omogeneizzato"
172270,"Alimenti per l'infanzia, pasto completo, maccheroni al formaggio, junior"
172271,"Alimenti per l'infanzia, verdure, fagiolini, omogeneizzato"
172272,"Alimenti per l'infanzia, verdure, fagiolini, junior"
172273,"Alimenti per l'infanzia, fagiolini, a cubetti, per bambini piccoli"
172274,"Alimenti per l'infanzia, verdure, zucca, omogeneizzato"
172275,"Alimenti per l'infanzia, verdure, zucca, junior"
172276,"Alimenti per l'infanzia, verdure, patate dolci omogeneizzate"
172277,"Alimenti per l'infanzia, verdure, patate dolci, junior"
172278,"Alimenti per l'infanzia, frutta, purea di mele, junior"
172279,"Alimenti per l'infanzia, frutta, albicocca con tapioca, omogeneizzato"
172280,"Alimenti per l'infanzia, verdure, mais, in crema, omogeneizzato"
172281,"Alimenti per l'infanzia, pasto completo, verdure miste, junior"
172282,"Alimenti per l'infanzia, frutta, banane con tapioca, junior"
172283,"Alimenti per l'infanzia, verdure, verdure miste junior"
172284,"Alimenti per l'infanzia, verdure, verdure dell'orto, omogeneizzato"
172285,"Alimenti per l'infanzia, prugne, banane e riso, omogeneizzato"
172286,"Alimenti per l'infanzia, pasto completo, tacchino, riso, e verdure, per bambini piccoli"
172287,"Alimenti per l'infanzia, pasto completo, mele e pollo, omogeneizzato"
172288,"Alimenti per l'infanzia, pasto completo, broccoli e pollo, junior"
172289,"Latte formulato per lattanti, MEAD JOHNSON, Enfamil Premature High Protein 24 Calories, pronto all'uso, con ARA e DHA"
172290,"Latte formulato per lattanti, MEAD JOHNSON, Enfamil Premature 30 Calories, pronto all'uso, con ARA e DHA"
172291,"Latte formulato per lattanti, MEAD JOHNSON, Enfamil for Supplementing, in polvere, con ARA e DHA, non ricostituito"
172292,"Latte formulato per lattanti, MEAD JOHNSON, Enfamil Reguline Powder, con ARA e DHA, non ricostituito"
172293,"Latte formulato per lattanti, MEAD JOHNSON, Pregestimil 24 Calories, pronto all'uso, con ARA e DHA"
172294,"Bevanda per bambini piccoli, MEAD JOHNSON, PurAmino Toddler Powder, con ARA e DHA, non ricostituito"
172295,"Latte formulato per lattanti, MEAD JOHNSON, Enfamil for Supplementing, pronto all'uso, con ARA e DHA"
172296,"Alimenti per l'infanzia, cereali, orzo, preparato con latte intero"
172297,"Alimenti per l'infanzia, cereali, fiocchi d'avena, con banane, preparato con latte intero"
172298,"Alimenti per l'infanzia, cereali, fiocchi d'avena, con miele, preparato con latte intero"
172299,"Alimenti per l'infanzia, cereali, riso, preparato con latte intero"
172300,"Alimenti per l'infanzia, cereali, riso, con miele, preparato con latte intero"
172301,"Latte formulato per lattanti, MEAD JOHNSON, ENFAMIL, con ferro, in polvere"
172302,"Latte formulato per lattanti, MEAD JOHNSON, ENFAMIL, Lattanti, con ferro, in polvere, con ARA e DHA"
172303,"Latte formulato per lattanti, MEAD JOHNSON, ENFAMIL, Lattanti, con ferro, concentrato liquido, con ARA e DHA, ricostituito"
172304,"Latte formulato per lattanti, MEAD JOHNSON, ENFAMIL LIPIL, con ferro, pronto all'uso, con ARA e DHA"
172305,"Latte formulato per lattanti, MEAD JOHNSON, ENFAMIL, LIPIL, a basso contenuto di ferro, pronto all'uso, con ARA e DHA"
172306,"Latte formulato per lattanti, MEAD JOHNSON, ENFAMIL, Lattanti, pronto all'uso, con ARA e DHA"
172307,"Latte formulato per lattanti, ABBOTT NUTRITION, SIMILAC, PM 60/40, polvere non ricostituita"
172308,"Latte formulato per lattanti, MEAD JOHNSON, ENFAMIL, NUTRAMIGEN WITH LGG, con ferro, in polvere, non ricostituito, con ARA e DHA"
172309,"Latte formulato per lattanti, MEAD JOHNSON, ENFAMIL, NUTRAMIGEN, con ferro, pronto all'uso, con ARA e DHA"
172310,"Latte formulato per lattanti, ABBOTT NUTRITION, SIMILAC, ALIMENTUM, con ferro, pronto all'uso"
172311,"Latte formulato per lattanti, MEAD JOHNSON, ENFAMIL, ENFACARE, con ferro, in polvere, con ARA e DHA"
172312,"Latte formulato per lattanti, ABBOTT NUTRITION, SIMILAC, con ferro, concentrato liquido, non ricostituito"
172313,"Latte formulato per bambini, ABBOTT NUTRITION, PEDIASURE, pronto all'uso"
172314,"Latte formulato per lattanti, MEAD JOHNSON, NEXT STEP, PROSOBEE LIPIL, in polvere, con ARA e DHA"
172315,"Latte formulato per lattanti, MEAD JOHNSON, NEXT STEP, PROSOBEE, LIPIL, pronto all'uso, con ARA e DHA"
172316,"Latte formulato per lattanti, NESTLE, GOOD START SOY, con ARA e DHA, in polvere"
172317,"Alimenti per l'infanzia, mais e patate dolci, omogeneizzato"
172318,"Latte formulato per lattanti, ABBOTT NUTRITION, SIMILAC, ALIMENTUM, ADVANCE, pronto all'uso, con ARA e DHA"
172319,"Latte formulato per lattanti, PBM PRODUCTS, marca del distributore, pronto all'uso"
172320,"Latte formulato per lattanti, PBM PRODUCTS, marca del distributore, concentrato liquido, non ricostituito"
172321,"Latte formulato per lattanti, MEAD JOHNSON, ENFAMIL, AR, pronto all'uso, con ARA e DHA"
172322,"Latte formulato per lattanti, MEAD JOHNSON, ENFAMIL, AR, in polvere, con ARA e DHA"
172323,"Latte formulato per lattanti, ABBOTT NUTRITION, SIMILAC NEOSURE, pronto all'uso, con ARA e DHA"
172324,"Latte formulato per lattanti, ABBOTT NUTRITION, SIMILAC, NEOSURE, in polvere, con ARA e DHA"
172325,"Latte formulato per lattanti, ABBOTT NUTRITION, SIMILAC, SENSITIVE (senza lattosio) pronto all'uso, con ARA e DHA"
172326,"Latte formulato per lattanti, ABBOTT NUTRITION, SIMILAC, ADVANCE, con ferro, concentrato liquido, non ricostituito"
172327,"Grasso vegetale per dolci, per uso domestico, strutto e olio vegetale"
172328,"Olio, di girasole, linoleico, (parzialmente idrogenato)"
172329,"Grasso vegetale per pane, di soia (idrogenato) e semi di cotone"
172330,"Grasso vegetale per preparati per torte, di soia e semi di cotone (idrogenati)"
172331,"Grasso per frittura (uso intensivo), di palma (idrogenato)"
172332,Grasso vegetale per uso domestico di soia (idrogenato) e palma
172333,"Grasso per frittura (uso intensivo), di soia (idrogenato), linoleico (meno dell'1%)"
172334,"Grasso vegetale per dolci, per dolciumi, di palma frazionato"
172335,"Olio, burro di noce moscata"
172336,"Olio, di colza"
172337,"Olio, senape"
172338,"Olio, di girasole, alto oleico (70% e oltre)"
172339,"Tipo margarina, miscela margarina e burro, olio di soia e burro"
172340,"Olio di pesce, aringa"
172341,"Olio di pesce, menhaden"
172342,"Olio di pesce, menhaden, completamente idrogenato"
172343,"Olio di pesce, salmone"
172344,"Burro, leggero, in panetto, senza sale"
172345,"Grasso animale, grasso di bacon"
172346,"Margarina, normale, 80% di grassi, insieme, in panetto, con sale"
172347,"Margarina, normale, 80% di grassi, insieme, in vaschetta, con sale"
172348,"Tipo margarina, crema spalmabile di olio vegetale, 60% di grassi, in panetto, con sale"
172349,"Margarina, normale, 80% di grassi, insieme, in vaschetta, senza sale"
172350,"Tipo margarina, crema spalmabile di olio vegetale, 60% di grassi, in panetto, vaschetta o bottiglia, senza sale"
172351,"Tipo margarina, crema spalmabile di olio vegetale, senza grassi, liquido, con sale"
172352,"Crema spalmabile tipo margarina con yogurt, 70% di grassi, in panetto, con sale"
172353,"Tipo margarina, crema spalmabile di olio vegetale, senza grassi, in vaschetta"
172354,"Tipo margarina, crema spalmabile di olio vegetale, 20% di grassi, con sale"
172355,"Tipo margarina, crema spalmabile di olio vegetale, 20% di grassi, senza sale"
172356,"Condimento per insalata, condimento thousand island, senza grassi"
172357,"Olio, industriale, medio oleico, di girasole"
172358,"Olio, industriale, di colza con antischiuma, uso principale insalate, per wok e fritture leggere"
172359,"Olio, industriale, di colza per insalate, per wok e fritture leggere"
172360,"Olio, industriale, di colza (parzialmente idrogenato) per frittura"
172361,"Olio, industriale, di soia (parzialmente idrogenato), multiuso al gusto burro senza latte"
172362,"Olio, industriale, di soia (parzialmente idrogenato), per tutti gli usi"
172363,"Olio, industriale, di soia (parzialmente idrogenato) e soia (winterizzato), liquido chiaro per frittura"
172364,"Olio, industriale, di soia (parzialmente idrogenato) e semi di cotone, uso principale come grasso per tortilla"
172365,"Olio, industriale, cocco, grasso per dolciumi, base tipica per coperture di gelato"
172366,"Olio, industriale, di palmisto (idrogenato), per topping montati, senza latte"
172367,"Olio, industriale, di cocco (idrogenato), per topping montati e sbiancanti per caffè"
172368,"Olio, industriale, di palma e palmisto, grasso per ripieni (non idrogenato)"
172369,"Margarina, industriale, olio di soia e di soia parzialmente idrogenato, per prodotti da forno, salse e dolciumi"
172370,"Olio, vegetale, di soia, raffinato"
172371,"Crema spalmabile tipo margarina, SMART BALANCE Regular Buttery Spread with flax oil"
172372,"Crema spalmabile tipo margarina, SMART BALANCE Light Buttery Spread"
172373,"Pollo, polli da carne, fuso, carne e pelle, crudo"
172374,"Pollo, polli da carne, fuso, carne e pelle, cotto, fritto, in pastella"
172375,"Pollo, polli da carne, fuso, solo carne, cotto, fritto"
172376,"Pollo, polli da carne, carne scura, fuso, solo carne, cotto, arrosto"
172377,"Pollo, polli da carne, fuso, solo carne, cotto, in umido"
172378,"Pollo, polli da carne, coscia, carne e pelle, crudo"
172379,"Pollo, polli da carne, coscia, solo carne, cotto, fritto"
172380,"Pollo, polli da carne, coscia, solo carne, cotto, arrosto"
172381,"Pollo, polli da carne, coscia, solo carne, cotto, in umido"
172382,"Pollo, polli da carne, collo, carne e pelle, crudo"
172383,"Pollo, polli da carne, collo, solo carne, cotto, fritto"
172384,"Pollo, polli da carne, collo, solo carne, cotto, sobbollito"
172385,"Pollo, polli da carne, sovracoscia, carne e pelle, crudo"
172386,"Pollo, polli da carne, sovracoscia, carne e pelle, cotto, fritto, in pastella"
172387,"Pollo, polli da carne, sovracoscia, solo carne, cotto, fritto"
172388,"Pollo, polli da carne, sovracoscia, solo carne, cotto, arrosto"
172389,"Pollo, polli da carne, sovracoscia, solo carne, cotto, in umido"
172390,"Pollo, polli da carne, ala, carne e pelle, crudo"
172391,"Pollo, polli da carne, ala, solo carne, cotto, fritto"
172392,"Pollo, polli da carne, ala, solo carne, cotto, arrosto"
172393,"Pollo, polli da carne, ala, solo carne, cotto, in umido"
172394,"Pollo, da arrosto, carne e pelle con rigaglie e collo, crudo"
172395,"Pollo, da arrosto, solo carne, cotto, arrosto"
172396,"Pollo, da arrosto, rigaglie, crudo"
172397,"Pollo, da arrosto, rigaglie, cotto, sobbollito"
172398,"Pollo, da arrosto, carne bianca, solo carne, crudo"
172399,"Pollo, da stufato, carne e pelle, con rigaglie e collo, cotto, in umido"
172400,"Pollo, da stufato, carne e pelle, crudo"
172401,"Pollo, da stufato, carne e pelle, cotto, in umido"
172402,"Pollo, da stufato, solo carne, crudo"
172403,"Pollo, da stufato, solo carne, cotto, in umido"
172404,"Pollo, da stufato, carne scura, solo carne, crudo"
172405,"Pollo, da stufato, carne scura, solo carne, cotto, in umido"
172406,"Pollo, capponi, carne e pelle con rigaglie e collo, crudo"
172407,"Pollo, capponi, carne e pelle con rigaglie e collo, cotto, arrosto"
172408,"Anatra, d'allevamento, carne e pelle, crudo"
172409,"Anatra, d'allevamento, carne e pelle, cotto, arrosto"
172410,"Anatra, d'allevamento, solo carne, crudo"
172411,"Anatra, d'allevamento, solo carne, cotto, arrosto"
172412,"Oca, d'allevamento, carne e pelle, cotto, arrosto"
172413,"Oca, d'allevamento, solo carne, crudo"
172414,"Oca, d'allevamento, solo carne, cotto, arrosto"
172415,"Oca, fegato, crudo"
172416,"Faraona, carne e pelle, crudo"
172417,"Fagiano, coscia, solo carne, crudo"
172418,"Quaglia, carne e pelle, crudo"
172419,"Quaglia, solo carne, crudo"
172420,"Lenticchie, crudo"
172421,"Lenticchie, secchi, cotto, lessato, senza sale"
172422,"Fagioli di Lima, a semi sottili (baby), secchi, cotto, lessato, senza sale"
172423,"Lupini, secchi, crudo"
172424,"Lupini, secchi, cotto, lessato, senza sale"
172425,"Fagioli moth, secchi, crudo"
172426,"Fagioli moth, secchi, cotto, lessato, senza sale"
172427,"Fagioli urd, secchi, cotto, lessato, senza sale"
172428,"Piselli, verde, decorticati spezzati, secchi, crudo"
172429,"Piselli, decorticati spezzati, secchi, cotto, lessato, senza sale"
172430,"Arachidi, tutti i tipi, crudo"
172431,"Arachidi, spagnolo, tostato in olio, con sale"
172432,"Arachidi, valencia, crudo"
172433,"Arachidi, valencia, tostato in olio, con sale"
172434,"Arachidi, virginia, crudo"
172435,"Farina di arachidi, a basso contenuto di grassi"
172436,"Cajanus (red gram), secchi, crudo"
172437,"Cajanus (red gram), secchi, cotto, lessato, senza sale"
172438,"Fagioli rifritti, in scatola, stile tradizionale"
172439,"Bacon, senza carne"
172440,"Soia, secchi, arrosto, salato"
172441,"Soia, secchi, tostato a secco"
172442,Miso
172443,Natto
172444,"Farina di soia, a basso contenuto di grassi"
172445,"Farina di soia, sgrassata, crudo"
172446,"Latte di soia, originale e vaniglia, non fortificato"
172447,"Concentrato di proteine di soia, prodotta per estrazione con alcol"
172448,"Tofu, sodo, preparato con solfato di calcio e cloruro di magnesio (nigari)"
172449,"Tofu, morbido, preparato con solfato di calcio e cloruro di magnesio (nigari)"
172450,"Tofu, essiccato-congelato (koyadofu)"
172451,"Tofu, fritto"
172452,Okara
172453,"Fagioli alati, secchi, cotto, lessato, senza sale"
172454,"Hummus, fatto in casa"
172455,"Falafel, fatto in casa"
172456,"Latte di soia, originale e vaniglia, con calcio aggiunto, vitamine A e D"
172457,"Crema spalmabile di arachidi, a ridotto contenuto di zuccheri"
172458,"Burro di arachidi, liscio, a ridotto contenuto di grassi"
172459,"Burro di arachidi, liscio, fortificato con vitamine e minerali"
172460,"Burro di arachidi, a pezzi, fortificato con vitamine e minerali"
172461,"MORI-NU, Tofu, silken, sodo"
172462,"MORI-NU, Tofu, silken, extra sodo"
172463,"MORI-NU, Tofu, silken, light sodo"
172464,"MORI-NU, Tofu, silken, light extra sodo"
172465,"Fagioli rifritti, in scatola, senza grassi"
172466,Frijoles rojos volteados (fagioli rossi rifritti in scatola)
172467,"Tempeh, cotto"
172468,"Vitasoy USA, Nasoya Lite Firm Tofu"
172469,"Burro di arachidi, a pezzi, senza sale"
172470,"Burro di arachidi, vellutato, senza sale"
172471,"Burro di arachidi con omega-3, cremoso"
172472,"Cajanus (red gram), secchi, cotto, lessato, con sale"
172473,"Salsa di soia da soia e grano (shoyu), a basso contenuto di sodio"
172474,"Salsa di soia, a ridotto contenuto di sodio, da proteine vegetali idrolizzate"
172475,"Tofu, crudo, sodo, preparato con solfato di calcio"
172476,"Tofu, crudo, normale, preparato con solfato di calcio"
172477,"Fagioli alati, secchi, cotto, lessato, con sale"
172478,"Vitello, australiano, costata, arrosto di costata, solo magro, crudo"
172479,"Agnello, insieme di tagli rifilati, magro e grasso, grasso rifilato a 6 mm, grado choice, crudo"
172480,"Agnello, insieme di tagli rifilati, magro e grasso, grasso rifilato a 6 mm, grado choice, cotto"
172481,"Agnello, stinco anteriore, magro e grasso, grasso rifilato a 6 mm, grado choice, crudo"
172482,"Agnello, stinco anteriore, magro e grasso, grasso rifilato a 6 mm, grado choice, cotto, brasato"
172483,"Agnello, stinco anteriore, solo magro, grasso rifilato a 6 mm, grado choice, crudo"
172484,"Agnello, stinco anteriore, solo magro, grasso rifilato a 6 mm, grado choice, cotto, brasato"
172485,"Agnello, coscia, metà dello stinco, magro e grasso, grasso rifilato a 6 mm, grado choice, cotto, arrosto"
172486,"Agnello, coscia, metà dello stinco, solo magro, grasso rifilato a 6 mm, grado choice, crudo"
172487,"Agnello, coscia, metà dello stinco, solo magro, grasso rifilato a 6 mm, grado choice, cotto, arrosto"
172488,"Agnello, coscia, metà scamone, magro e grasso, grasso rifilato a 6 mm, grado choice, crudo"
172489,"Agnello, lombata, magro e grasso, grasso rifilato a 6 mm, grado choice, cotto, grigliato"
172490,"Agnello, lombata, magro e grasso, grasso rifilato a 6 mm, grado choice, cotto, arrosto"
172491,"Agnello, lombata, solo magro, grasso rifilato a 6 mm, grado choice, crudo"
172492,"Agnello, lombata, solo magro, grasso rifilato a 6 mm, grado choice, cotto, grigliato"
172493,"Agnello, costata, solo magro, grasso rifilato a 6 mm, grado choice, crudo"
172494,"Agnello, costata, solo magro, grasso rifilato a 6 mm, grado choice, cotto, grigliato"
172495,"Agnello, costata, solo magro, grasso rifilato a 6 mm, grado choice, cotto, arrosto"
172496,"Agnello, spalla, intera (braccio e paletta), magro e grasso, grasso rifilato a 6 mm, grado choice, crudo"
172497,"Agnello, spalla, intera (braccio e paletta), magro e grasso, grasso rifilato a 6 mm, grado choice, cotto, brasato"
172498,"Agnello, spalla, intera (braccio e paletta), solo magro, grasso rifilato a 6 mm, grado choice, cotto, grigliato"
172499,"Agnello, spalla, intera (braccio e paletta), solo magro, grasso rifilato a 6 mm, grado choice, cotto, arrosto"
172500,"Agnello, spalla, braccio, magro e grasso, grasso rifilato a 6 mm, grado choice, crudo"
172501,"Agnello, spalla, braccio, magro e grasso, grasso rifilato a 6 mm, grado choice, cotto, brasato"
172502,"Agnello, spalla, braccio, solo magro, grasso rifilato a 6 mm, grado choice, cotto, grigliato"
172503,"Agnello, spalla, braccio, solo magro, grasso rifilato a 6 mm, grado choice, cotto, arrosto"
172504,"Agnello, spalla, paletta, magro e grasso, grasso rifilato a 6 mm, grado choice, crudo"
172505,"Agnello, spalla, paletta, magro e grasso, grasso rifilato a 6 mm, grado choice, cotto, brasato"
172506,"Agnello, spalla, paletta, solo magro, grasso rifilato a 6 mm, grado choice, cotto, grigliato"
172507,"Agnello, spalla, paletta, solo magro, grasso rifilato a 6 mm, grado choice, cotto, arrosto"
172508,"Agnello, a cubetti per spezzatino o spiedini (coscia e spalla), solo magro, grasso rifilato a 6 mm, crudo"
172509,"Agnello, a cubetti per spezzatino o spiedini (coscia e spalla), solo magro, grasso rifilato a 6 mm, cotto, brasato"
172510,"Agnello, a cubetti per spezzatino o spiedini (coscia e spalla), solo magro, grasso rifilato a 6 mm, cotto, grigliato"
172511,"Agnello, Nuova Zelanda, importato, surgelato, insieme di tagli rifilati, grasso separabile, crudo"
172512,"Agnello, Nuova Zelanda, importato, surgelato, insieme di tagli rifilati, grasso separabile, cotto"
172513,"Agnello, Nuova Zelanda, importato, stinco anteriore, magro e grasso, crudo"
172514,"Agnello, Nuova Zelanda, importato, stinco anteriore, magro e grasso, cotto, brasato"
172515,"Agnello, Nuova Zelanda, importato, fettina di coscia, con osso, solo magro, crudo"
172516,"Agnello, Nuova Zelanda, importato, surgelato, coscia, intera (stinco e scamone), solo magro, cotto, arrosto"
172517,"Agnello, Nuova Zelanda, importato, braciola di lombata, magro e grasso, crudo"
172518,"Selvaggina, topo muschiato, crudo"
172519,"Selvaggina, topo muschiato, cotto, arrosto"
172520,"Selvaggina, opossum, cotto, arrosto"
172521,"Selvaggina, coniglio, d'allevamento, insieme di tagli, crudo"
172522,"Selvaggina, coniglio, d'allevamento, insieme di tagli, cotto, arrosto"
172523,"Selvaggina, scoiattolo, crudo"
172524,"Selvaggina, scoiattolo, cotto, arrosto"
172525,"Agnello, frattaglie, cervello, crudo"
172526,"Agnello, frattaglie, cervello, cotto, brasato"
172527,"Agnello, frattaglie, cuore, crudo"
172528,"Agnello, frattaglie, cuore, cotto, brasato"
172529,"Vitello, frattaglie, cuore, crudo"
172530,"Vitello, frattaglie, cuore, cotto, brasato"
172531,"Agnello, frattaglie, fegato, crudo"
172532,"Agnello, frattaglie, fegato, cotto, brasato"
172533,"Agnello, frattaglie, fegato, cotto, in padella"
172534,"Vitello, frattaglie, fegato, crudo"
172535,"Vitello, frattaglie, fegato, cotto, brasato"
172536,"Vitello, frattaglie, polmoni, cotto, brasato"
172537,"Agnello, frattaglie, separato meccanicamente, crudo"
172538,"Agnello, frattaglie, animelle, crudo"
172539,"Agnello, frattaglie, animelle, cotto, brasato"
172540,"Vitello, frattaglie, milza, crudo"
172541,"Vitello, frattaglie, milza, cotto, brasato"
172542,"Vitello, frattaglie, animelle di timo, crudo"
172543,"Vitello, frattaglie, animelle di timo, cotto, brasato"
172544,"Agnello, macinato, cotto, grigliato"
172545,"Agnello, insieme di tagli rifilati, magro e grasso, grasso rifilato a 3 mm, grado choice, crudo"
172546,"Agnello, insieme di tagli rifilati, magro e grasso, grasso rifilato a 3 mm, grado choice, cotto"
172547,"Agnello, stinco anteriore, magro e grasso, grasso rifilato a 3 mm, grado choice, crudo"
172548,"Agnello, coscia, metà dello stinco, magro e grasso, grasso rifilato a 3 mm, grado choice, cotto, arrosto"
172549,"Agnello, coscia, metà scamone, magro e grasso, grasso rifilato a 3 mm, grado choice, crudo"
172550,"Agnello, coscia, metà scamone, magro e grasso, grasso rifilato a 3 mm, grado choice, cotto, arrosto"
172551,"Agnello, lombata, magro e grasso, grasso rifilato a 3 mm, grado choice, crudo"
172552,"Agnello, costata, magro e grasso, grasso rifilato a 3 mm, grado choice, cotto, arrosto"
172553,"Agnello, spalla, intera (braccio e paletta), magro e grasso, grasso rifilato a 3 mm, grado choice, crudo"
172554,"Agnello, spalla, intera (braccio e paletta), magro e grasso, grasso rifilato a 3 mm, grado choice, cotto, brasato"
172555,"Agnello, spalla, intera (braccio e paletta), magro e grasso, grasso rifilato a 3 mm, grado choice, cotto, grigliato"
172556,"Agnello, spalla, paletta, magro e grasso, grasso rifilato a 3 mm, grado choice, crudo"
172557,"Agnello, spalla, paletta, magro e grasso, grasso rifilato a 3 mm, grado choice, cotto, brasato"
172558,"Agnello, spalla, paletta, magro e grasso, grasso rifilato a 3 mm, grado choice, cotto, grigliato"
172559,"Agnello, spalla, paletta, magro e grasso, grasso rifilato a 3 mm, grado choice, cotto, arrosto"
172560,"Agnello, Nuova Zelanda, importato, surgelato, coscia, intera (stinco e scamone), magro e grasso, grasso rifilato a 3 mm, crudo"
172561,"Agnello, Nuova Zelanda, importato, surgelato, coscia, intera (stinco e scamone), magro e grasso, grasso rifilato a 3 mm, cotto, arrosto"
172562,"Agnello, Nuova Zelanda, importato, surgelato, lombata, magro e grasso, grasso rifilato a 3 mm, crudo"
172563,"Agnello, Nuova Zelanda, importato, surgelato, lombata, magro e grasso, grasso rifilato a 3 mm, cotto, grigliato"
172564,"Selvaggina, bisonte, scamone, solo magro, grasso rifilato a 0 mm, crudo"
172565,"Selvaggina, bisonte, entrecôte, solo magro, grasso rifilato a 0 mm, crudo"
172566,"Selvaggina, bisonte, polpa di spalla, solo magro, grasso rifilato a 0 mm, crudo"
172567,"Vitello, petto, grasso separabile, cotto"
172568,"Vitello, stinco (anteriore e posteriore), magro e grasso, crudo"
172569,"Vitello, stinco (anteriore e posteriore), magro e grasso, cotto, brasato"
172570,"Vitello, stinco (anteriore e posteriore), solo magro, crudo"
172571,"Vitello, stinco (anteriore e posteriore), solo magro, cotto, brasato"
172572,"Agnello, australiano, importato, fresco, grasso separabile, crudo"
172573,"Agnello, australiano, importato, fresco, grasso separabile, cotto"
172574,"Agnello, australiano, importato, fresco, stinco anteriore, magro e grasso, grasso rifilato a 3 mm, crudo"
172575,"Agnello, australiano, importato, fresco, stinco anteriore, magro e grasso, grasso rifilato a 3 mm, cotto, brasato"
172576,"Agnello, australiano, importato, fresco, coscia, intera (stinco e scamone), solo magro, grasso rifilato a 3 mm, crudo"
172577,"Agnello, australiano, importato, fresco, coscia, intera (stinco e scamone), solo magro, grasso rifilato a 3 mm, cotto, arrosto"
172578,"Agnello, australiano, importato, fresco, coscia, metà dello stinco, magro e grasso, grasso rifilato a 3 mm, crudo"
172579,"Agnello, australiano, importato, fresco, coscia, metà dello stinco, magro e grasso, grasso rifilato a 3 mm, cotto, arrosto"
172580,"Agnello, australiano, importato, fresco, coscia, metà dello stinco, solo magro, grasso rifilato a 3 mm, crudo"
172581,"Agnello, australiano, importato, fresco, coscia, metà scamone, disossato, solo magro, grasso rifilato a 3 mm, cotto, arrosto"
172582,"Agnello, australiano, importato, fresco, coscia, braciole di scamone, disossato, magro e grasso, grasso rifilato a 3 mm, crudo"
172583,"Agnello, australiano, importato, fresco, coscia, braciole di scamone, disossato, magro e grasso, grasso rifilato a 3 mm, cotto, grigliato"
172584,"Agnello, australiano, importato, fresco, coscia, braciole di scamone, disossato, solo magro, grasso rifilato a 3 mm, crudo"
172585,"Agnello, australiano, importato, fresco, coscia, fetta centrale, con osso, solo magro, grasso rifilato a 3 mm, cotto, grigliato"
172586,"Agnello, australiano, importato, fresco, lombata, magro e grasso, grasso rifilato a 3 mm, crudo"
172587,"Agnello, australiano, importato, fresco, lombata, magro e grasso, grasso rifilato a 3 mm, cotto, grigliato"
172588,"Agnello, australiano, importato, fresco, lombata, solo magro, grasso rifilato a 3 mm, crudo"
172589,"Agnello, australiano, importato, fresco, costoletta, scalzato, con osso, solo magro, grasso rifilato a 3 mm, cotto, alla griglia"
172590,"Agnello, australiano, importato, fresco, spalla, intera (braccio e paletta), magro e grasso, grasso rifilato a 3 mm, crudo"
172591,"Agnello, australiano, importato, fresco, spalla, intera (braccio e paletta), magro e grasso, grasso rifilato a 3 mm, cotto"
172592,"Agnello, australiano, importato, fresco, spalla, intera (braccio e paletta), solo magro, grasso rifilato a 3 mm, crudo"
172593,"Agnello, australiano, importato, fresco, spalla, intera (braccio e paletta), solo magro, grasso rifilato a 3 mm, cotto"
172594,"Agnello, australiano, importato, fresco, spalla, paletta, magro e grasso, grasso rifilato a 3 mm, crudo"
172595,"Agnello, australiano, importato, fresco, spalla, paletta, magro e grasso, grasso rifilato a 3 mm, cotto, grigliato"
172596,"Agnello, australiano, importato, fresco, spalla, paletta, solo magro, grasso rifilato a 3 mm, crudo"
172597,"Agnello, australiano, importato, fresco, spalla, paletta, solo magro, grasso rifilato a 3 mm, cotto, grigliato"
172598,"Selvaggina, bisonte, reale, polpa di spalla, solo magro, crudo"
172599,"Selvaggina, bisonte, entrecôte, solo magro, bistecca da 2,5 cm, cotto, grigliato"
172600,"Selvaggina, bisonte, fesa, solo magro, bistecca da 2,5 cm, cotto, grigliato"
172601,"Selvaggina, bisonte, fesa, solo magro, bistecca da 2,5 cm, crudo"
172602,"Selvaggina, cervo, macinato, crudo"
172603,"Selvaggina, cervo, macinato, cotto, in padella senza grassi"
172604,"Selvaggina, cervo, lombata, solo magro, bistecca da 2,5 cm, cotto, grigliato"
172605,"Selvaggina, cervo, polpa di spalla, solo magro, cotto, brasato"
172606,"Vitello, australiano, stinco, posteriore, con osso, solo magro, crudo"
172607,"Vitello, australiano, stinco, posteriore, con osso, magro e grasso, crudo"
172608,"Agnello, australiano, macinato, 85% magro / 15% grasso, crudo"
172609,"Agnello, Nuova Zelanda, importato, Grasso intermuscolare, cotto"
172610,"Agnello, Nuova Zelanda, importato, petto, solo magro, cotto, brasato"
172611,"Agnello, Nuova Zelanda, importato, petto, solo magro, crudo"
172612,"Agnello, Nuova Zelanda, importato, culatta, disossato, solo magro, cotto, arrosto veloce"
172613,"Agnello, Nuova Zelanda, importato, grasso sottocutaneo, cotto"
172614,"Agnello, Nuova Zelanda, importato, fegato, cotto, ammollato e fritto"
172615,"Agnello, Nuova Zelanda, importato, fegato, crudo"
172616,"Agnello, Nuova Zelanda, importato, agnello macinato, cotto, brasato"
172617,"Agnello, Nuova Zelanda, importato, agnello macinato, crudo"
172618,"Agnello, Nuova Zelanda, importato, testicoli, cotto, ammollato e fritto"
172619,"Agnello, Nuova Zelanda, importato, testicoli, crudo"
172620,"Agnello, Nuova Zelanda, importato, lingua (taglio svizzero), cotto, ammollato e sobbollito"
172621,"Agnello, Nuova Zelanda, importato, lingua (taglio svizzero), crudo"
172622,"Agnello, Nuova Zelanda, importato, filetto, solo magro, cotto, fritto veloce"
172623,"Agnello, Nuova Zelanda, importato, filetto, solo magro, crudo"
172624,"Agnello, Nuova Zelanda, importato, sella, solo magro, cotto, arrosto veloce"
172625,"Agnello, Nuova Zelanda, importato, sella, solo magro, crudo"
172626,"Agnello, Nuova Zelanda, importato, braciole di collo, solo magro, cotto, brasato"
172627,"Agnello, Nuova Zelanda, importato, spalla in rete, arrotolato, disossato, solo magro, cotto, arrosto lento"
172628,"Agnello, Nuova Zelanda, importato, spalla in rete, arrotolato, disossato, solo magro, crudo"
172629,"Agnello, Nuova Zelanda, importato, carré completamente scalzato, solo magro, cotto, arrosto veloce"
172630,"Agnello, Nuova Zelanda, importato, bavetta di fianco, disossato, magro e grasso, cotto, brasato"
172631,"Agnello, Nuova Zelanda, importato, bavetta di fianco, disossato, magro e grasso, crudo"
172632,"Agnello, Nuova Zelanda, importato, stinco posteriore, magro e grasso, cotto, brasato"
172633,"Agnello, Nuova Zelanda, importato, stinco posteriore, magro e grasso, crudo"
172634,"Agnello, Nuova Zelanda, importato, lombata, disossato, magro e grasso, cotto, arrosto veloce"
172635,"Agnello, Nuova Zelanda, importato, lombata, disossato, magro e grasso, crudo"
172636,"Agnello, Nuova Zelanda, importato, braciole di collo, magro e grasso, cotto, brasato"
172637,"Agnello, Nuova Zelanda, importato, braciole di collo, magro e grasso, crudo"
172638,"Agnello, Nuova Zelanda, importato, spalla in rete, arrotolato, disossato, magro e grasso, cotto, arrosto lento"
172639,"Agnello, Nuova Zelanda, importato, filetto, magro e grasso, cotto, fritto veloce"
172640,"Agnello, Nuova Zelanda, importato, carré completamente scalzato, magro e grasso, cotto, arrosto veloce"
172641,"Agnello, Nuova Zelanda, importato, carré completamente scalzato, magro e grasso, crudo"
172642,"Agnello, Nuova Zelanda, importato, coscia disossata a tunnel, senza culatta, senza stinco, magro e grasso, cotto, arrosto lento"
172643,"Vitello, coscia, fesa, senza copertina, fettina, disossato, crudo"
172644,"Vitello, lombata, braciola, solo magro, cotto, alla griglia"
172645,"Vitello, stinco, solo magro, crudo"
172646,"Vitello, stinco anteriore, ossobuco, solo magro, cotto, brasato"
172647,"Vitello, solo grasso intermuscolare, cotto"
172648,"Vitello, stinco, magro e grasso, crudo"
172649,"Vitello, stinco anteriore, ossobuco, magro e grasso, cotto, brasato"
172650,"Vitello, lombata, braciola, magro e grasso, cotto, alla griglia"
172651,"Vitello, spalla, braciola di paletta, magro e grasso, cotto, alla griglia"
172652,"Agnello, australiano, importato, fresco, filetto, disossato, solo magro, grasso rifilato a 3 mm, crudo"
172653,"Agnello, australiano, importato, fresco, coscia, inferiore, disossato, solo magro, grasso rifilato a 3 mm, crudo"
172654,"Agnello, australiano, importato, fresco, coscia, senza zampetto, con osso, solo magro, grasso rifilato a 3 mm, cotto, arrosto"
172655,"Agnello, australiano, importato, fresco, coscia, senza zampetto, con osso, solo magro, grasso rifilato a 3 mm, crudo"
172656,"Agnello, australiano, importato, fresco, grasso intermuscolare, cotto"
172657,"Agnello, australiano, importato, fresco, grasso intermuscolare, crudo"
172658,"Agnello, australiano, importato, fresco, coscia, inferiore, disossato, magro e grasso, grasso rifilato a 3 mm, cotto, arrosto"
172659,"Agnello, australiano, importato, fresco, coscia, inferiore, disossato, magro e grasso, grasso rifilato a 3 mm, crudo"
172660,"Agnello, australiano, importato, fresco, filetto, disossato, magro e grasso, grasso rifilato a 3 mm, crudo"
172661,"Agnello, australiano, importato, fresco, costoletta, scalzato, denudato, con osso, solo magro, grasso rifilato a 0 mm, cotto, alla griglia"
172662,"Agnello, australiano, importato, fresco, carré, arrosto, scalzato, denudato, con osso, magro e grasso, grasso rifilato a 0 mm, cotto, arrosto"
172663,"Agnello, australiano, importato, fresco, carré, arrosto, scalzato, con osso, magro e grasso, grasso rifilato a 3 mm, cotto, arrosto"
172664,"Bagel, cannella e uvetta"
172665,"Bagel, cannella e uvetta, tostato"
172666,"Bagel, crusca d'avena"
172667,"Biscuit, naturale o al latticello, surgelato, al forno"
172668,"Biscuit, naturale o al latticello, impasto refrigerato, più grasso"
172669,"Biscuit, naturale o al latticello, impasto refrigerato, più grasso, al forno"
172670,"Biscuit, naturale o al latticello, fatto in casa"
172671,"Biscuit, ai cereali misti, impasto refrigerato"
172672,"Pane, di grano spezzato"
172673,"Pane, uovo"
172674,"Pane, uovo, tostato"
172675,"Pane, francese o viennese (incluso a lievitazione naturale)"
172676,"Pane, crusca d'avena"
172677,"Pane, crusca d'avena, tostato"
172678,"Pane, fiocchi d'avena"
172679,"Pane, fiocchi d'avena, tostato"
172680,"Pane, uvetta, arricchito"
172681,"Pane, uvetta, arricchito, tostato"
172682,"Pane, a ridotto contenuto calorico, crusca d'avena"
172683,"Pane, a ridotto contenuto calorico, crusca d'avena, tostato"
172684,"Pane, segale"
172685,"Pane, segale, tostato"
172686,"Pane, grano"
172687,"Pane, grano, tostato"
172688,"Pane, integrale, di produzione industriale"
172689,"Pane, integrale, di produzione industriale, tostato"
172690,"Pane, integrale, fatto in casa"
172691,"Pane, integrale, fatto in casa, tostato"
172692,"Pane, ripieno, pane di mais, preparato in polvere"
172693,"Pane, ripieno, pane di mais, preparato in polvere, preparato"
172694,"Torta, angel food, di produzione industriale"
172695,"Torta, angel food, preparato in polvere, preparato"
172696,"Torta, boston cream pie, di produzione industriale"
172697,"Torta, cioccolato, fatta in casa senza glassa"
172698,"Torta, bianco, fatta in casa con glassa al cocco"
172699,"Torta, torta da colazione, formaggio"
172700,"Torta, torta da colazione, alla cannella con crumble, di produzione industriale, arricchito"
172701,"Torta, pan di zenzero, preparato in polvere"
172702,"Torta, pan di zenzero, fatto in casa"
172703,"Torta, rovesciata all'ananas, fatto in casa"
172704,"Torta, pound, di produzione industriale, al burro (fresca e surgelata)"
172705,"Torta, bianco, preparato in polvere, dietetico speciale (incluso al limone)"
172706,"Torta, pan di Spagna, di produzione industriale"
172707,"Torta, pan di Spagna, fatto in casa"
172708,"Torta, tipo budino, bianco, arricchito, preparato in polvere"
172709,"Torta, bianco, fatta in casa senza glassa"
172710,"Torta, giallo, fatta in casa senza glassa"
172711,"Torta, cheesecake, di produzione industriale"
172712,"Torta, cheesecake, preparato da miscela, tipo senza cottura"
172713,"Biscotti, brownie, di produzione industriale"
172714,"Biscotti, wafer al cioccolato"
172715,"Biscotti, con gocce di cioccolato, di produzione industriale, normale, a ridotto contenuto di grassi"
172716,"Biscotti, con gocce di cioccolato, di produzione industriale, normale, più grasso, arricchito"
172717,"Biscotti, con gocce di cioccolato, di produzione industriale, tipo morbido"
172718,"Biscotti, al cioccolato ripieni, con ripieno alla crema, normale"
172719,"Biscotti, al cioccolato ripieni, con ripieno alla crema, normale, ricoperto di cioccolato"
172720,"Biscotti, al cioccolato ripieni, con ripieno extra di crema"
172721,"Biscotti, barrette ai fichi"
172722,"Biscotti, della fortuna"
172723,"Biscotti, marshmallow, ricoperti di cioccolato (incluse marshmallow pie)"
172724,"Biscotti, melassa"
172725,"Biscotti, fiocchi d'avena, di produzione industriale, normale"
172726,"Biscotti, fiocchi d'avena, di produzione industriale, tipo morbido"
172727,"Biscotti, burro di arachidi, di produzione industriale, normale"
172728,"Biscotti, burro di arachidi, di produzione industriale, tipo morbido"
172729,"Biscotti, burro di arachidi, impasto refrigerato"
172730,"Biscotti, burro di arachidi, impasto refrigerato, al forno"
172731,"Biscotti, brownie, preparato in polvere, senza zucchero"
172732,"Biscotti, con gocce di cioccolato, di produzione industriale, dietetico speciale"
172733,"Biscotti, al cioccolato ripieni, con ripieno alla crema, dietetico speciale"
172734,"Biscotti, fiocchi d'avena, di produzione industriale, dietetico speciale"
172735,"Biscotti, zucchero, impasto refrigerato, al forno"
172736,"Biscotti, wafer zuccherati con ripieno di crema, normale"
172737,"Biscotti, alla vaniglia con ripieno di crema"
172738,"Pasta sfoglia, surgelato, pronto da cuocere, al forno"
172739,"Cracker, pane croccante, segale"
172740,"Cracker, matzo, naturale"
172741,"Cracker, matzo, uovo"
172742,"Cracker, matzo, integrale"
172743,"Cracker, segale, tipo sandwich con ripieno al formaggio"
172744,"Cracker, segale, wafer, naturale"
172745,"Cracker, segale, wafer, condito"
172746,"Cracker, saltine (inclusi oyster, soda, da zuppa)"
172747,"Cracker, grano, sandwich, con ripieno al formaggio"
172748,"Cracker, grano, sandwich, con ripieno al burro di arachidi"
172749,"Cracker, integrale"
172750,"Cracker, farina"
172751,"Crostini, naturale"
172752,"Crostini, condito"
172753,"Sfoglia danese, cannella, arricchito"
172754,"Sfoglia danese, formaggio"
172755,"Sfoglia danese, frutta, arricchito (incluso mela, cannella, uvetta, limone, lampone, fragola)"
172756,"Ciambelle fritte, cruller francesi, glassato"
172757,"Ciambelle fritte, lievitato con lievito, con ripieno alla crema"
172758,"Ciambelle fritte, lievitato con lievito, glassato, arricchito (incluse honey buns)"
172759,"Ciambelle fritte, lievitato con lievito, con ripieno di gelatina"
172760,"Muffin, inglese, uvetta e cannella, tostato (incluso mela e cannella)"
172761,"Muffin, inglese, grano"
172762,"Muffin, inglese, integrale"
172763,"French toast, surgelato, pronto da riscaldare"
172764,"Muffin, naturale, fatto in casa, con latte parzialmente scremato"
172765,"Muffin, mirtillo, di produzione industriale (inclusi mini muffin)"
172766,"Muffin, mirtillo, preparato in polvere"
172767,"Muffin, mirtillo, da tostapane"
172768,"Muffin, mirtillo, fatto in casa, con latte parzialmente scremato"
172769,"Muffin, crusca d'avena"
172770,"Muffin, crusca di grano, preparato in polvere"
172771,"Pancake semplici, surgelato, pronto da riscaldare (incluso al latticello)"
172772,"Pancake, naturale, preparato in polvere, completo (incluso al latticello)"
172773,"Pancake, mirtillo, fatto in casa"
172774,"Pancake, grano saraceno, preparato in polvere, incompleto"
172775,"Pancake, dietetico speciale, preparato in polvere"
172776,"Pancake, integrale, preparato in polvere, incompleto"
172777,"Torta ripiena, crema di banana, fatto in casa"
172778,"Torta ripiena, mirtillo, di produzione industriale"
172779,"Torta ripiena, mirtillo, fatto in casa"
172780,"Torta ripiena, ciliegia, di produzione industriale"
172781,"Torta ripiena, ciliegia, fatto in casa"
172782,"Torta ripiena, crema al cocco, di produzione industriale"
172783,"Torta ripiena, crema all'uovo, di produzione industriale"
172784,"Torta ripiena, tortine fritte, frutta"
172785,"Torta ripiena, meringa al limone, di produzione industriale"
172786,"Torta ripiena, pecan, fatto in casa"
172787,"Torta ripiena, zucca, di produzione industriale"
172788,"Torta ripiena, zucca, fatto in casa"
172789,"Torta ripiena, crema alla vaniglia, fatto in casa"
172790,"Pasta sfoglia, surgelato, pronto da cuocere"
172791,Pasta fillo
172792,"Popover, preparato in polvere, arricchito"
172793,"Panini, da tavola, naturale, di produzione industriale (incluso da dorare e servire)"
172794,"Panini, da tavola, integrale"
172795,"Panini, francese"
172796,"Panini, per hamburger o hot dog, naturale"
172797,"Panini, per hamburger o hot dog, ai cereali misti"
172798,"Brioche, cannella, impasto refrigerato con glassa"
172799,"Brioche, cannella, impasto refrigerato con glassa, al forno"
172800,"Gusci per taco, al forno"
172801,"Merendine da tostapane, zucchero di canna e cannella"
172802,Sfoglie per wonton (incluse sfoglie per involtini)
172803,"Agenti lievitanti, lievito in polvere, a doppia azione, solfato di sodio e alluminio"
172804,"Agenti lievitanti, lievito in polvere, a doppia azione, a fosfato semplice"
172805,"Agenti lievitanti, lievito in polvere, a basso contenuto di sodio"
172806,"Pane, pangrattato, secco, grattugiato, condito"
172807,"Biscotti, fiocchi d'avena, fatto in casa, senza uvetta"
172808,"Biscotti, con gocce di cioccolato, fatto in casa, con burro"
172809,"Pane, proteico, (incluso al glutine), tostato"
172810,"Panini, da tavola, naturale, fatto in casa, con latte parzialmente scremato"
172811,"Base per torta, tipo biscotto, fatto in casa, cracker graham, refrigerato"
172812,"Cracker, matzo, uovo e cipolla"
172813,"Base per torta, tipo biscotto, fatto in casa, wafer alla vaniglia, refrigerato"
172814,"Base per torta, tipo standard, fatto in casa, non cotto"
172815,"Pane, pane di mais, preparato in polvere, non arricchito (incluso preparato per muffin di mais)"
172816,"Pane, pita, bianco, non arricchito"
172817,"Pane, uvetta, non arricchito"
172818,"Pane, bianco, di produzione industriale, a basso contenuto di sodio, senza sale"
172819,"Biscotti, burro, di produzione industriale, non arricchito"
172820,"Biscotti, con gocce di cioccolato, di produzione industriale, normale, più grasso, non arricchito"
172821,"Biscotti, savoiardi, senza succo e scorza di limone"
172822,"Cracker, fette biscottate melba, naturale, senza sale"
172823,"Cracker, integrale, a basso contenuto di sale"
172824,"Sfoglia danese, cannella, non arricchito"
172825,"Sfoglia danese, frutta, non arricchito (incluso mela, cannella, uvetta, fragola)"
172826,"Pane, bianco, di produzione industriale, tostato, a basso contenuto di sodio senza sale"
172827,"Sfoglia danese, limone, non arricchito"
172828,"Muffin inglesi, naturale, non arricchito, con propionato di calcio (incluso a lievitazione naturale)"
172829,"Quaglia, petto, solo carne, crudo"
172830,"Pollo, pollo da carne, allo spiedo, barbecue, ala, carne e pelle"
172831,"Fagiano di monte, carne di petto, senza pelle, crudo"
172832,"Emù, macinato, crudo"
172833,"Emù, macinato, cotto, in padella senza grassi"
172834,"Emù, culatta intera, cotto, grigliato"
172835,"Emù, fuso interno, crudo"
172836,"Emù, fusi interni, cotto, grigliato"
172837,"Emù, fuso esterno, crudo"
172838,"Emù, ostrica, crudo"
172839,"Struzzo, fesa interna, crudo"
172840,"Struzzo, fesa interna, cotto"
172841,"Struzzo, controfiletto interno, crudo"
172842,"Struzzo, controfiletto interno, cotto"
172843,"Struzzo, ostrica, cotto"
172844,"Struzzo, coscia, crudo"
172845,"Struzzo, filetto, crudo"
172846,"Struzzo, punta rifilata, crudo"
172847,"Tacchino, macinato, senza grassi, crudo"
172848,"Tacchino, macinato, senza grassi, sbriciolato in padella"
172849,"Tacchino, macinato, senza grassi, hamburger, grigliato"
172850,"Tacchino, macinato, 93% magro, 7% grasso, crudo"
172851,"Tacchino, macinato, 93% magro, 7% grasso, sbriciolato in padella"
172852,"Pollo, polli da carne, carne scura, fuso, solo carne, cotto, brasato"
172853,"Pollo, polli da carne, carne scura, sovracoscia, solo carne, cotto, brasato"
172854,"Pollo, pelle (fusi e sovracosce), cotto, brasato"
172855,"Pollo, pelle (fusi e sovracosce), crudo"
172856,"Pollo, carne scura, fuso, solo carne, con soluzione aggiunta, cotto, arrosto"
172857,"Pollo, carne scura, fuso, solo carne, con soluzione aggiunta, cotto, brasato"
172858,"Pollo, carne scura, sovracoscia, solo carne, con soluzione aggiunta, cotto, brasato"
172859,"Pollo, carne scura, sovracoscia, solo carne, con soluzione aggiunta, crudo"
172860,"Pollo, carne scura, fuso, carne e pelle, con soluzione aggiunta, crudo"
172861,"Pollo, carne scura, fuso, carne e pelle, con soluzione aggiunta, cotto, arrosto"
172862,"Pollo, carne scura, sovracoscia, carne e pelle, con soluzione aggiunta, cotto, brasato"
172863,"Pollo, carne scura, sovracoscia, carne e pelle, con soluzione aggiunta, crudo"
172864,"Tacchino intero, carne bianca, solo carne, con soluzione aggiunta, crudo"
172865,"Tacchino intero, carne bianca, solo carne, con soluzione aggiunta, cotto, arrosto"
172866,"Tacchino, pelle dell'intero (carne bianca e scura), con soluzione aggiunta, crudo"
172867,"Tacchino, pelle dell'intero, (bianca e scura), con soluzione aggiunta, arrosto"
172868,"Tacchino, intero, solo carne, con soluzione aggiunta, crudo"
172869,"Tacchino, intero, solo carne, con soluzione aggiunta, arrosto"
172870,"Tacchino, intero, carne e pelle, con soluzione aggiunta, crudo"
172871,"Tacchino, intero, carne e pelle, con soluzione aggiunta, arrosto"
172872,"Tacchino, parti al dettaglio, ala, solo carne, cotto, arrosto"
172873,"Tacchino, pelle, da parti al dettaglio, da carne scura, crudo"
172874,"Tacchino, pelle, da parti al dettaglio, da carne scura, cotto, arrosto"
172875,"Tacchino, parti al dettaglio, fuso, solo carne, crudo"
172876,"Tacchino, petto, dall'intero animale, solo carne, con soluzione aggiunta, crudo"
172877,"Tacchino, parti al dettaglio, sovracoscia, solo carne, cotto, arrosto"
172878,"Tacchino, parti al dettaglio, fuso, solo carne, cotto, arrosto"
172879,"Salsa, prugna, pronto da servire"
172880,"Salsa, pizza, in scatola, pronto da servire"
172881,"Zuppa, vellutata di pomodoro, in scatola, condensato"
172882,"Zuppa, pomodoro, in scatola, condensato"
172883,"Zuppa, brodo, manzo, fatto in casa"
172884,"Zuppa, brodo, pollo, fatto in casa"
172885,"Zuppa, brodo, pesce, fatto in casa"
172886,"Salsa, hoisin, pronto da servire"
172887,"Zuppa, crema di funghi, in scatola, condensato, a ridotto contenuto di sodio"
172888,"Zuppa, brodo di pollo, a ridotto contenuto di sodio, pronto da servire"
172889,"Zuppa, brodo di manzo, a ridotto contenuto di sodio, pronto da servire"
172890,"Salsa, teriyaki, pronto da servire, a ridotto contenuto di sodio"
172891,"Zuppa, crema di asparagi, in scatola, preparato con pari volume di latte"
172892,"Zuppa, pollo e verdure con patate e formaggio, a pezzi, pronto da servire"
172893,"Zuppa, crema di sedano, in scatola, preparato con pari volume di latte"
172894,"Zuppa, formaggio, in scatola, preparato con pari volume di latte"
172895,"Zuppa, zuppa di ostriche, in scatola, preparato con pari volume di latte"
172896,"Zuppa, pisello, verde, in scatola, preparato con pari volume di latte"
172897,"Zuppa, crema di patate, in scatola, preparato con pari volume di latte"
172898,"Zuppa, crema di gamberetti, in scatola, preparato con pari volume di latte parzialmente scremato"
172899,"Zuppa, HEALTHY CHOICE Chicken and Rice Soup, in scatola"
172900,"Zuppa, HEALTHY CHOICE Garden Vegetable Soup, in scatola"
172901,"CAMPBELL'S, crema di funghi, condensato"
172902,"Zuppa, vellutata di pomodoro, in scatola, preparato con pari volume di latte"
172903,"Zuppa, fagioli neri, in scatola, preparato con pari volume d'acqua"
172904,"Zuppa, fagioli con maiale, in scatola, preparato con pari volume d'acqua"
172905,"Zuppa, fagioli con würstel, in scatola, preparato con pari volume d'acqua"
172906,"Zuppa, manzo e pasta, in scatola, preparato con pari volume d'acqua"
172907,"Zuppa, crema di sedano, in scatola, preparato con pari volume d'acqua"
172908,"Zuppa, gumbo di pollo, in scatola, preparato con pari volume d'acqua"
172909,"Zuppa, pollo e pasta, in scatola, preparato con pari volume d'acqua"
172910,"Zuppa, pollo con riso, in scatola, preparato con pari volume d'acqua"
172911,"Zuppa, chili di manzo, in scatola, preparato con pari volume d'acqua"
172912,"CAMPBELL'S CHUNKY, Old Fashioned Vegetable Beef Soup"
172913,"Zuppa, minestrone, in scatola, preparato con pari volume d'acqua"
172914,"Zuppa, funghi e orzo, in scatola, preparato con pari volume d'acqua"
172915,"Zuppa, crema di funghi, in scatola, preparato con pari volume d'acqua"
172916,"Zuppa, pisello, spezzati con prosciutto, in scatola, preparato con pari volume d'acqua"
172917,"Zuppa, crema di patate, in scatola, preparato con pari volume d'acqua"
172918,"Zuppa, crema di gamberetti, in scatola, preparato con pari volume d'acqua"
172919,"Zuppa, pomodoro e manzo con pasta, in scatola, preparato con pari volume d'acqua"
172920,"Zuppa, pomodoro e riso, in scatola, preparato con pari volume d'acqua"
172921,"Zuppa, verdure con brodo di manzo, in scatola, preparato con pari volume d'acqua"
172922,"Zuppa, brodo di manzo o dado, in polvere, preparato con acqua"
172923,"Zuppa, brodo di manzo, a cubetti, preparato con acqua"
172924,"Zuppa, brodo di pollo o dado, secco, preparato con acqua"
172925,"Zuppa, pollo e pasta, secco, preparato, preparato con acqua"
172926,"Polpettone con olive, maiale"
172927,"Pastrami, tacchino"
172928,"Paté, fegato di pollo, in scatola"
172929,"Paté, fegato d'oca, affumicato, in scatola"
172930,"Paté, fegato, non specificato, in scatola"
172931,"Luxury loaf, maiale"
172932,"Mother's loaf, maiale"
172933,"Picnic loaf, maiale, manzo"
172934,"Salsiccia di maiale, salsiccia o hamburger, non preparato"
172935,"Salame, cotto, manzo"
172936,"Salame, cotto, manzo e maiale"
172937,"Salame, cotto, tacchino"
172938,"Salame, secco o duro, maiale"
172939,"Salsiccia, salsiccia affumicata, maiale e manzo (con latte scremato in polvere aggiunto)"
172940,"Thüringer, cervelat, salame estivo, manzo, maiale"
172941,"Petto di tacchino, a fette, preconfezionato"
172942,"Salsiccia, viennese, in scatola, pollo, manzo, maiale"
172943,"Salsiccia arrotolata al miele, manzo"
172944,"Oscar Mayer, Braunschweiger salsiccia di fegato (a fette)"
172945,"Oscar Mayer, Petto di pollo (glassato al miele)"
172946,"Oscar Mayer, Prosciutto (tritato nei suoi succhi)"
172947,"Oscar Mayer, Salame (duro)"
172948,"Salsiccia, tacchino, maiale, e manzo, a basso contenuto di grassi, affumicato"
172949,"Würstel, manzo, maiale, e tacchino, senza grassi"
172950,"Carne in scatola da affettare, maiale, prosciutto, e pollo, tritato fine, in scatola, a ridotto contenuto di sodio, acido ascorbico aggiunto, incluso SPAM, 25% di sodio in meno"
172951,"Carne in scatola da affettare, maiale con prosciutto, tritato fine, in scatola, incluso Spam (Hormel)"
172952,"Salsiccia, italiano, dolce, salsicce"
172953,"Salsiccia, polacca, manzo con pollo, piccante"
172954,"Salsiccia, polacca, maiale e manzo, affumicato"
172955,"Salsiccia, maiale e manzo, con cheddar, affumicato"
172956,"Bratwurst, manzo e maiale, affumicato"
172957,"Bratwurst, pollo, cotto"
172958,"Bratwurst, maiale, manzo e tacchino, light, affumicato"
172959,"Pastrami, manzo, 98% senza grassi"
172960,"Yachtwurst, con pistacchi, cotto"
172961,"Beerwurst, maiale e manzo"
172962,"Petto di pollo, senza grassi, gusto mesquite, a fette"
172963,"Petto di pollo, arrosto al forno, senza grassi, a fette"
172964,"Würstel, maiale"
172965,"Polpettone di maccheroni e formaggio, pollo, maiale e manzo"
172966,"Salame, italiano, maiale e manzo, secco, a fette, 50% di sodio in meno"
172967,"Paté, gusto tartufo"
172968,"Würstel, carne"
172969,"Scrapple, maiale"
172970,"Mortadella, pollo, tacchino, maiale"
172971,"Salsiccia di maiale, salsiccia o hamburger, completamente cotto, al microonde"
172972,"Cereali, QUAKER, QUAKER MultiGrain Oatmeal, secco"
172973,"Cereali da colazione, mais soffiato glassato al cioccolato"
172974,"Cereali da colazione, QUAKER, Toasted Multigrain Crisps"
172975,"Cereali da colazione, QUAKER, QUAKER 100% Natural Granola with Oats, grano, Miele, e uvetta"
172976,"Cereali da colazione, QUAKER, Low Fat 100% Natural Granola with Raisins"
172977,"Cereali, QUAKER, semola di mais istantanea, gusto burro, secco"
172978,"Cereali, crusca d'avena, QUAKER, QUAKER/MOTHER'S Oat Bran, preparato con acqua, sale"
172979,"Cereali, QUAKER, QUAKER MultiGrain Oatmeal, preparato con acqua, senza sale"
172980,"Cereali, QUAKER, QUAKER MultiGrain Oatmeal, preparato con acqua, sale"
172981,"Cereali da colazione, HEALTH VALLEY, FIBER 7 Flakes"
172982,"Cereali da colazione, MALT-O-MEAL, BERRY COLOSSAL CRUNCH"
172983,"Cereali da colazione, MALT-O-MEAL, riso croccante"
172984,"Cereali da colazione, MALT-O-MEAL, TOOTIE FRUITIES"
172985,"Cereali da colazione, QUAKER, MOTHER'S PEANUT BUTTER BUMPERS Cereal"
172986,"Cereali da colazione, QUAKER, MOTHER'S Toasted Oat Bran cereal"
172987,"Cereali da colazione, QUAKER, Shredded Wheat, cereali in sacchetto"
172988,"Cereali da colazione, SUN COUNTRY, KRETSCHMER Wheat Germ, normale"
172989,"Cereali, QUAKER, avena a cottura rapida, secco"
172990,"Cereali da colazione, MALT-O-MEAL, fiocchi glassati"
172991,"Cereali, QUAKER, Fiocchi d'avena istantanei, uvetta e spezie, secco"
172992,"Cereali, QUAKER, semola di mais istantanea, Redeye Gravy & Country Ham flavor, secco"
172993,"Cereali, QUAKER, semola istantanea al gusto formaggio americano, secco"
172994,"Cereali, QUAKER, semola di mais istantanea, gusto prosciutto e formaggio, secco"
172995,"Cereali da colazione, MALT-O-MEAL, HONEY GRAHAM SQUARES"
172996,"Cereali da colazione, MALT-O-MEAL, cereali crusca e uvetta"
172997,"Cereali da colazione, MALT-O-MEAL, Blueberry MUFFIN TOPS Cereal"
172998,"Cereali, MALT-O-MEAL, Farina Hot Wheat Cereal, secco"
172999,"Cereali, MALT-O-MEAL, Maple & Brown Sugar Hot Wheat Cereal, secco"
173000,"Cereali da colazione, MALT-O-MEAL, Frosted Mini SPOONERS"
173001,"Cereali da colazione, MALT-O-MEAL, Fruity DYNO-BITES"
173002,"Cereali da colazione, RALSTON Enriched Wheat Bran flakes"
173003,"Cereali da colazione, RALSTON Corn Biscuits"
173004,"Cereali, MALT-O-MEAL, cioccolato, preparato con acqua, senza sale"
173005,"Cereali da colazione, POST GREAT GRAINS Cranberry Almond Crunch"
173006,Barretta di cereali riso e grano
173007,"Cereali da colazione, QUAKER, QUAKER Honey Graham LIFE Cereal"
173008,"Cereali, CREAM OF WHEAT, cottura 2 minuti e mezzo, cotto con acqua, sul fornello, senza sale"
173009,"Cereali, CREAM OF WHEAT, cottura 2 minuti e mezzo, cotto con acqua, al microonde, senza sale"
173010,"Cereali, CREAM OF WHEAT, cottura 1 minuto, secco"
173011,"Cereali, CREAM OF WHEAT, cottura 1 minuto, cotto con acqua, sul fornello, senza sale"
173012,"Cereali, CREAM OF WHEAT, cottura 1 minuto, cotto con acqua, al microonde, senza sale"
173013,"Cereali da colazione, QUAKER, Cap'n Crunch's OOPS! All Berries Cereal"
173014,"Cereali da colazione, QUAKER Oatmeal Squares, Golden Maple"
173015,"Cereali da colazione, POST, HONEY BUNCHES OF OATS with vanilla bunches"
173016,"Cereali, QUAKER, Fiocchi d'avena istantanei, cannella e spezie, a ridotto contenuto di zuccheri"
173017,"Cereali da colazione, NATURE'S PATH, Organic FLAX PLUS flakes"
173018,"Cereali da colazione, BARBARA'S PUFFINS, originale"
173019,"Cereali da colazione, POST, HONEY BUNCHES OF OATS, con vere fragole"
173020,"Cereali da colazione, POST HONEY BUNCHES OF OATS with cinnamon bunches"
173021,"Fichi, crudo"
173022,"Fichi, in scatola, al naturale, solidi e liquidi"
173023,"Fichi, in scatola, in sciroppo leggero, solidi e liquidi"
173024,"Fichi, in scatola, in sciroppo denso, solidi e liquidi"
173025,"Fichi, in scatola, in sciroppo molto denso, solidi e liquidi"
173026,"Macedonia, (pesca, ananas, pera, uva e ciliegia), in scatola, sciroppo molto leggero, solidi e liquidi"
173027,"Macedonia, (pesca, ananas, pera, uva e ciliegia), in scatola, sciroppo leggero, solidi e liquidi"
173028,"Macedonia, (pesca, ananas, pera, uva e ciliegia), in scatola, sciroppo denso, solidi e liquidi"
173029,"Macedonia, (pesca, ananas, pera, uva e ciliegia), in scatola, sciroppo molto denso, solidi e liquidi"
173030,"Uva spina, crudo"
173031,"Uva spina, in scatola, in sciroppo leggero, solidi e liquidi"
173032,"Bacche di goji, essiccato"
173033,"Pompelmo, crudo, rosa, rosso e bianco, tutte le aree"
173034,"Pompelmo, crudo, bianco, Florida"
173035,"Pompelmo, spicchi, in scatola, al naturale, solidi e liquidi"
173036,"Pompelmo, spicchi, in scatola, nel proprio succo, solidi e liquidi"
173037,"Pompelmo, spicchi, in scatola, in sciroppo leggero, solidi e liquidi"
173038,"Succo di pompelmo, rosa o rosso, con calcio aggiunto"
173039,"Succo di pompelmo, bianco, crudo"
173040,"Uva, muscadine, crudo"
173041,"Succo d'uva, in scatola o in bottiglia, non zuccherato, con acido ascorbico aggiunto"
173042,"Succo d'uva, in scatola o in bottiglia, non zuccherato, senza acido ascorbico aggiunto"
173043,"Alchechengi, (physalis), crudo"
173044,"Guava, comune, crudo"
173045,"Guava, fragola, crudo"
173046,"Manzo, arrostino di controfiletto, disossato, solo magro, grasso rifilato a 3 mm, tutte le qualità, cotto, arrosto"
173047,"Manzo, arrostino di controfiletto, disossato, solo magro, grasso rifilato a 3 mm, grado choice, cotto, arrosto"
173048,"Manzo, arrostino di controfiletto, disossato, solo magro, grasso rifilato a 3 mm, grado select, cotto, arrosto"
173049,"Manzo, arrostino o filetto di controfiletto, disossato, solo magro, grasso rifilato a 3 mm, tutte le qualità, crudo"
173050,"Manzo, lombata, filetto di scamone, disossato, solo magro, grasso rifilato a 0 mm, grado select, cotto, alla griglia"
173051,"Manzo, lombata, arrostino di scamone, disossato, solo magro, grasso rifilato a 0 mm, tutte le qualità, cotto, arrosto"
173052,"Manzo, lombata, arrostino di scamone, disossato, solo magro, grasso rifilato a 0 mm, grado select, cotto, arrosto"
173053,"Manzo, lombata, arrostino o filetto di scamone, disossato, solo magro, grasso rifilato a 0 mm, tutte le qualità, crudo"
173054,"Manzo, bistecca di copertina di costata, disossato, solo magro, grasso rifilato a 0 mm, tutte le qualità, cotto, alla griglia"
173055,"Manzo, bistecca di copertina di costata, disossato, solo magro, grasso rifilato a 0 mm, grado choice, cotto, alla griglia"
173056,"Manzo, bistecca di copertina di costata, disossato, solo magro, grasso rifilato a 0 mm, grado select, cotto, alla griglia"
173057,"Manzo, bistecca di copertina di costata, disossato, solo magro, grasso rifilato a 0 mm, tutte le qualità, crudo"
173058,"Manzo, arrostino di entrecôte, disossato, solo magro, grasso rifilato a 0 mm, tutte le qualità, cotto, arrosto"
173059,"Manzo, arrostino di entrecôte, disossato, solo magro, grasso rifilato a 0 mm, grado choice, cotto, arrosto"
173060,"Manzo, arrostino di entrecôte, disossato, solo magro, grasso rifilato a 0 mm, grado select, cotto, arrosto"
173061,"Manzo, lombata, bistecca di copertina di scamone, disossato, magro e grasso, grasso rifilato a 3 mm, tutte le qualità, cotto, alla griglia"
173062,"Manzo, lombata, bistecca di copertina di scamone, disossato, magro e grasso, grasso rifilato a 3 mm, grado select, crudo"
173063,"Manzo, filetto di controfiletto, disossato, magro e grasso, grasso rifilato a 3 mm, tutte le qualità, cotto, alla griglia"
173064,"Manzo, filetto di controfiletto, disossato, magro e grasso, grasso rifilato a 3 mm, grado choice, cotto, alla griglia"
173065,"Manzo, filetto di controfiletto, disossato, magro e grasso, grasso rifilato a 3 mm, grado select, cotto, alla griglia"
173066,"Manzo, arrostino o filetto di controfiletto, disossato, magro e grasso, grasso rifilato a 3 mm, grado choice, crudo"
173067,"Manzo, arrostino o filetto di controfiletto, disossato, magro e grasso, grasso rifilato a 3 mm, grado select, crudo"
173068,"Manzo, australiano, importato, allevato a erba, macinato, 85% magro / 15% grasso, crudo"
173069,"Manzo, lombata, bistecca di controfiletto, disossato, con copertina, solo magro, grasso rifilato a 3 mm, grado choice, cotto, alla griglia"
173070,"Manzo, lombata, bistecca di controfiletto, disossato, con copertina, solo magro, grasso rifilato a 3 mm, grado select, cotto, alla griglia"
173071,"Manzo, lombata, bistecca di controfiletto, disossato, con copertina, solo magro, grasso rifilato a 3 mm, tutte le qualità, cotto, alla griglia"
173072,"Manzo, lombata, bistecca di controfiletto, disossato, con copertina, magro e grasso, grasso rifilato a 3 mm, grado choice, crudo"
173073,"Manzo, Nuova Zelanda, importato, punta di petto (parte grassa), solo magro, cotto, brasato"
173074,"Manzo, Nuova Zelanda, importato, punta di petto (parte grassa), solo magro, crudo"
173075,"Manzo, Nuova Zelanda, importato, cuore di reale, solo magro, crudo"
173076,"Manzo, Nuova Zelanda, importato, cuore di reale, solo magro, cotto, brasato"
173077,"Manzo, Nuova Zelanda, importato, bavetta, solo magro, cotto, brasato"
173078,"Manzo, Nuova Zelanda, importato, bavetta, solo magro, crudo"
173079,"Manzo, Nuova Zelanda, importato, piatto, solo magro, cotto, brasato"
173080,"Manzo, Nuova Zelanda, importato, piatto, solo magro, crudo"
173081,"Manzo, Nuova Zelanda, importato, frattaglie, cuore, cotto, lessato"
173082,"Manzo, Nuova Zelanda, importato, grasso intermuscolare, cotto"
173083,"Manzo, Nuova Zelanda, importato, grasso intermuscolare, crudo"
173084,"Manzo, Nuova Zelanda, importato, frattaglie, rene, cotto, lessato"
173085,"Manzo, Nuova Zelanda, importato, noce, cotto, fritto veloce"
173086,"Manzo, Nuova Zelanda, importato, manzo da lavorazione, crudo"
173087,"Manzo, Nuova Zelanda, importato, paletta (oyster blade), solo magro, cotto, brasato"
173088,"Manzo, Nuova Zelanda, importato, paletta (oyster blade), solo magro, crudo"
173089,"Manzo, Nuova Zelanda, importato, costine preparate, cotto, arrosto veloce"
173090,"Manzo, Nuova Zelanda, importato, grasso sottocutaneo, cotto"
173091,"Manzo, Nuova Zelanda, importato, grasso sottocutaneo, crudo"
173092,"Manzo, Nuova Zelanda, importato, animelle, cotto, lessato"
173093,"Manzo, Nuova Zelanda, importato, animelle, crudo"
173094,"Manzo, Nuova Zelanda, importato, filetto, solo magro, cotto, fritto veloce"
173095,"Manzo, Nuova Zelanda, importato, frattaglie, trippa cotta, lessato"
173096,"Manzo, Nuova Zelanda, importato, frattaglie, trippa cruda, crudo"
173097,"Manzo, Nuova Zelanda, importato, polpa di spalla (bolar), magro e grasso, cotto, arrosto veloce"
173098,"Manzo, Nuova Zelanda, importato, polpa di spalla (bolar), magro e grasso, crudo"
173099,"Manzo, Nuova Zelanda, importato, cuore di reale, magro e grasso, cotto, brasato"
173100,"Manzo, Nuova Zelanda, importato, cuore di reale, magro e grasso, crudo"
173101,"Manzo, Nuova Zelanda, importato, cube roll (costata disossata), magro e grasso, cotto, arrosto veloce"
173102,"Manzo, Nuova Zelanda, importato, cube roll (costata disossata), magro e grasso, crudo"
173103,"Manzo, Nuova Zelanda, importato, piatto, magro e grasso, crudo"
173104,"Manzo, Nuova Zelanda, importato, stinco posteriore, magro e grasso, cotto, brasato"
173105,"Manzo, Nuova Zelanda, importato, stinco posteriore, magro e grasso, crudo"
173106,"Manzo, Nuova Zelanda, importato, paletta (oyster blade), magro e grasso, cotto, brasato"
173107,"Manzo, Nuova Zelanda, importato, controfiletto, magro e grasso, crudo"
173108,"Manzo, Nuova Zelanda, importato, filetto, magro e grasso, cotto, fritto veloce"
173109,"Manzo, Nuova Zelanda, importato, filetto, magro e grasso, crudo"
173110,"Manzo, macinato, 93% magro / 7% grasso, crudo"
173111,"Manzo, macinato, 97% magro / 3% grasso, crudo"
173112,"Manzo, macinato, 97% magro / 3% grasso, hamburger, cotto, grigliato"
173113,"Manzo, macinato, 97% magro / 3% grasso, hamburger, cotto, in padella senza grassi"
173114,"Manzo, macinato, 97% magro / 3% grasso, in forma, cotto, al forno"
173115,"Manzo, coscia, sottofesa, bistecca, solo magro, grasso rifilato a 3 mm, grado choice, cotto, brasato"
173116,"Manzo, lombata corta, controfiletto, bistecca, solo magro, grasso rifilato a 3 mm, grado choice, crudo"
173117,"Manzo, filetto, bistecca, solo magro, grasso rifilato a 3 mm, grado choice, cotto, grigliato"
173118,"Manzo, scamone, bistecca, solo magro, grasso rifilato a 3 mm, grado choice, cotto, grigliato"
173119,"Manzo, lombata corta, controfiletto, bistecca, solo magro, grasso rifilato a 3 mm, grado choice, cotto, grigliato"
173120,"Manzo, coscia, girello, arrosto, solo magro, grasso rifilato a 3 mm, grado select, crudo"
173121,"Manzo, coscia, fesa, bistecca, solo magro, grasso rifilato a 3 mm, grado select, crudo"
173122,"Manzo, coscia, sottofesa, arrosto, solo magro, grasso rifilato a 3 mm, grado select, crudo"
173123,"Manzo, costata, parte posteriore (coste 10-12), solo magro, grasso rifilato a 3 mm, tutte le qualità, cotto, grigliato"
173124,"Manzo, scamone inferiore, punta di scamone (tri-tip), solo magro, grasso rifilato a 0 mm, grado select, crudo"
173125,"Manzo, coscia, noce, arrosto, solo magro, grasso rifilato a 0 mm, tutte le qualità, crudo"
173126,"Manzo, coscia, noce, arrosto, solo magro, grasso rifilato a 0 mm, grado choice, crudo"
173127,"Manzo, coscia, noce, arrosto, solo magro, grasso rifilato a 0 mm, grado select, crudo"
173128,"Manzo, punta di petto, metà piatta, magro e grasso, grasso rifilato a 3 mm, grado choice, crudo"
173129,"Manzo, punta di petto, metà piatta, magro e grasso, grasso rifilato a 3 mm, grado select, crudo"
173130,"Manzo, punta di petto, metà piatta, magro e grasso, grasso rifilato a 3 mm, grado choice, cotto, brasato"
173131,"Snack, popcorn, microonde, 94% senza grassi"
173132,"Barretta formulata, MARS SNACKFOOD US, SNICKERS MARATHON Double Chocolate Nut Bar"
173133,"Snack, M&M MARS, KUDOS Whole Grain Bars, burro di arachidi"
173134,"Barretta formulata, MARS SNACKFOOD US, SNICKERS MARATHON Honey Nut Oat Bar"
173135,"Snack, M&M MARS, KUDOS Whole Grain Bar, M&M's milk chocolate"
173136,"Barretta formulata, MARS SNACKFOOD US, SNICKERS MARATHON Energy Bar, tutti i gusti"
173137,"Barretta formulata, POWER BAR, cioccolato"
173138,"Barretta formulata, MARS SNACKFOOD US, COCOAVIA, Chocolate Blueberry Snack Bar"
173139,"Barretta formulata, SLIM-FAST OPTIMA meal bar, cioccolato al latte e arachidi"
173140,"Snack, chips di soia, salato"
173141,"Popcorn, microonde, gusto normale (burro), con olio di palma"
173142,"Snack, chips di platano, salato"
173143,"Tortilla chips, giallo, naturale, salato"
173144,"Snack, barretta di granola, KASHI GOLEAN, croccante, gusti misti"
173145,"Snack, barretta di granola, morbido, a ridotto contenuto di zuccheri, tutti i gusti"
173146,"Snack, bocconcini di granola, gusti misti"
173147,"Snack, chips di pita, salato"
173148,"Snack, barrette di granola, morbido, mandorla, copertura per dolci"
173149,"Barretta formulata, ad alto contenuto di fibre, morbido, avena e cioccolato"
173150,"Snack, chips di bagel, naturale"
173151,"Snack, NUTRI-GRAIN FRUIT AND NUT BAR"
173152,"Snack, chips di manioca, salato"
173153,"Snack, barretta di granola, GENERAL MILLS, NATURE VALLEY, CHEWY TRAIL MIX"
173154,"Snack, barretta di granola, QUAKER, DIPPS, tutti i gusti"
173155,"Snack, chips di riso integrale"
173156,"Snack, Pretzel, ricoperto di cioccolato duro"
173157,"Snack, piselli, arrosto, gusto wasabi"
173158,"Barretta formulata, SOUTH BEACH protein bar"
173159,"Snack, BALANCE, barretta originale"
173160,"Snack, cracker di gamberetti"
173161,Cracker di riso
173162,"Bevande, MONSTER energy drink, a basso contenuto di carboidrati"
173163,"Bevande, Preparato per whiskey sour, in polvere"
173164,"Bevanda alcolica, whiskey sour, preparato con acqua, whiskey e preparato in polvere"
173165,"Bevande, The COCA-COLA company, NOS energy drink, originale, uva, loaded cherry, charged citrus, fortificato con vitamine B6 e B12"
173166,"Bevande, acqua, in bottiglia, yumberry, melograno con antiossidanti, zero calorie"
173167,"Bevande, ABBOTT, EAS whey protein powder"
173168,"Bevanda alcolica, crème de menthe, 36% vol"
173169,"Bevande, NESTLE, Boost plus, bevanda nutrizionale, pronto da bere"
173170,"Bevande, SLIMFAST, Sostituto del pasto, frullato ad alto contenuto proteico, pronto da bere, 3-2-1 Plan"
173171,"Bevande, UNILEVER, SLIMFAST, sostituto del pasto, normale, pronto da bere, 3-2-1 Plan"
173172,"Bevande, UNILEVER, SLIMFAST Shake Mix, in polvere, 3-2-1 Plan"
173173,"Bevande, FUZE, arancia e mango, fortificato con vitamine A, C, E, B6"
173174,"Bevande, UNILEVER, SLIMFAST Shake Mix, ad alto contenuto proteico, siero di latte in polvere, 3-2-1 Plan"
173175,"Bevande, Bevanda alle bacche di açaí, fortificato"
173176,"Bevanda alcolica, vino, dessert, dolce"
173177,"Bevande, Isolato di proteine del siero in polvere"
173178,"Bevande, Succo d'arancia, leggero, senza polpa"
173179,"Bevande, The COCA-COLA company, Hi-C Flashin' Fruit Punch"
173180,"Bevande, Proteine in polvere a base di siero"
173181,"Bevande, Proteine in polvere a base di soia"
173182,"Bevande, cioccolato intenso, in polvere"
173183,"Bevande, GEROLSTEINER BRUNNEN GmbH & Co. KG (Gerolsteiner), naturalmente frizzante, acqua minerale in bottiglia"
173184,"Bevande, malto al cioccolato, in polvere, preparato con latte scremato"
173185,"Bevanda alcolica, vino, da tavola, tutti"
173186,"Bevande, V8 SPLASH Smoothies, pesca e mango"
173187,"Bevande, latte di mandorla al cioccolato, non zuccherato, a lunga conservazione, fortificato con vitamine D2 ed E"
173188,"Bevande, The COCA-COLA company, Glaceau Vitamin Water, Revive Fruit Punch, fortificato"
173189,"Bevande, Minute Maid, Lemonada, Bevanda al lime"
173190,"Bevanda alcolica, vino, da tavola, rosso"
173191,"Bevanda alcolica, vino, da tavola, rosso, Barbera"
173192,"Bevanda alcolica, vino, da tavola, rosso, Zinfandel"
173193,"Bevanda alcolica, vino, da tavola, rosso, Petite Sirah"
173194,"Bevanda alcolica, vino, da tavola, rosso, Claret"
173195,"Bevanda alcolica, vino, da tavola, bianco, Chenin Blanc"
173196,"Bevanda alcolica, vino, da tavola, bianco, Fumé Blanc"
173197,"Bevande, Bevanda al succo misto di verdura e frutta, con nutrienti aggiunti"
173198,"Bevanda alcolica, vino, da tavola, bianco, Müller Thurgau"
173199,"Bevanda gassata, cream soda"
173200,"Bevanda alcolica, vino, da tavola, bianco, Riesling"
173201,"Bevanda alcolica, vino, da tavola, bianco, Sauvignon Blanc"
173202,"Bevanda alcolica, vino, da tavola, bianco, vendemmia tardiva"
173203,"Bevande, gassato, soda all'uva"
173204,"Bevande, gassato, a basso contenuto calorico, diversa da cola o pepper, senza caffeina"
173205,"Bevande, gassato, soda limone e lime, senza caffeina"
173206,"Bevande, gassato, SPRITE, limone e lime, senza caffeina"
173207,"Bevande, gassato, a basso contenuto calorico, diversa da cola o pepper, con aspartame, contiene caffeina"
173208,"Bevanda alcolica, vino, da tavola, rosso, Borgogna"
173209,"Bevande, gassato, tipo pepper, contiene caffeina"
173210,"Bevande, Bevanda energetica, RED BULL"
173211,"Bevande, tè, nero, pronto da bere, decaffeinato, dietetico"
173212,"Bevande, tè, nero, pronto da bere, decaffeinato"
173213,"Bevande, bevanda al succo d'uva, in scatola"
173214,"Bevande, Bevanda al succo di mirtillo rosso"
173215,"Bevande, SNAPPLE, tè, nero e verde, pronto da bere, pesca, dietetico"
173216,"Limonata, concentrato surgelato, bianco"
173217,"Limonata, concentrato surgelato, bianco, preparato con acqua"
173218,"Bevande, SNAPPLE, tè, nero e verde, pronto da bere, limone, dietetico"
173219,"Bevande, Preparato per bevanda al malto, naturale, con nutrienti aggiunti, in polvere, preparato con latte intero"
173220,"Bevande, Preparato per bevanda al malto, naturale, in polvere, a base di latte"
173221,"Bevande, Preparato per bevanda al malto, naturale, in polvere, preparato con latte intero"
173222,"Bevande, OVALTINE, polvere di malto al cioccolato"
173223,"Bevande, bevanda al succo di arancia e albicocca, in scatola"
173224,"Bevande, bevanda al succo di ananas e pompelmo, in scatola"
173225,"Bevande, bevanda al succo di ananas e arancia, in scatola"
173226,"Frullato, fast food, vaniglia"
173227,"Bevande, tè, nero, in infusione, preparato con acqua del rubinetto"
173228,"Bevande, tè, istantaneo, decaffeinato, limone, dietetico"
173229,"Bevande, tè, istantaneo, decaffeinato, limone, zuccherato"
173230,"Bevande, tè, istantaneo, non zuccherato, in polvere"
173231,"Bevande, tè, istantaneo, limone, dietetico"
173232,"Bevande, tè, alle erbe, diversa dalla camomilla, in infusione"
173233,"Bevande, acqua, in bottiglia, PERRIER"
173234,"Bevande, acqua, in bottiglia, POLAND SPRING"
173235,"Bevande, bevanda al gusto arancia, da colazione, in polvere"
173236,"Bevande, bevanda al gusto arancia, da colazione, in polvere, preparato con acqua"
173237,"Bevande, Bevanda al gusto arancia, da colazione, a basso contenuto calorico, in polvere"
173238,"Muffin inglesi, naturale, non arricchito, senza propionato di calcio (incluso a lievitazione naturale)"
173239,"Torta ripiena, mela, di produzione industriale, farina non arricchita"
173240,"Torta ripiena, tortine fritte, ciliegia"
173241,"Tortilla, pronto da cuocere o friggere, mais, senza sale aggiunto"
173242,"Tortilla, pronto da cuocere o friggere, farina, senza calcio aggiunto"
173243,"Torta, pound, di produzione industriale, senza grassi"
173244,"Torta, giallo, leggero, preparato in polvere"
173245,"Archway Home Style Cookies, amaretto al cocco"
173246,"Archway Home Style Cookies, Date Filled Oatmeal"
173247,"Archway Home Style Cookies, Dutch Cocoa"
173248,"Archway Home Style Cookies, Frosty Lemon"
173249,"Archway Home Style Cookies, Iced Molasses"
173250,"Archway Home Style Cookies, Old Fashioned Molasses"
173251,"Archway Home Style Cookies, Old Fashioned Windmill Cookies"
173252,"Archway Home Style Cookies, burro di arachidi"
173253,"Archway Home Style Cookies, Raspberry Filled"
173254,"George Weston Bakeries, Brownberry Sage and Onion Stuffing Mix, secco"
173255,"Keebler, Keebler Chocolate Graham SELECTS"
173256,"Continental Mills, Krusteaz Almond Poppyseed Muffin Mix, aromatizzato artificialmente, secco"
173257,"Mckee Baking, Little Debbie Nutty Bars, wafer con burro di arachidi, ricoperto di cioccolato"
173258,"Nabisco, Nabisco Ritz Crackers"
173259,"Pillsbury, biscuit al latticello, aroma artificiale, impasto refrigerato"
173260,"Pillsbury, biscotti con gocce di cioccolato, impasto refrigerato"
173261,"Pillsbury, Crusty French Loaf, impasto refrigerato"
173262,"Farina di sorgo, raffinato, non arricchito"
173263,"Riso, scuro, parboiled, cotto, UNCLE BENS"
173264,"Pasta, senza glutine, farina di riso ed estratto di crusca di riso, cotto, DE BOLES"
173265,"Pasta, senza glutine, farina di mais e riso, cotto"
173266,"Fast food, biscuit, con uovo e bacon"
173267,"Fast food, biscuit, con uovo e prosciutto"
173268,"Fast food, biscuit, con filetto di pollo croccante"
173269,"Fast food, croissant, con uovo, formaggio, e bacon"
173270,"Fast food, croissant, con uovo, formaggio, e prosciutto"
173271,"Fast food, croissant, con uovo, formaggio, e salsiccia"
173272,"Fast food, uovo, strapazzate"
173273,"Fast food, patate, patate rosolate, pezzi rotondi o hamburger"
173274,"Fast food, vaniglia, leggero, gelato soft, con cono"
173275,"Fast food, sundae, caramello"
173276,"Fast food, sundae, salsa calda al cioccolato"
173277,"Fast food, burrito, con fagioli e manzo"
173278,"Fast food, burrito, con fagioli, formaggio, e manzo"
173279,"PIZZA HUT pizza al salame piccante da 30 cm, impasto steso a mano"
173280,"PIZZA HUT pizza al salame piccante da 30 cm, impasto alto (pan)"
173281,"PIZZA HUT 12"" Super Supreme Pizza, impasto steso a mano"
173282,"DOMINO'S pizza al formaggio da 35 cm, impasto classico steso a mano"
173283,"DOMINO'S pizza al formaggio da 35 cm, impasto alto Deep Dish"
173284,"PAPA JOHN'S pizza al formaggio da 35 cm, impasto originale"
173285,"PAPA JOHN'S 14"" Pepperoni Pizza, impasto originale"
173286,"PAPA JOHN'S 14"" The Works Pizza, impasto originale"
173287,"PAPA JOHN'S pizza al formaggio da 35 cm, impasto sottile"
173288,"LITTLE CAESARS 14"" Pepperoni Pizza, impasto alto grande"
173289,"LITTLE CAESARS pizza al formaggio da 35 cm, impasto sottile"
173290,"PIZZA HUT pizza al formaggio da 35 cm, impasto steso a mano"
173291,"PIZZA HUT pizza al formaggio da 35 cm, impasto alto (pan)"
173292,"Fast food, Catena di pizzerie, pizza da 35 cm, con formaggio, impasto classico"
173293,"Fast food, Catena di pizzerie, pizza da 35 cm, con formaggio, impasto spesso"
173294,"Fast food, Catena di pizzerie, pizza da 35 cm, con formaggio, impasto sottile"
173295,"Fast food, Catena di pizzerie, pizza da 35 cm, con salame piccante, impasto classico"
173296,"Fast food, Catena di pizzerie, pizza da 35 cm, con salame piccante, impasto spesso"
173297,"McDONALD'S, Chicken McNUGGETS"
173298,"McDONALD'S, patate rosolate"
173299,"McDONALD'S, pancake (semplici)"
173300,"McDONALD'S, bacon, Egg & Cheese McGRIDDLES"
173301,"McDONALD'S, Hot Caramel Sundae"
173302,"McDONALD'S, Hot Fudge Sundae"
173303,"McDONALD'S, McFLURRY with M&M'S CANDIES"
173304,"McDONALD'S, McFLURRY with OREO cookies"
173305,"McDONALD'S, McCHICKEN Sandwich"
173306,"McDONALD'S, McCHICKEN (senza maionese)"
173307,"McDONALD'S, Egg McMUFFIN"
173308,"McDONALD'S, Sausage McMUFFIN"
173309,"McDONALD'S, Deluxe Breakfast, con sciroppo e margarina"
173310,"McDONALD'S, Hotcakes and Sausage"
173311,"McDONALD'S, pancake (con 2 porzioni di margarina e sciroppo)"
173312,"McDONALD'S, Bacon Ranch Salad with Grilled Chicken"
173313,"McDONALD'S, Fruit 'n Yogurt Parfait (without granola)"
173314,"McDONALD'S, FILET-O-FISH (senza salsa tartara)"
173315,"BURGER KING, CROISSAN'WICH with Sausage, uovo e formaggio"
173316,"BURGER KING, CROISSAN'WICH with Sausage and Cheese"
173317,"Fast food, hamburger singolo, hamburger grande con condimenti, verdure e maionese"
173318,"Fast food, hamburger singolo, hamburger normale, panino a due piani con condimenti e salsa speciale"
173319,"Fast food, cheeseburger doppio, hamburger normale con condimenti"
173320,"Fast food, cheeseburger doppio, hamburger grande con condimenti"
173321,"Fast food, filetti di pollo impanati"
173322,"Fast food, bagel, con uovo, hamburger di salsiccia, formaggio, e condimenti"
173323,"Fast food, bagel, con bistecca da colazione, uovo, formaggio, e condimenti"
173324,"Gelato light, soft, con confetti di cioccolato al latte"
173325,"Maccheroni al formaggio, piatto pronto in scatola"
173326,"HOT POCKETS, CROISSANT POCKETS Chicken, Broccoli, and Cheddar Stuffed Sandwich, surgelato"
173327,"HOT POCKETS Ham 'N Cheese Stuffed Sandwich, surgelato"
173328,"Ravioli, ripieno di formaggio, in scatola"
173329,"Ravioli, ripieno di carne, con salsa di pomodoro o ragù, in scatola"
173330,"Spezzatino di manzo, piatto pronto in scatola"
173331,"Pot pie di pollo, piatto pronto surgelato, preparato"
173332,"Manzo, corned beef hash, con patate, in scatola"
173333,"Lasagne, formaggio, surgelato, preparato"
173334,"Lasagne con carne e sugo, piatto pronto surgelato"
173335,"Burrito, manzo e fagioli, surgelato"
173336,"Burrito, fagioli e formaggio, surgelato"
173337,"Maccheroni al formaggio, in scatola, per microonde"
173338,"Tacchino, ripieno, purè di patate con sugo, verdure assortite, surgelato, al microonde"
173339,"Ciotola di riso con pollo, piatto pronto surgelato, preparato (incluse varianti fritte, teriyaki e in agrodolce)"
173340,"Maccheroni al formaggio con preparato secco per salsa, in scatola, non cotto"
173341,"Maccheroni al formaggio, preparato in polvere, preparato con latte parzialmente scremato e margarina all'80% da preparato secco"
173342,"Maccheroni al formaggio, piatto pronto surgelato"
173343,Insalata di patate con uovo
173344,Pulled pork in salsa barbecue
173345,"Corn dog, surgelato, preparato"
173346,"Filetti di pollo impanati, impanato, surgelato, preparato"
173347,"RICE-A-RONI, gusto pollo, non preparato"
173348,"Preparato di riso e vermicelli, gusto pollo, preparato con margarina all'80%"
173349,"Manzo, arrosto o bistecca di spalla, disossato, magro e grasso, grasso rifilato a 0 mm, tutte le qualità, crudo"
173350,"Manzo, lombata corta, bistecca porterhouse, magro e grasso, grasso rifilato a 3 mm, tutte le qualità, crudo"
173351,"Manzo, lombata corta, bistecca T-bone, magro e grasso, grasso rifilato a 3 mm, tutte le qualità, cotto, alla griglia"
173352,"Manzo, lombata corta, bistecca T-bone, magro e grasso, grasso rifilato a 3 mm, grado select, crudo"
173353,"Manzo, lombata corta, bistecca T-bone, magro e grasso, grasso rifilato a 3 mm, grado select, cotto, alla griglia"
173354,"Manzo, coscia, noce, noce laterale, bistecca, magro e grasso, grasso rifilato a 0 mm, grado choice, crudo"
173355,"Manzo, reale, polpa di spalla, filetto di spalla, medaglione, magro e grasso, grasso rifilato a 0 mm, grado choice, cotto, alla griglia"
173356,"Manzo, reale, polpa di spalla, filetto di spalla, medaglione, magro e grasso, grasso rifilato a 0 mm, grado select, crudo"
173357,"Manzo, reale, polpa di spalla, bistecche di spalla superiore e centrale, magro e grasso, grasso rifilato a 0 mm, grado choice, crudo"
173358,"Manzo, reale, polpa di spalla, bistecche di spalla superiore e centrale, magro e grasso, grasso rifilato a 0 mm, grado choice, cotto, alla griglia"
173359,"Manzo, reale, polpa di spalla, copertina di spalla, bistecca, magro e grasso, grasso rifilato a 0 mm, grado select, crudo"
173360,"Manzo, reale, polpa di spalla, copertina di spalla, bistecca, magro e grasso, grasso rifilato a 0 mm, grado select, cotto, alla griglia"
173361,"Manzo, coscia, noce, noce centrale, bistecca, magro e grasso, grasso rifilato a 0 mm, grado choice, crudo"
173362,"Manzo, coscia, noce, noce centrale, bistecca, magro e grasso, grasso rifilato a 0 mm, grado choice, cotto, alla griglia"
173363,"Manzo, coscia, noce, noce centrale, bistecca, magro e grasso, grasso rifilato a 0 mm, grado select, crudo"
173364,"Manzo, coscia, sottofesa esterna, sottofesa, bistecca, magro e grasso, grasso rifilato a 0 mm, grado select, cotto, alla griglia"
173365,"Manzo, reale, polpa di spalla, filetto di spalla, medaglione, magro e grasso, grasso rifilato a 0 mm, tutte le qualità, crudo"
173366,"Manzo, reale, polpa di spalla, filetto di spalla, medaglione, magro e grasso, grasso rifilato a 0 mm, tutte le qualità, cotto, alla griglia"
173367,"Manzo, coscia, noce, noce laterale, bistecca, magro e grasso, grasso rifilato a 0 mm, tutte le qualità, crudo"
173368,"Manzo, reale, polpa di spalla, copertina di spalla, bistecca, magro e grasso, grasso rifilato a 0 mm, tutte le qualità, cotto, alla griglia"
173369,"Manzo, coscia, noce, noce centrale, bistecca, magro e grasso, grasso rifilato a 0 mm, tutte le qualità, crudo"
173370,"Manzo, coscia, noce, noce centrale, bistecca, magro e grasso, grasso rifilato a 0 mm, tutte le qualità, cotto, alla griglia"
173371,"Manzo, coscia, sottofesa esterna, sottofesa, bistecca, magro e grasso, grasso rifilato a 0 mm, tutte le qualità, crudo"
173372,"Manzo, arrosto di entrecôte, disossato, con copertina, solo magro, grasso rifilato a 3 mm, grado select, cotto, arrosto"
173373,"Manzo, bistecca di pancia, disossato, diaframma interno, solo magro, grasso rifilato a 0 mm, tutte le qualità, cotto, alla griglia"
173374,"Manzo, bistecca di pancia, disossato, diaframma interno, solo magro, grasso rifilato a 0 mm, tutte le qualità, crudo"
173375,"Manzo, bistecca di pancia, disossato, diaframma interno, solo magro, grasso rifilato a 0 mm, grado choice, cotto, alla griglia"
173376,"Manzo, bistecca di pancia, disossato, diaframma esterno, solo magro, grasso rifilato a 0 mm, tutte le qualità, crudo"
173377,"Manzo, bistecca di pancia, disossato, diaframma esterno, solo magro, grasso rifilato a 0 mm, grado choice, cotto, alla griglia"
173378,"Manzo, bistecca di pancia, disossato, diaframma esterno, solo magro, grasso rifilato a 0 mm, grado choice, crudo"
173379,"Manzo, bistecca di pancia, disossato, diaframma esterno, solo magro, grasso rifilato a 0 mm, grado select, cotto, alla griglia"
173380,"Manzo, entrecôte, disossato, senza copertina, solo magro, grasso rifilato a 0 mm, grado choice, crudo"
173381,"Manzo, entrecôte, disossato, senza copertina, solo magro, grasso rifilato a 0 mm, grado select, cotto, alla griglia"
173382,"Manzo, entrecôte, disossato, senza copertina, solo magro, grasso rifilato a 0 mm, grado select, crudo"
173383,"Manzo, costata, costine del dorso, con osso, solo magro, grasso rifilato a 0 mm, tutte le qualità, cotto, brasato"
173384,"Manzo, costata, costine del dorso, con osso, solo magro, grasso rifilato a 0 mm, grado select, crudo"
173385,"Manzo, entrecôte, con osso, con copertina, magro e grasso, grasso rifilato a 3 mm, grado choice, cotto, alla griglia"
173386,"Manzo, entrecôte, con osso, con copertina, magro e grasso, grasso rifilato a 3 mm, grado select, cotto, alla griglia"
173387,"Manzo, entrecôte, con osso, con copertina, magro e grasso, grasso rifilato a 3 mm, tutte le qualità, cotto, alla griglia"
173388,"Manzo, arrosto di entrecôte, con osso, con copertina, magro e grasso, grasso rifilato a 3 mm, grado choice, cotto, arrosto"
173389,"Manzo, entrecôte (bistecca o arrosto), con osso, con copertina, magro e grasso, grasso rifilato a 3 mm, grado select, crudo"
173390,"Manzo, entrecôte, disossato, con copertina, magro e grasso, grasso rifilato a 3 mm, grado choice, cotto, alla griglia"
173391,"Manzo, entrecôte, disossato, con copertina, magro e grasso, grasso rifilato a 3 mm, grado select, cotto, alla griglia"
173392,"Manzo, entrecôte, disossato, con copertina, magro e grasso, grasso rifilato a 3 mm, tutte le qualità, cotto, alla griglia"
173393,"Manzo, entrecôte (bistecca o arrosto), disossato, con copertina, magro e grasso, grasso rifilato a 3 mm, grado choice, crudo"
173394,"Manzo, entrecôte (bistecca o arrosto), disossato, con copertina, magro e grasso, grasso rifilato a 3 mm, grado select, crudo"
173395,"Manzo, bistecca di pancia, disossato, diaframma interno, magro e grasso, grasso rifilato a 0 mm, tutte le qualità, cotto, alla griglia"
173396,"Manzo, bistecca di pancia, disossato, diaframma interno, magro e grasso, grasso rifilato a 0 mm, grado choice, cotto, alla griglia"
173397,"Manzo, bistecca di pancia, disossato, diaframma esterno, magro e grasso, grasso rifilato a 0 mm, tutte le qualità, cotto, alla griglia"
173398,"Manzo, bistecca di pancia, disossato, diaframma esterno, magro e grasso, grasso rifilato a 0 mm, grado choice, cotto, alla griglia"
173399,"Manzo, bistecca di pancia, disossato, diaframma esterno, magro e grasso, grasso rifilato a 0 mm, grado select, cotto, alla griglia"
173400,"Manzo, bistecca di pancia, disossato, diaframma esterno, magro e grasso, grasso rifilato a 0 mm, tutte le qualità, crudo"
173401,"Manzo, entrecôte, disossato, senza copertina, magro e grasso, grasso rifilato a 0 mm, grado select, cotto, alla griglia"
173402,"Manzo, entrecôte, disossato, senza copertina, magro e grasso, grasso rifilato a 0 mm, tutte le qualità, crudo"
173403,"Manzo, entrecôte, disossato, senza copertina, magro e grasso, grasso rifilato a 0 mm, grado choice, crudo"
173404,"Manzo, entrecôte, disossato, senza copertina, magro e grasso, grasso rifilato a 0 mm, grado select, crudo"
173405,"Manzo, costata, costine del dorso, con osso, magro e grasso, grasso rifilato a 0 mm, grado choice, crudo"
173406,"Manzo, costata, costine del dorso, con osso, magro e grasso, grasso rifilato a 0 mm, grado select, crudo"
173407,"Manzo, lombata, arrostino di scamone, disossato, solo magro, grasso rifilato a 0 mm, grado choice, cotto, arrosto"
173408,"Manzo, lombata, arrostino o filetto di scamone, disossato, solo magro, grasso rifilato a 0 mm, grado choice, crudo"
173409,"Manzo, lombata, bistecca di copertina di scamone, disossato, solo magro, grasso rifilato a 3 mm, grado select, crudo"
173410,"Burro, salato"
173411,"Burro, montata, con sale"
173412,"Olio di burro, anidro"
173413,"Formaggio, cumino dei prati"
173414,"Formaggio, cheddar"
173415,"Formaggio, cheshire"
173416,"Formaggio, colby"
173417,"Formaggio, cottage, a basso contenuto di grassi, 1% di grassi"
173418,"Formaggio, panna"
173419,"Formaggio, edam"
173420,"Formaggio, feta"
173421,"Uovo, tuorlo, crudo, surgelato, pastorizzato"
173422,"Uovo, tuorlo, crudo, surgelato, zuccherato, pastorizzato"
173423,"Uovo, intero, cotto, fritto"
173424,"Uovo, intero, cotto, sodo"
173425,"Uovo, intero, essiccato, stabilizzato, a ridotto glucosio"
173426,"Uovo, bianco, essiccato, fiocchi, stabilizzato, a ridotto glucosio"
173427,"Uovo, bianco, essiccato, in polvere, stabilizzato, a ridotto glucosio"
173428,"Uovo, tuorlo, essiccato"
173429,"Sostituto dell'uovo, in polvere"
173430,"Burro, senza sale"
173431,"Formaggio, parmigiano, sminuzzato"
173432,"Latte, senza grassi, liquido, senza vitamine A e D aggiunte (scremato)"
173433,"Formaggio, capra, tipo semimorbido"
173434,"Yogurt, greco, 2% di grassi, mix al lime, CHOBANI"
173435,"Formaggio, capra, tipo morbido"
173436,"Uovo, tuorlo, crudo, surgelato, salato, pastorizzato"
173437,"Formaggio, messicano, queso asadero"
173438,"Formaggio, messicano, queso chihuahua"
173439,"Formaggio, a basso contenuto di grassi, cheddar o colby"
173440,"Formaggio, a basso contenuto di sodio, cheddar o colby"
173441,"Latte, liquido, 1% di grassi, senza vitamine A e D aggiunte"
173442,"Panna acida, a ridotto contenuto di grassi"
173443,"Panna acida, leggero"
173444,"Panna acida, senza grassi"
173445,"Yogurt, gusto vaniglia o limone, latte scremato, dolcificato con dolcificante ipocalorico"
173446,KRAFT CHEEZ WHIZ LIGHT Pasteurized Process Cheese Product
173447,KRAFT FREE Singles American Nonfat Pasteurized Process Cheese Product
173448,KRAFT VELVEETA Pasteurized Process Cheese Spread
173449,KRAFT VELVEETA LIGHT Reduced Fat Pasteurized Process Cheese Product
173450,"Latte, cioccolato, liquido, commerciale, a ridotto contenuto di grassi, con calcio aggiunto"
173451,"Yogurt, frutta, a basso contenuto di grassi, con dolcificante ipocalorico"
173452,"Formaggio, parmigiano, grattugiato secco, a ridotto contenuto di grassi"
173453,"Sostituto della panna, aromatizzato, liquido"
173454,"Latte, secco, intero, senza vitamina D aggiunta"
173455,"Prodotto a base di formaggio, fuso, americano, a ridotto contenuto di grassi, fortificato con vitamina D"
173456,"Yogurt, frutta, a basso contenuto di grassi, 9 g di proteine per 240 ml, fortificato con vitamina D"
173457,"Yogurt, frutta, a basso contenuto di grassi, 10 g di proteine per 240 ml, fortificato con vitamina D"
173458,"Yogurt, alla frutta, senza grassi, fortificato con vitamina D"
173459,"Integratore proteico, a base di latte, Muscle Milk, in polvere"
173460,"Integratore proteico, a base di latte, Muscle Milk Light, in polvere"
173461,Dulce de leche
173462,"Sostituto dell'uovo, liquido o congelato, senza grassi"
173463,"Yogurt, gusto vaniglia, latte parzialmente scremato, dolcificato con dolcificante ipocalorico"
173464,"Yogurt, surgelato, gusti diversi dal cioccolato, latte scremato, con dolcificante ipocalorico"
173465,"Gelato, soft, cioccolato"
173466,"Gelato, barretta o stecco, ricoperto di cioccolato"
173467,"Gelato senza grassi, senza zuccheri aggiunti, gusti diversi dal cioccolato"
173468,"Sale, da tavola"
173469,"Aceto, sidro"
173470,"Timo, fresco"
173471,Estratto di vaniglia
173472,"Rafano, preparato"
173473,"Rosmarino, fresco"
173474,"Menta piperita, fresco"
173475,"Menta verde, fresco"
173476,"Miscela di condimento, secco, chili, originale"
173477,Clif Z bar
173478,"Alimenti per l'infanzia, caramelle al succo, mix di frutta, per bambini piccoli"
173479,"Alimenti per l'infanzia, carne, manzo, omogeneizzato"
173480,"Alimenti per l'infanzia, carne, prosciutto, junior"
173481,"Alimenti per l'infanzia, carne, agnello, omogeneizzato"
173482,"Alimenti per l'infanzia, carne, agnello, junior"
173483,"Alimenti per l'infanzia, carne, pollo, omogeneizzato"
173484,"Alimenti per l'infanzia, carne, bastoncini di tacchino, junior"
173485,"Alimenti per l'infanzia, snack, GERBER GRADUATE FRUIT STRIPS, Real Fruit Bars"
173486,"Alimenti per l'infanzia, carne, bastoncini di carne, junior"
173487,"Alimenti per l'infanzia, GERBER, 2nd Foods, mela, carota e zucca, biologico"
173488,"Alimenti per l'infanzia, pasto completo, verdure, gnocchetti e manzo, junior"
173489,"Alimenti per l'infanzia, pasto completo, lasagne al manzo, per bambini piccoli"
173490,"Alimenti per l'infanzia, pasto completo, maccheroni, pomodoro e manzo, omogeneizzato"
173491,"Alimenti per l'infanzia, pasto completo, maccheroni, pomodoro e manzo, junior"
173492,"Alimenti per l'infanzia, pasto completo, spaghetti, pomodoro e carne, junior"
173493,"Alimenti per l'infanzia, pasto completo, spaghetti, pomodoro e carne, per bambini piccoli"
173494,"Alimenti per l'infanzia, pasto completo, verdure e manzo, omogeneizzato"
173495,"Alimenti per l'infanzia, pasto completo, verdure e manzo, junior"
173496,"Alimenti per l'infanzia, pasto completo, zuppa di pollo, omogeneizzato"
173497,"Alimenti per l'infanzia, pasto completo, stufato di pollo, per bambini piccoli"
173498,"Alimenti per l'infanzia, pasto completo, verdure e pollo, omogeneizzato"
173499,"Alimenti per l'infanzia, pasto completo, verdure, pasta e pollo, omogeneizzato"
173500,"Alimenti per l'infanzia, pasto completo, tacchino e riso, junior"
173501,"Alimenti per l'infanzia, pasto completo, verdure e tacchino, omogeneizzato"
173502,"Alimenti per l'infanzia, pasto completo, verdure e tacchino, junior"
173503,"Alimenti per l'infanzia, pasto completo, maccheroni al formaggio, omogeneizzato"
173504,"Alimenti per l'infanzia, vegetale, fagiolini e patate"
173505,"Alimenti per l'infanzia, verdure, barbabietole, omogeneizzato"
173506,"Alimenti per l'infanzia, verdure, carote, omogeneizzato"
173507,"Alimenti per l'infanzia, verdure, carote, junior"
173508,"Alimenti per l'infanzia, patate, per bambini piccoli"
173509,"Alimenti per l'infanzia, cereali, fiocchi d'avena, secco, GERBER, SINGLE GRAIN, fortificato"
173510,"Alimenti per l'infanzia, vegetale, zucca butternut e mais"
173511,"Alimenti per l'infanzia, mele, a cubetti, per bambini piccoli"
173512,"Alimenti per l'infanzia, frutta, purea di mele, omogeneizzato"
173513,"Alimenti per l'infanzia, pasto completo, verdure e pollo, junior"
173514,"Alimenti per l'infanzia, pasto completo, verdure miste, omogeneizzato"
173515,"Alimenti per l'infanzia, verdure, verdure miste omogeneizzate"
173516,"Alimenti per l'infanzia, pasto completo, manzo e pasta, junior"
173517,"Alimenti per l'infanzia, mele con prosciutto, omogeneizzato"
173518,"Alimenti per l'infanzia, carote e manzo, omogeneizzato"
173519,"Alimenti per l'infanzia, bevanda, GERBER, GRADUATES, FRUIT SPLASHERS"
173520,"Alimenti per l'infanzia, snack, GERBER, GRADUATES, YOGURT MELTS"
173521,"Alimenti per l'infanzia, pasto completo, patate dolci e pollo, omogeneizzato"
173522,"Latte formulato per lattanti, MEAD JOHNSON, Enfamil 24, pronto all'uso, con ARA e DHA"
173523,"Latte formulato per lattanti, MEAD JOHNSON, Enfamil Enspire Powder, con ARA e DHA, non ricostituito"
173524,"Latte formulato per lattanti, MEAD JOHNSON, Enfamil Reguline, pronto all'uso, con ARA e DHA"
173525,"Latte formulato per lattanti, MEAD JOHNSON, GENTLEASE, pronto all'uso, con ARA e DHA"
173526,"Latte di crescita, MEAD JOHNSON, Nutramigen Toddler with LGG Powder, con ARA e DHA, non ricostituito"
173527,"Latte formulato per lattanti, MEAD JOHNSON, Pregestimil 20 Calories, pronto all'uso, con ARA e DHA"
173528,"Alimenti per l'infanzia, cereali, ad alto contenuto proteico, preparato con latte intero"
173529,"Alimenti per l'infanzia, cereali, misto, preparato con latte intero"
173530,"Alimenti per l'infanzia, cereali, misto, con banane, preparato con latte intero"
173531,"Alimenti per l'infanzia, cereali, fiocchi d'avena, preparato con latte intero"
173532,"Alimenti per l'infanzia, cereali, misto, con miele, preparato con latte intero"
173533,"Alimenti per l'infanzia, cereali, ad alto contenuto proteico, con mela e arancia, preparato con latte intero"
173534,"Alimenti per l'infanzia, cereali, riso, con banane, preparato con latte intero"
173535,"Latte formulato per lattanti, NESTLE, GOOD START SUPREME, con ferro, concentrato liquido, non ricostituito"
173536,"Latte formulato per lattanti, NESTLE, GOOD START SUPREME, con ferro, in polvere"
173537,"Latte formulato per lattanti, MEAD JOHNSON, ENFAMIL, LIPIL, a basso contenuto di ferro, concentrato liquido, con ARA e DHA"
173538,"Latte formulato per lattanti, MEAD JOHNSON, PREGESTIMIL, con ferro, in polvere, con ARA e DHA, non ricostituito"
173539,"Latte formulato per lattanti, MEAD JOHNSON, PREGESTIMIL, con ferro, con ARA e DHA, preparato da polvere"
173540,"Latte formulato per lattanti, MEAD JOHNSON, PROSOBEE, con ferro, pronto all'uso"
173541,"Latte formulato per lattanti, ABBOTT NUTRITION, SIMILAC, ISOMIL, con ferro, pronto all'uso"
173542,"Latte formulato per lattanti, ABBOTT NUTRITION, SIMILAC, ISOMIL, con ferro, concentrato liquido"
173543,"Latte formulato per lattanti, ABBOTT NUTRITION, SIMILAC, ISOMIL, con ferro, in polvere, non ricostituito"
173544,"Latte formulato per lattanti, MEAD JOHNSON, ENFAMIL, NUTRAMIGEN, con ferro, concentrato liquido non ricostituito, con ARA e DHA"
173545,"Latte formulato per lattanti, MEAD JOHNSON, ENFAMIL, PROSOBEE, con ferro, in polvere, non ricostituito, con ARA e DHA"
173546,"Latte formulato per lattanti, ABBOTT NUTRITION, SIMILAC, con ferro, in polvere, non ricostituito"
173547,"Latte formulato per lattanti, MEAD JOHNSON, ENFAMIL, PROSOBEE, concentrato liquido, ricostituito, con ARA e DHA"
173548,"Latte formulato per lattanti, MEAD JOHNSON, PROSOBEE, con ferro, pronto all'uso, con ARA e DHA"
173549,"Latte formulato per lattanti, NESTLE, GOOD START SOY, con DHA e ARA, pronto all'uso"
173550,"Latte formulato per bambini, ABBOTT NUTRITION, PEDIASURE, pronto all'uso, con ferro e fibre"
173551,"Latte formulato per lattanti, NESTLE, GOOD START ESSENTIALS SOY, con ferro, in polvere"
173552,"Latte formulato per lattanti, MEAD JOHNSON, NEXT STEP PROSOBEE, in polvere, non ricostituito"
173553,"Latte formulato per lattanti, MEAD JOHNSON, NEXT STEP PROSOBEE, preparato da polvere"
173554,"Latte formulato per lattanti, PBM PRODUCTS, marca del distributore, in polvere"
173555,"Latte formulato per lattanti, PBM PRODUCTS, marca del distributore, soia, pronto all'uso"
173556,"Latte formulato per lattanti, PBM PRODUCTS, marca del distributore, soia, concentrato liquido, non ricostituito"
173557,"Latte formulato per lattanti, PBM PRODUCTS, marca del distributore, soia, in polvere"
173558,"Latte formulato per lattanti, ABBOTT NUTRITION, SIMILAC, SENSITIVE, (senza lattosio), concentrato liquido, con ARA e DHA"
173559,"Latte formulato per lattanti, ABBOTT NUTRITION, SIMILAC, SENSITIVE, (senza lattosio), in polvere, con ARA e DHA"
173560,"Latte formulato per lattanti, ABBOTT NUTRITION, SIMILAC, ADVANCE, con ferro, pronto all'uso"
173561,"Latte formulato per lattanti, ABBOTT NUTRITION, SIMILAC, ADVANCE, con ferro, in polvere, non ricostituito"
173562,"Condimento per insalata, condimento al formaggio erborinato, commerciale, normale"
173563,"Olio, di cupuaçu"
173564,"Grasso, pollo"
173565,"Olio, di soia, per insalata o cottura, (parzialmente idrogenato) e semi di cotone"
173566,"Grasso vegetale industriale, strutto e olio vegetale"
173567,"Grasso per frittura (uso intensivo), sego di manzo e semi di cotone"
173568,"Grasso vegetale per dolciumi, di cocco e/o palmisto (idrogenati)"
173569,"Grasso vegetale industriale, di soia (idrogenato) e semi di cotone"
173570,"Olio, burro di ucuhuba"
173571,"Grasso, tacchino"
173572,"Grasso, oca"
173573,"Olio, avocado"
173574,"Grasso vegetale per dolci, speciale per torte e glasse, di soia (idrogenato)"
173575,"Grasso vegetale per dolci, speciale per prodotti da forno, di soia (idrogenato), palma e semi di cotone"
173576,"Olio, avena"
173577,"Olio di pesce, di fegato di merluzzo"
173578,"Olio di pesce, sardina"
173579,"Grasso vegetale per dolci, multiuso, di soia e palma (idrogenati)"
173580,"Tipo margarina, crema spalmabile di olio vegetale e burro, in vaschetta, con sale"
173581,"Burro, leggero, in panetto, con sale"
173582,"Tipo margarina, crema spalmabile di olio vegetale, 60% di grassi, in vaschetta, con sale"
173583,"Tipo margarina, crema spalmabile di olio vegetale, 60% di grassi, in panetto, vaschetta o bottiglia, con sale"
173584,"Grasso vegetale per dolci, vegetale, per uso domestico, insieme"
173585,"Margarina, normale, 80% di grassi, insieme, in panetto, senza sale"
173586,"Crema spalmabile tipo margarina con yogurt, circa 40% di grassi, in vaschetta, con sale"
173587,"Margarina, 80% di grassi, in panetto, inclusi oli di mais e soia normali e idrogenati"
173588,"Margarina, crema spalmabile di olio vegetale tipo margarina, 70% di grassi, di soia e soia parzialmente idrogenata, in panetto"
173589,"Margarina spalmabile, 40-49% di grassi, in vaschetta"
173590,"Condimento per insalata, condimento all'italiana, senza grassi"
173591,"Condimento per insalata, condimento ranch, senza grassi"
173592,"Condimento per insalata, condimento ranch, normale"
173593,"Condimento per insalata, condimento ranch, a ridotto contenuto di grassi"
173594,"Condimento per insalata, maionese, leggero"
173595,"Olio, industriale, cocco, uso principale coperture per dolciumi, oli spray, per tostare frutta secca"
173596,"Olio, industriale, di soia (parzialmente idrogenato), uso principale popcorn e condimento verdure"
173597,"Grasso vegetale per dolci, industriale, di soia (parzialmente idrogenato), grasso liquido per frittura"
173598,"Olio, industriale, soia, raffinato, per wok e fritture leggere"
173599,"Grasso vegetale tipo margarina, industriale, di soia (parzialmente idrogenato), di semi di cotone, e soia, uso principale pasta sfoglia"
173600,"Olio, industriale, di palmisto, grasso per dolciumi, usi simili al burro di cacao di alta qualità"
173601,"Olio, industriale, di palmisto (idrogenato), grasso per dolciumi, usi simili al burro duro a 35 °C"
173602,"Olio, industriale, di palmisto (idrogenato), grasso per dolciumi, prodotto di grado intermedio"
173603,"Olio, industriale, di palmisto (idrogenato), grasso per ripieni"
173604,"Olio, industriale, di soia (parzialmente idrogenato), di palma, uso principale glasse e ripieni"
173605,"Margarina, industriale, senza latte, di semi di cotone, olio di soia (parzialmente idrogenato), per pasta sfoglia"
173606,"Grasso vegetale per dolci, industriale, di soia (parzialmente idrogenato) e mais per frittura"
173607,"Grasso vegetale per dolci, industriale, di soia (parzialmente idrogenato) per forno e dolciumi"
173608,"Crema spalmabile tipo margarina, SMART BEAT Super Light without saturated fat"
173609,"Crema spalmabile tipo margarina, SMART BEAT Smart Squeeze"
173610,"Crema spalmabile tipo margarina, SMART BALANCE Omega Plus Spread (with plant sterols & fish oil)"
173611,"Pollo, polli da carne, fuso, carne e pelle, cotto, fritto, farina"
173612,"Pollo, polli da carne, fuso, carne e pelle, cotto, arrosto"
173613,"Pollo, polli da carne, fuso, carne e pelle, cotto, in umido"
173614,"Pollo, polli da carne, carne scura, fuso, solo carne, crudo"
173615,"Pollo, polli da carne, coscia, carne e pelle, cotto, fritto, in pastella"
173616,"Pollo, polli da carne, coscia, carne e pelle, cotto, fritto, farina"
173617,"Pollo, polli da carne, coscia, carne e pelle, cotto, arrosto"
173618,"Pollo, polli da carne, coscia, carne e pelle, cotto, in umido"
173619,"Pollo, polli da carne, coscia, solo carne, crudo"
173620,"Pollo, polli da carne, collo, carne e pelle, cotto, fritto, in pastella"
173621,"Pollo, polli da carne, collo, carne e pelle, cotto, fritto, farina"
173622,"Pollo, polli da carne, collo, carne e pelle, cotto sobbollito"
173623,"Pollo, polli da carne, collo, solo carne, crudo"
173624,"Pollo, polli da carne, sovracoscia, carne e pelle, cotto, fritto, farina"
173625,"Pollo, polli da carne, sovracoscia, carne e pelle, cotto, arrosto"
173626,"Pollo, polli da carne, sovracoscia, carne e pelle, cotto, in umido"
173627,"Pollo, polli da carne, carne scura, sovracoscia, solo carne, crudo"
173628,"Pollo, polli da carne, ala, carne e pelle, cotto, fritto, in pastella"
173629,"Pollo, polli da carne, ala, carne e pelle, cotto, fritto, farina"
173630,"Pollo, polli da carne, ala, carne e pelle, cotto, arrosto"
173631,"Pollo, polli da carne, ala, carne e pelle, cotto, in umido"
173632,"Pollo, polli da carne, ala, solo carne, crudo"
173633,"Pollo, da arrosto, carne e pelle con rigaglie e collo, cotto, arrosto"
173634,"Oca canadese, solo carne di petto, senza pelle, crudo"
173635,"Pollo, da arrosto, carne e pelle, cotto, arrosto"
173636,"Pollo, da arrosto, solo carne, crudo"
173637,"Pollo, da arrosto, carne bianca, solo carne, cotto, arrosto"
173638,"Pollo, da arrosto, carne scura, solo carne, crudo"
173639,"Pollo, da arrosto, carne scura, solo carne, cotto, arrosto"
173640,"Pollo, da stufato, carne e pelle, con rigaglie e collo, crudo"
173641,"Pollo, da stufato, rigaglie, crudo"
173642,"Pollo, da stufato, rigaglie, cotto, sobbollito"
173643,"Pollo, da stufato, carne bianca, solo carne, crudo"
173644,"Pollo, da stufato, carne bianca, solo carne, cotto, in umido"
173645,"Pollo, capponi, carne e pelle, crudo"
173646,"Pollo, capponi, carne e pelle, cotto, arrosto"
173647,"Bevande, acqua, del rubinetto, da bere"
173648,"Bevande, surrogato di caffè, bevanda di cereali, in polvere, preparato con latte intero"
173649,"Bevande, Preparato per bevanda a base di latte, cioccolato, a ridotto contenuto calorico, con dolcificanti ipocalorici, in polvere"
173650,"Bevande, preparato per bevanda a base di latte, cioccolato, a ridotto contenuto calorico, con aspartame, in polvere, preparato con acqua e ghiaccio"
173651,"Bevande, Bevanda al gusto arancia, da colazione, con polpa, concentrato surgelato"
173652,"Bevande, Bevanda al gusto arancia, da colazione, con polpa, concentrato surgelato, preparato con acqua"
173653,"Bevanda al succo di mirtillo rosso, concentrato surgelato"
173654,"Bevanda al succo di mirtillo rosso, concentrato surgelato, preparato con acqua"
173655,"Bevande, acqua, in bottiglia, non gassato, DANNON"
173656,"Bevande, acqua, in bottiglia, non gassato, PEPSI, AQUAFINA"
173657,"Acqua, in bottiglia, non gassato, NAYA"
173658,"Bevande, DANNON, acqua, in bottiglia, non gassato, con fluoro"
173659,"Bevande, preparato per bevanda, QUAKER OATS, GATORADE, gusto arancia, in polvere"
173660,"Bevande, PEPSICO QUAKER, GATORADE, G performance O 2, pronto da bere"
173661,"Preparato per whiskey sour, in bottiglia, con potassio e sodio aggiunti"
173662,"Bevanda alcolica, whiskey sour"
173663,"Bevanda alcolica, distillato, tutti (gin, rum, vodka, whiskey) 47% vol"
173664,"Bevanda alcolica, distillato, tutti (gin, rum, vodka, whiskey) 50% vol"
173665,"Bevanda alcolica, liquore, caffè, 31,5% vol"
173666,"Limonata, concentrato surgelato, rosa"
173667,"Bevande, limonata, concentrato surgelato, rosa, preparato con acqua"
173668,"Pesce, aringa, atlantico, affumicato a caldo"
173669,"Pesce, aringa, del Pacifico, crudo"
173670,"Pesce, molva, crudo"
173671,"Pesce, lingcod, crudo"
173672,"Pesce, sgombro, del Pacifico e jack, specie miste, crudo"
173673,"Pesce, sgombro, spagnolo, crudo"
173674,"Pesce, sgombro, spagnolo, cotto, cottura a secco"
173675,"Pesce, cefalone (milkfish), crudo"
173676,"Pesce, rana pescatrice, crudo"
173677,"Pesce, pout, di mare, crudo"
173678,"Pesce, persico, specie miste, crudo"
173679,"Pesce, persico, specie miste, cotto, cottura a secco"
173680,"Pesce, luccio, del nord, crudo"
173681,"Pesce, merluzzo giallo, Alaska, cotto, cottura a secco (può contenere additivi per trattenere l'umidità)"
173682,"Pesce, leccia stella (pompano), florida, crudo"
173683,"Pesce, leccia stella (pompano), florida, cotto, cottura a secco"
173684,"Pesce, scorfano, del Pacifico, specie miste, crudo"
173685,"Pesce, carbonaro, affumicato"
173686,"Pesce, salmone, atlantico, selvatico, crudo"
173687,"Pesce, salmone, chinook, affumicato"
173688,"Pesce, salmone, chinook, crudo"
173689,"Pesce, salmone, salmone keta, crudo"
173690,"Pesce, salmone, rosa, in scatola, contenuto totale della scatola"
173691,"Pesce, salmone, salmone rosso, crudo"
173692,"Pesce, salmone, salmone rosso, cotto, cottura a secco"
173693,"Pesce, salmone, salmone rosso, in scatola, solidi scolati"
173694,"Pesce, branzino, specie miste, cotto, cottura a secco"
173695,"Pesce, trota di mare, specie miste, crudo"
173696,"Pesce, alosa, americano, crudo"
173697,"Pesce, squalo, specie miste, crudo"
173698,"Pesce, dentice (snapper), specie miste, crudo"
173699,"Pesce, dentice (snapper), specie miste, cotto, cottura a secco"
173700,"Pesce, spot, crudo"
173701,"Pesce, storione, specie miste, crudo"
173702,"Pesce, surimi"
173703,"Pesce, pesce spada, crudo"
173704,"Pesce, pesce spada, cotto, cottura a secco"
173705,"Pesce, tilefish, crudo"
173706,"Pesce, tonno, fresco, tonno rosso, crudo"
173707,"Pesce, tonno, fresco, tonno rosso, cotto, cottura a secco"
173708,"Pesce, tonno, leggero, in scatola sott'olio, solidi scolati"
173709,"Pesce, tonno, leggero, in scatola al naturale, solidi scolati"
173710,"Pesce, rombo, europeo, crudo"
173711,"Pesce, coregone, specie miste, crudo"
173712,"Pesce, coregone, specie miste, affumicato"
173713,"Pesce, merlano, specie miste, crudo"
173714,"Pesce, pesce gatto, channel, selvatico, cotto, cottura a secco"
173715,"Pesce, salmone, salmone argentato (coho), d'allevamento, crudo"
173716,"Pesce, salmone, salmone argentato (coho), d'allevamento, cotto, cottura a secco"
173717,"Pesce, trota, iridea, d'allevamento, crudo"
173718,"Pesce, trota, iridea, d'allevamento, cotto, cottura a secco"
173719,"Pesce, salmone, salmone argentato (coho), selvatico, cotto, cottura a secco"
173720,"Molluschi, strombo, al forno o grigliato"
173721,"Nuggets di salmone, impanato, surgelato, riscaldato"
173722,"Nuggets di salmone, cotto come acquistato, non riscaldato"
173723,"Salmone, salmone rosso, in scatola, solidi scolati, senza pelle e lische"
173724,"Pesce, salmone, rosa, in scatola, solidi scolati, senza pelle e lische"
173725,"Pesce, merluzzo giallo, Alaska, crudo"
173726,"Pesce, merluzzo giallo, Alaska, cotto"
173727,"Fagioli, azuki, secchi, crudo"
173728,"Fagioli, azuki, secchi, cotto, lessato, senza sale"
173729,"Fagioli, azuki, secchi, in scatola, zuccherato"
173730,"Yokan, preparato con fagioli azuki e zucchero"
173731,"Fagioli, al forno, fatto in casa"
173732,"Fagioli, al forno, in scatola, con maiale e salsa dolce"
173733,"Fagioli, al forno, in scatola, con maiale e salsa di pomodoro"
173734,"Fagioli, nero, secchi, crudo"
173735,"Fagioli, nero, secchi, cotto, lessato, senza sale"
173736,"Fagioli, borlotti (cranberry), secchi, cotto, lessato, senza sale"
173737,"Fagioli, borlotti (cranberry), secchi, in scatola"
173738,"Fagioli, francese, secchi, crudo"
173739,"Fagioli, francese, secchi, cotto, lessato, senza sale"
173740,"Fagioli, kidney, tutti i tipi, secchi, cotto, lessato, senza sale"
173741,"Fagioli, kidney, tutti i tipi, secchi, in scatola"
173742,"Fagioli, kidney, rossi della California, secchi, crudo"
173743,"Fagioli, kidney, rossi della California, secchi, cotto, lessato, senza sale"
173744,"Fagioli, kidney, rosso, secchi, crudo"
173745,"Fagioli, navy (bianchi piccoli), secchi, crudo"
173746,"Fagioli, navy (bianchi piccoli), secchi, cotto, lessato, senza sale"
173747,"Fagioli, navy (bianchi piccoli), secchi, in scatola"
173748,"Fagioli, rosa, secchi, crudo"
173749,"Fagioli, bianchi piccoli, secchi, crudo"
173750,"Fagioli, bianchi piccoli, secchi, cotto, lessato, senza sale"
173751,"Fagioli, giallo, secchi, crudo"
173752,"Fagioli, giallo, secchi, cotto, lessato, senza sale"
173753,"Fave, secchi, cotto, lessato, senza sale"
173754,"Fave, secchi, in scatola"
173755,Farina di carrube
173756,"Ceci, secchi, crudo"
173757,"Ceci, secchi, cotto, lessato, senza sale"
173758,"Fagioli dall'occhio, comuni (dall'occhio, crowder, southern), secchi, crudo"
173759,"Fagioli dall'occhio, comuni (dall'occhio, crowder, southern), secchi, cotto, lessato, senza sale"
173760,"Fagioli dall'occhio, comuni (dall'occhio, crowder, southern), secchi, in scatola, naturale"
173761,"Fagioli dall'occhio, comuni (dall'occhio, crowder, southern), secchi, in scatola con maiale"
173762,"Vitasoy USA, Organic Nasoya Extra Firm Tofu"
173763,"Vitasoy USA, Organic Nasoya Firm Tofu"
173764,"Vitasoy USA, Organic Nasoya Silken Tofu"
173765,"Latte di soia (tutti i gusti), con soluzione aggiunta"
173766,"Latte di soia, originale e vaniglia, leggero, con calcio aggiunto, vitamine A e D"
173767,"Latte di soia, cioccolato e altri gusti, leggero, con calcio aggiunto, vitamine A e D"
173768,"Latte di soia, originale e vaniglia, leggero, non zuccherato, con calcio aggiunto, vitamine A e D"
173769,"Latte di soia (tutti i gusti), a basso contenuto di grassi, con calcio aggiunto, vitamine A e D"
173770,"SILK Chocolate, latte di soia"
173771,"SILK Light Plain, latte di soia"
173772,"SILK Light Vanilla, latte di soia"
173773,"SILK Light Chocolate, latte di soia"
173774,"SILK Very Vanilla, latte di soia"
173775,"SILK Nog, latte di soia"
173776,"SILK Chai, latte di soia"
173777,"SILK Mocha, latte di soia"
173778,SILK Raspberry soy yogurt
173779,SILK Peach soy yogurt
173780,SILK Black Cherry soy yogurt
173781,SILK Blueberry soy yogurt
173782,SILK Hazelnut Creamer
173783,"Vitasoy USA Organic Nasoya, tofu morbido"
173784,"Vitasoy USA Nasoya, tofu silken light"
173785,"Vitasoy USA Organic Nasoya, Tofu Plus Extra Firm"
173786,"Vitasoy USA Azumaya, tofu silken"
173787,HOUSE FOODS Premium Soft Tofu
173788,HOUSE FOODS Premium Firm Tofu
173789,"Fagioli, azuki, semi maturi, cotto, lessato, con sale"
173790,"Fagioli, great northern (bianchi), secchi, cotto, lessato, con sale"
173791,"Fagioli, great northern (bianchi), secchi, in scatola, a basso contenuto di sodio"
173792,"Fagioli, kidney, tutti i tipi, secchi, cotto, lessato, con sale"
173793,"Fagioli, kidney, rossi della California, secchi, cotto, lessato, con sale"
173794,"Fagioli, navy (bianchi piccoli), secchi, cotto, lessato, con sale"
173795,"Fagioli, rosa, secchi, cotto, lessato, con sale"
173796,"Fagioli, pinto, secchi, cotto, lessato, con sale"
173797,"Fagioli, pinto, secchi, in scatola, solidi scolati, sciacquato con acqua del rubinetto"
173798,"Fave, secchi, cotto, lessato, con sale"
173799,"Ceci, secchi, cotto, lessato, con sale"
173800,"Ceci, secchi, in scatola, solidi scolati"
173801,"Ceci, secchi, in scatola, scolato, sciacquato con acqua del rubinetto"
173802,"Fagioli di Lima, grande, secchi, cotto, lessato, con sale"
173803,"Fagioli di Lima, a semi sottili (baby), secchi, cotto, lessato, con sale"
173804,"Lupini, secchi, cotto, lessato, con sale"
173805,"Fagioli moth, secchi, cotto, lessato, con sale"
173806,"Arachidi, tutti i tipi, tostato a secco, senza sale"
173807,"Arachidi, spagnolo, tostato in olio, senza sale"
173808,"Arachidi, valencia, tostato in olio, senza sale"
173809,"Arachidi, virginia, tostato in olio, senza sale"
173810,"Agnello, Nuova Zelanda, importato, braciola di lombata, solo magro, crudo"
173811,"Agnello, Nuova Zelanda, importato, surgelato, lombata, solo magro, cotto, grigliato"
173812,"Agnello, Nuova Zelanda, importato, carré parzialmente scalzato, magro e grasso, crudo"
173813,"Agnello, Nuova Zelanda, importato, carré parzialmente scalzato, magro e grasso, cotto, arrosto veloce"
173814,"Agnello, Nuova Zelanda, importato, surgelato, spalla, intera (braccio e paletta), solo magro, cotto, brasato"
173815,"Vitello, insieme di tagli rifilati, magro e grasso, crudo"
173816,"Vitello, insieme di tagli rifilati, magro e grasso, cotto"
173817,"Vitello, insieme di tagli rifilati, solo magro, crudo"
173818,"Vitello, coscia (fesa), magro e grasso, cotto, brasato"
173819,"Vitello, coscia (fesa), magro e grasso, cotto, in padella, impanato"
173820,"Vitello, coscia (fesa), magro e grasso, cotto, in padella, non impanato"
173821,"Vitello, coscia (fesa), magro e grasso, cotto, arrosto"
173822,"Vitello, coscia (fesa), solo magro, cotto, arrosto"
173823,"Vitello, lombata, magro e grasso, crudo"
173824,"Vitello, lombata, magro e grasso, cotto, brasato"
173825,"Vitello, lombata, magro e grasso, cotto, arrosto"
173826,"Vitello, lombata, solo magro, crudo"
173827,"Vitello, costata, magro e grasso, cotto, arrosto"
173828,"Vitello, costata, solo magro, crudo"
173829,"Vitello, costata, solo magro, cotto, brasato"
173830,"Vitello, costata, solo magro, cotto, arrosto"
173831,"Vitello, spalla, intera (braccio e paletta), solo magro, cotto, brasato"
173832,"Vitello, spalla, intera (braccio e paletta), solo magro, cotto, arrosto"
173833,"Vitello, spalla, braccio, magro e grasso, crudo"
173834,"Vitello, spalla, braccio, magro e grasso, cotto, brasato"
173835,"Vitello, spalla, braciola di paletta, magro e grasso, crudo"
173836,"Vitello, spalla, paletta, magro e grasso, cotto, brasato"
173837,"Vitello, spalla, paletta, magro e grasso, cotto, arrosto"
173838,"Vitello, spalla, braciola di paletta, solo magro, crudo"
173839,"Vitello, spalla, paletta, solo magro, cotto, brasato"
173840,"Vitello, scamone, solo magro, crudo"
173841,"Vitello, scamone, solo magro, cotto, brasato"
173842,"Vitello, scamone, solo magro, cotto, arrosto"
173843,"Vitello, a cubetti per spezzatino (coscia e spalla), solo magro, crudo"
173844,"Selvaggina, antilope, cotto, arrosto"
173845,"Selvaggina, orso, crudo"
173846,"Selvaggina, orso, cotto, sobbollito"
173847,"Bisonte, macinato, allevato a erba, cotto"
173848,"Selvaggina, beefalo, insieme di tagli, cotto, arrosto"
173849,"Vitello, australiano, grasso separabile, crudo"
173850,"Vitello, australiano, costata, arrosto di costata, magro e grasso, crudo"
173851,"Selvaggina, bisonte, solo magro, crudo"
173852,"Selvaggina, bisonte, solo magro, cotto, arrosto"
173853,"Selvaggina, caribù, crudo"
173854,"Selvaggina, caribù, cotto, arrosto"
173855,"Selvaggina, cervo, crudo"
173856,"Mortadella, maiale"
173857,"Mortadella, tacchino"
173858,Crema spalmabile di pollo
173859,"Salsiccia, maiale, chorizo, in salsiccia o macinata, crudo"
173860,"Polpettone di corned beef, in gelatina"
173861,"Dutch brand loaf, pollo, maiale e manzo"
173862,"Würstel, manzo, non riscaldato"
173863,"Prosciutto, a fette, preconfezionato, affettato (96% senza grassi, con acqua aggiunta)"
173864,"Prosciutto, a fette, normale (circa 11% grasso)"
173865,"Prosciutto, tritato fine"
173866,Crema spalmabile di prosciutto
173867,"Knackwurst, knockwurst, maiale, manzo"
173868,"Lebanon bologna, manzo"
173869,"Formaggio di fegato, maiale"
173870,"Salsiccia di fegato, liverwurst, maiale"
173871,"Salsiccia, tacchino, fresco, cotto"
173872,"Mortadella, pollo, maiale, manzo"
173873,"Mortadella, pollo, maiale"
173874,"Petto di pollo, da banco, condito allo spiedo, a fette, preconfezionato"
173875,"Würstel, carne e pollame, non riscaldato"
173876,"Salsiccia di maiale, salsiccia o hamburger, completamente cotto, non riscaldato"
173877,"Kielbasa, completamente cotto, alla griglia"
173878,"Kielbasa, completamente cotto, in padella"
173879,"Kielbasa, completamente cotto, non riscaldato"
173880,"Salsiccia, pollo o tacchino, all'italiana, a ridotto contenuto di sodio"
173881,"Prosciutto, affumicato, extra magro, a basso contenuto di sodio"
173882,"Salsiccia di maiale, a ridotto contenuto di sodio, cotto"
173883,"Salsiccia, maiale, tacchino, e manzo, a ridotto contenuto di sodio"
173884,"Cereali da colazione, GENERAL MILLS, CHEERIOS"
173885,"Cereali da colazione, POST, COCOA PEBBLES"
173886,"Cereali da colazione, QUAKER, QUAKER CRUNCHY BRAN"
173887,"Cereali da colazione, RALSTON CRISP RICE"
173888,"Cereali da colazione, POST Bran Flakes"
173889,"Cereali da colazione, POST, Honeycomb Cereal"
173890,"Cereali da colazione, QUAKER, KING VITAMAN"
173891,"Cereali da colazione, QUAKER, QUAKER OAT LIFE, naturale"
173892,"Cereali da colazione, QUAKER, 100% Natural Granola, avena, grano e miele"
173893,"Cereali da colazione, RALSTON TASTEEOS"
173894,"Cereali da colazione, POST, Honey Nut Shredded Wheat"
173895,"Cereali da colazione, MALT-O-MEAL, CORN BURSTS"
173896,"Cereali da colazione, germe di grano, tostato, naturale"
173897,"Cereali, QUAKER, semola di mais, istantaneo, naturale, preparato (microonde o acqua bollente), senza sale"
173898,"Cereali, QUAKER, semola di mais, istantaneo, gusto cheddar, secco"
173899,"Cereali, QUAKER, semola di mais istantanea, gusto bacon, secco"
173900,"Cereali, CREAM OF RICE, secco"
173901,"Cereali, CREAM OF WHEAT, normale, cottura 10 minuti, secco"
173902,"Cereali, CREAM OF WHEAT, istantaneo, preparato con acqua, senza sale"
173903,"Cereali, MALT-O-MEAL, originale, naturale, secco"
173904,"Cereali, avena, normali e a cottura rapida, non fortificato, secco"
173905,"Cereali, avena, normali e a cottura rapida, non arricchito, cotto con acqua (bollitura o microonde), senza sale"
173906,"Cereali, avena, istantaneo, fortificato, con cannella e spezie, preparato con acqua"
173907,"Cereali, QUAKER, Fiocchi d'avena istantanei, acero e zucchero di canna, secco"
173908,"Cereali, avena, istantaneo, fortificato, con uvetta e spezie, preparato con acqua"
173909,"Cereali da colazione, MALT-O-MEAL, MARSHMALLOW MATEYS"
173910,"Cereali da colazione, POST, Shredded Wheat, original big biscuit"
173911,"Cereali da colazione, POST, Shredded Wheat, original spoon-size"
173912,"Cereali da colazione, riso, soffiato, fortificato"
173913,"Cereali da colazione, grano, soffiato, fortificato"
173914,"Cereali, CREAM OF RICE, cotto con acqua, con sale"
173915,"Cereali, CREAM OF WHEAT, normale (10 minuti), cotto con acqua, con sale"
173916,"Cereali, semolino di grano, non arricchito, secco"
173917,"Cereali, semolino di grano, arricchito, cotto con acqua, con sale"
173918,"Cereali da colazione, POST, Shredded Wheat, leggermente glassato, formato cucchiaio"
173919,"Cereali da colazione, POST SELECTS Blueberry Morning"
173920,"Cereali, avena, istantaneo, fortificato, acero e zucchero di canna, secco"
173921,"Cereali da colazione, QUAKER WHOLE HEARTS oat cereal"
173922,"Cereali, QUAKER, Weight Control Instant Oatmeal, acero e zucchero di canna"
173923,"Cereali, QUAKER, Weight Control Instant Oatmeal, pane alla banana"
173924,"Cereali, QUAKER, fiocchi d'avena, REAL MEDLEYS, pesca e mandorla, secco"
173925,"Cereali, QUAKER, fiocchi d'avena, REAL MEDLEYS, ciliegia e pistacchio, secco"
173926,"Cereali, QUAKER, Fiocchi d'avena istantanei, controllo del peso, cannella"
173927,"Cereali da colazione, MOM'S BEST, Sweetened WHEAT-FULS"
173928,"Mele, crudo, senza pelle, cotto, lessato"
173929,"Mele, crudo, senza pelle, cotto, microonde"
173930,"Mele, in scatola, zuccherato, a fette, scolato, riscaldato"
173931,"Mele, disidratato (a bassa umidità), solforato, non cotto"
173932,"Mele, surgelato, non zuccherato, riscaldato"
173933,"Succo di mela, in scatola o in bottiglia, non zuccherato, senza acido ascorbico aggiunto"
173934,"Succo di mela, concentrato surgelato, non zuccherato, non diluito, senza acido ascorbico aggiunto"
173935,"Succo di mela, concentrato surgelato, non zuccherato, diluito con 3 volumi d'acqua senza acido ascorbico aggiunto"
173936,"Albicocche, in scatola, al naturale, senza pelle, solidi e liquidi"
173937,"Albicocche, in scatola, nel proprio succo, con pelle, solidi e liquidi"
173938,"Albicocche, in scatola, in sciroppo molto leggero, con pelle, solidi e liquidi"
173939,"Albicocche, in scatola, in sciroppo leggero, con pelle, solidi e liquidi"
173940,"Albicocche, disidratato (a bassa umidità), solforato, in umido"
173941,"Albicocche, essiccato, solforato, non cotto"
173942,"Albicocche, essiccato, solforato, in umido, senza zuccheri aggiunti"
173943,"Albicocche, essiccato, solforato, in umido, con zuccheri aggiunti"
173944,"Banane, crudo"
173945,"Banane, disidratato, o polvere di banana"
173946,"More, crudo"
173947,"Succo di more, in scatola"
173948,"Mirtilli, in scatola, sciroppo denso, solidi e liquidi"
173949,"Mirtilli, selvatico, surgelato"
173950,"Mirtilli, surgelato, non zuccherato"
173951,"Mirtilli, surgelato, zuccherato"
173952,"Carissa, (prugna del Natal), crudo"
173953,"Cherimoya, crudo"
173954,"Ciliegie, aspro, rosso, crudo"
173955,"Ciliegie, aspro, rosso, in scatola, al naturale, solidi e liquidi"
173956,"Ciliegie, aspro, rosso, in scatola, in sciroppo leggero, solidi e liquidi"
173957,"Ciliegie, dolce, in scatola, al naturale, solidi e liquidi"
173958,"Ciliegie, dolce, in scatola, nel proprio succo, solidi e liquidi"
173959,"Ciliegie, dolce, in scatola, in sciroppo leggero, solidi e liquidi"
173960,"Ciliegie, dolce, in scatola, denocciolato, in sciroppo denso, solidi e liquidi"
173961,"Salsa di mirtilli rossi, in scatola, zuccherato"
173962,"Relish di mirtilli rossi e arancia, in scatola"
173963,"Ribes, nero europeo, crudo"
173964,"Ribes, rosso e bianco, crudo"
173965,"Manzo, australiano, importato, allevato a erba, lombata, filetto (bistecca o arrosto), disossato, solo magro, crudo"
173966,"Manzo, australiano, importato, Wagyu, lombata, filetto (bistecca o arrosto), disossato, solo magro, marezzatura australiana 4/5, crudo"
173967,"Manzo, australiano, importato, Wagyu, grasso esterno, marezzatura australiana 9, crudo"
173968,"Manzo, australiano, importato, Wagyu, grasso intermuscolare, marezzatura australiana 9, crudo"
173969,"Manzo, australiano, importato, allevato a erba, lombata, filetto (bistecca o arrosto), disossato, magro e grasso, crudo"
173970,"Manzo, australiano, importato, allevato a erba, lombata, controfiletto (bistecca o arrosto), disossato, solo magro, crudo"
173971,"Manzo, australiano, importato, allevato a erba, coscia, sottofesa (bistecca o arrosto), disossato, solo magro, crudo"
173972,"Manzo, australiano, importato, allevato a erba, coscia, fesa senza copertina (bistecca o arrosto), disossato, solo magro, crudo"
173973,"Manzo, australiano, importato, Wagyu, lombata, filetto (bistecca o arrosto), disossato, solo magro, marezzatura australiana 9, crudo"
173974,"Manzo, australiano, importato, Wagyu, lombata, controfiletto (bistecca o arrosto), disossato, solo magro, marezzatura australiana 4/5, crudo"
173975,"Manzo, australiano, importato, allevato a erba, costata, entrecôte con copertina (bistecca o arrosto), disossato, magro e grasso, crudo"
173976,"Manzo, australiano, importato, allevato a erba, coscia, sottofesa (bistecca o arrosto), disossato, magro e grasso, crudo"
173977,"Manzo, australiano, importato, allevato a erba, coscia, fesa senza copertina (bistecca o arrosto), disossato, magro e grasso, crudo"
173978,"Manzo, australiano, importato, Wagyu, lombata, controfiletto (bistecca o arrosto), disossato, magro e grasso, marezzatura australiana 4/5, crudo"
173979,"Manzo, australiano, importato, Wagyu, lombata, controfiletto (bistecca o arrosto), magro e grasso, marezzatura australiana 9, crudo"
173980,"Manzo, coscia, bistecca di fesa, disossato, magro e grasso, grasso rifilato a 0 mm, grado choice, crudo"
173981,"Manzo, coscia, bistecca di fesa, disossato, magro e grasso, grasso rifilato a 0 mm, grado select, crudo"
173982,"Manzo, coscia, arrosto di fesa, disossato, magro e grasso, grasso rifilato a 0 mm, tutte le qualità, crudo"
173983,"Manzo, coscia, arrosto di fesa, disossato, magro e grasso, grasso rifilato a 0 mm, grado choice, crudo"
173984,"Manzo, coscia, bistecca di girello, disossato, magro e grasso, grasso rifilato a 0 mm, tutte le qualità, crudo"
173985,"Manzo, coscia, bistecca di girello, disossato magro e grasso, grasso rifilato a 0 mm, grado choice, crudo"
173986,"Manzo, coscia, bistecca di girello, disossato, magro e grasso, grasso rifilato a 0 mm, grado select, crudo"
173987,"Manzo, lombata, arrosto di filetto, disossato, magro e grasso, grasso rifilato a 0 mm, tutte le qualità, crudo"
173988,"Manzo, lombata, bistecca di filetto, disossato, magro e grasso, grasso rifilato a 0 mm, tutte le qualità, crudo"
173989,"Manzo, lombata, bistecca di filetto, disossato, magro e grasso, grasso rifilato a 0 mm, grado choice, crudo"
173990,"Manzo, lombata, bistecca di filetto, disossato, magro e grasso, grasso rifilato a 0 mm, grado select, crudo"
173991,"Manzo, lombata, arrosto di filetto, disossato, magro e grasso, grasso rifilato a 0 mm, tutte le qualità, cotto, arrosto"
173992,"Manzo, coscia, arrosto di fesa, disossato, magro e grasso, grasso rifilato a 0 mm, grado select, cotto, arrosto"
173993,"Manzo, coscia, bistecca di girello, disossato, magro e grasso, grasso rifilato a 0 mm, tutte le qualità, cotto, alla griglia"
173994,"Manzo, coscia, bistecca di girello, disossato, magro e grasso, grasso rifilato a 0 mm, grado choice, cotto, alla griglia"
173995,"Manzo, coscia, bistecca di girello, disossato, magro e grasso, grasso rifilato a 0 mm, grado select, cotto, alla griglia"
173996,"Manzo, coscia, arrosto di fesa, disossato, solo magro, grasso rifilato a 0 mm, grado choice, crudo"
173997,"Manzo, coscia, arrosto di fesa, disossato, solo magro, grasso rifilato a 0 mm, grado select, crudo"
173998,"Manzo, coscia, arrosto di girello, disossato, solo magro, grasso rifilato a 0 mm, tutte le qualità, crudo"
173999,"Manzo, coscia, arrosto di girello, disossato, solo magro, grasso rifilato a 0 mm, grado choice, crudo"
174000,"Manzo, lombata, arrosto di filetto, disossato, solo magro, grasso rifilato a 0 mm, grado choice, crudo"
174001,"Manzo, lombata, arrosto di filetto, disossato, solo magro, grasso rifilato a 0 mm, grado select, crudo"
174002,"Manzo, lombata, bistecca di controfiletto, disossato, senza copertina, solo magro, grasso rifilato a 0 mm, tutte le qualità, crudo"
174003,"Manzo, lombata, bistecca di controfiletto, disossato, senza copertina, solo magro, grasso rifilato a 0 mm, grado choice, crudo"
174004,"Manzo, lombata, arrosto di filetto, disossato, solo magro, grasso rifilato a 0 mm, tutte le qualità, cotto, arrosto"
174005,"Manzo, lombata, arrosto di filetto, disossato, solo magro, grasso rifilato a 0 mm, grado choice, cotto, arrosto"
174006,"Manzo, lombata, arrosto di filetto, solo magro, disossato, grasso rifilato a 0 mm, grado select, cotto, arrosto"
174007,"Manzo, coscia, arrosto di fesa, disossato, solo magro, grasso rifilato a 0 mm, tutte le qualità, cotto, arrosto"
174008,"Manzo, coscia, bistecca di girello, disossato, solo magro, grasso rifilato a 0 mm, grado select, cotto, alla griglia"
174009,"Manzo, lombata, bistecca di controfiletto, disossato, con copertina, solo magro, grasso rifilato a 3 mm, grado select, crudo"
174010,"Manzo, lombata, bistecca di controfiletto, disossato, con copertina, solo magro, grasso rifilato a 3 mm, grado choice, crudo"
174011,"Manzo, lombata, bistecca di controfiletto, disossato, con copertina, solo magro, grasso rifilato a 3 mm, tutte le qualità, crudo"
174012,"Manzo, insieme di tagli rifilati, solo magro, grasso rifilato a 3 mm, grado choice, crudo"
174013,"Manzo insieme di tagli, solo magro, grasso rifilato a 3 mm, grado choice, cotto"
174014,"Manzo, insieme di tagli rifilati, magro e grasso, grasso rifilato a 0 mm, grado choice, crudo"
174015,"Manzo, insieme di tagli rifilati, solo magro, grasso rifilato a 0 mm, grado choice, crudo"
174016,"Manzo, reale, falso filetto, solo magro, grasso rifilato a 0 mm, tutte le qualità, cotto, grigliato"
174017,"Manzo, reale, copertina di spalla, solo magro, grasso rifilato a 0 mm, tutte le qualità, cotto, grigliato"
174018,"Manzo, reale, arrosto di polpa di spalla, solo magro, grasso rifilato a 6 mm, tutte le qualità, crudo"
174019,"Manzo, reale, arrosto di polpa di spalla, solo magro, grasso rifilato a 0 mm, tutte le qualità, cotto, arrosto"
174020,"Manzo, reale, falso filetto, magro e grasso, grasso rifilato a 0 mm, grado USDA select, cotto, grigliato"
174021,"Manzo, reale, copertina di spalla, magro e grasso, grasso rifilato a 0 mm, grado choice, cotto, grigliato"
174022,"Manzo, reale, copertina di spalla, magro e grasso, grasso rifilato a 0 mm, grado select, cotto, grigliato"
174023,"Manzo, reale, arrosto di polpa di spalla, magro e grasso, grasso rifilato a 0 mm, grado choice, cotto, arrosto"
174024,"Manzo, lombata, scamone inferiore, bistecca di punta di scamone (tri-tip), magro e grasso, grasso rifilato a 0 mm, tutte le qualità, cotto, grigliato"
174025,"Manzo, reale, falso filetto, magro e grasso, grasso rifilato a 0 mm, tutte le qualità, cotto, grigliato"
174026,"Manzo, reale, copertina di spalla, magro e grasso, grasso rifilato a 0 mm, tutte le qualità, cotto, grigliato"
174027,"Manzo, reale, arrosto di polpa di spalla, magro e grasso, grasso rifilato a 0 mm, tutte le qualità, cotto, arrosto"
174028,"Manzo, macinato, 95% magro / 5% grasso, sbriciolato, cotto, rosolato in padella"
174029,"Manzo, macinato, 95% magro / 5% grasso, in forma, cotto, al forno"
174030,"Manzo, macinato, 90% magro / 10% grasso, crudo"
174031,"Manzo, macinato, 90% magro / 10% grasso, hamburger, cotto, grigliato"
174032,"Manzo, macinato, 85% magro / 15% grasso, hamburger, cotto, grigliato"
174033,"Manzo, macinato, 85% magro / 15% grasso, hamburger, cotto, in padella senza grassi"
174034,"Manzo, macinato, 85% magro / 15% grasso, sbriciolato, cotto, rosolato in padella"
174035,"Manzo, macinato, 85% magro / 15% grasso, in forma, cotto, al forno"
174036,"Manzo, macinato, 80% magro / 20% grasso, crudo"
174037,"Manzo, macinato, 75% magro / 25% grasso, crudo"
174038,"Manzo, macinato, 75% magro / 25% grasso, hamburger, cotto, grigliato"
174039,"Manzo, macinato, 75% magro / 25% grasso, hamburger, cotto, in padella senza grassi"
174040,"Manzo, macinato, 75% magro / 25% grasso, sbriciolato, cotto, rosolato in padella"
174041,"Manzo, lombata corta, controfiletto, bistecca, solo magro, grasso rifilato a 3 mm, grado select, crudo"
174042,"Manzo, costata, parte posteriore (coste 10-12), solo magro, grasso rifilato a 3 mm, grado select, cotto, grigliato"
174043,"Manzo, filetto, bistecca, solo magro, grasso rifilato a 3 mm, grado select, cotto, grigliato"
174044,"Manzo, scamone, bistecca, solo magro, grasso rifilato a 3 mm, grado select, cotto, grigliato"
174045,"Manzo, coscia, sottofesa, bistecca, solo magro, grasso rifilato a 3 mm, grado select, cotto, brasato"
174046,"Manzo, coscia, sottofesa, arrosto, solo magro, grasso rifilato a 3 mm, tutte le qualità, crudo"
174047,"Manzo, punta di petto, metà piatta, solo magro, grasso rifilato a 3 mm, tutte le qualità, cotto, brasato"
174048,"Manzo, punta di petto, metà piatta, solo magro, grasso rifilato a 3 mm, tutte le qualità, crudo"
174049,"Manzo, coscia, girello, arrosto, solo magro, grasso rifilato a 3 mm, tutte le qualità, crudo"
174050,"Manzo, reale, arrosto di braccio, solo magro, grasso rifilato a 3 mm, tutte le qualità, cotto, brasato"
174051,"Manzo, reale, arrosto di braccio, solo magro, grasso rifilato a 3 mm, tutte le qualità, crudo"
174052,"Manzo, coscia, sottofesa, arrosto, solo magro, grasso rifilato a 3 mm, tutte le qualità, cotto"
174053,"Manzo, coscia, sottofesa, bistecca, solo magro, grasso rifilato a 3 mm, tutte le qualità, cotto, brasato"
174054,"Manzo, scamone, bistecca, solo magro, grasso rifilato a 3 mm, tutte le qualità, cotto, grigliato"
174055,"Manzo, scamone, bistecca, solo magro, grasso rifilato a 3 mm, tutte le qualità, crudo"
174056,"Manzo, reale, arrosto di braccio, solo magro, grasso rifilato a 3 mm, grado choice, crudo"
174057,"Manzo, punta di petto, metà piatta, solo magro, grasso rifilato a 3 mm, grado choice, crudo"
174058,"Manzo, coscia, sottofesa, arrosto, solo magro, grasso rifilato a 3 mm, grado choice, crudo"
174059,"Manzo, coscia, sottofesa, arrosto, solo magro, grasso rifilato a 3 mm, grado choice, cotto, arrosto"
174060,"Manzo, coscia, girello, arrosto, solo magro, grasso rifilato a 3 mm, grado choice, cotto, arrosto"
174061,"Manzo, coscia, fesa, bistecca, solo magro, grasso rifilato a 3 mm, grado choice, cotto, grigliato"
174062,"Zuppa, zuppa di vongole, new England, in scatola, pronto da servire"
174063,"Zuppa, zuppa di vongole, new England, a ridotto contenuto di sodio, in scatola, pronto da servire"
174064,"Zuppa, pollo e pasta, a ridotto contenuto di sodio, in scatola, pronto da servire"
174065,"Zuppa, manzo e verdure, a ridotto contenuto di sodio, in scatola, pronto da servire"
174066,"Salsa, agrodolce, pronto da servire"
174067,"Salsa, cocktail, pronto da servire"
174068,"Salsa per intingere, salsa con queso, formaggio e salsa, media"
174069,"Salsa per intingere, TOSTITOS, salsa con queso, medio"
174070,"Salsa, arachide, a base di burro di arachidi, acqua, salsa di soia"
174071,"Zuppa, verdure a pezzi, a ridotto contenuto di sodio, in scatola, pronto da servire"
174072,"Sugo di carne, HEINZ Home Style, pollo classico"
174073,"Zuppa, manzo e orzo, pronto da servire"
174074,"Salsa, enchilada, rosso, delicato, pronto da servire"
174075,"Pane, chapati o roti, integrale, di produzione industriale, surgelato"
174076,"Pane, paratha, integrale, di produzione industriale, surgelato"
174077,"Pane, naan, integrale, di produzione industriale, refrigerato"
174078,"Pane, panino, messicano, bolillo"
174079,"Biscotto, al burro o allo zucchero, con glassa o ripieno al cioccolato"
174080,"Biscotto, cioccolato, con glassa o copertura"
174081,"Tortilla, pronto da cuocere o friggere, integrale"
174082,"Torta, merendine, ripieno di crema, al cioccolato con glassa, a basso contenuto di grassi, con fibre aggiunte"
174083,"Biscotti, cracker graham, semplice o al miele, a basso contenuto di grassi"
174084,"Cracker, formaggio, integrale"
174085,"Waffle, integrale, a basso contenuto di grassi, surgelato, pronto da riscaldare"
174086,"Pancake, naturale, a ridotto contenuto di grassi"
174087,"Biscotti, frollini, a ridotto contenuto di grassi"
174088,"Biscotti, wafer zuccherato, ricoperto di cioccolato"
174089,"Panini, per hamburger o hot dog, grano o grano spezzato"
174090,"Panini, per hamburger o hot dog, integrale"
174091,"Pane, francese o viennese, integrale"
174092,"Bagel, integrale bianco"
174093,"Muffin inglesi, integrale bianco"
174094,"Panini, hamburger, integrale bianco, fortificato con calcio"
174095,"Biscotti, con gocce di cioccolato ripieni, con ripieno alla crema"
174096,"Biscotti, cioccolato, con cereali di riso"
174097,"Biscotti, marshmallow, con cereali di riso e gocce di cioccolato"
174098,"Cracker, aromatizzato, a forma di pesce"
174099,"Pane, senza glutine, bianco, con estratto di patata, amido di riso, e farina di riso"
174100,"Pane, senza glutine, bianco, con farina di riso, amido di mais, e/o tapioca"
174101,"Pane, senza glutine, bianco, con amido di tapioca e farina di riso integrale"
174102,"Pane, senza glutine, integrale, con amido di tapioca e farina di riso integrale"
174103,"Cracker, senza glutine, multicereali e verdure, con amido di mais e farina di riso bianco"
174104,"Cracker, senza glutine, ai semi e multicereali"
174105,"Waffle, senza glutine, surgelato, pronto da riscaldare"
174106,"Pancake, senza glutine, surgelato, pronto da riscaldare"
174107,"Panini, da tavola, dolce"
174108,"Bevande, Bevanda energetica, Agrumi"
174109,"Bevanda alcolica, vino, da tavola, rosso, Mourvèdre"
174110,"Bevanda alcolica, vino, da tavola, bianco, Chardonnay"
174111,"Bevande, Kiwi Strawberry Juice Drink"
174112,"Bevande, Bevanda al succo di mela, leggero, fortificato con vitamina C"
174113,"Bevande, POWERADE, Zero, frutti di bosco misti"
174114,"Bevande, Preparato per bevanda al gusto di carruba, in polvere"
174115,"Bevande, Preparato per bevanda al gusto di carruba, in polvere, preparato con latte intero"
174116,"Bevande, latte di cocco, zuccherato, fortificato con calcio, vitamine A, B12, D2"
174117,"Bevande, sciroppo al cioccolato"
174118,"Bevande, sciroppo al cioccolato, preparato con latte intero"
174119,"Bevande, caffè, pronto da bere, glassato, mocha, a base di latte"
174120,"Bevande, tè, oolong, in infusione"
174121,"Bevande, tè, verde, pronto da bere, agrumi, dietetico, fortificato con vitamina C"
174122,"Bevande, Preparato per cioccolata, in polvere"
174123,"Bevande, Preparato per cioccolata, in polvere, preparato con acqua"
174124,"Bevande, Preparato per cioccolata, NESTLE, Hot Cocoa Mix Rich Chocolate With Marshmallows"
174125,"Bevande, caffè, in infusione, espresso, preparato al ristorante, decaffeinato"
174126,"Bevande, caffè, istantaneo, normale, metà caffeina"
174127,"Bevande, caffè e cacao, istantaneo, decaffeinato, con sbiancante e dolcificante ipocalorico"
174128,"Bevande, tè, verde, pronto da bere, zuccherato"
174129,"Bevande, tè, pronto da bere, limone, dietetico"
174130,"Bevande, caffè, istantaneo, normale, preparato con acqua"
174131,"Bevande, bevanda al succo di aloe vera, fortificato con vitamina C"
174132,"Bevande, OCEAN SPRAY, Cran Grape"
174133,"Bevande, caffè, istantaneo, decaffeinato, in polvere"
174134,"Bevande, caffè, istantaneo, cicoria"
174135,"Bevande, caffè, istantaneo, mocha, zuccherato"
174136,"Bevande, OCEAN SPRAY, Light Cranberry and Raspberry Flavored Juice"
174137,"Bevande, OCEAN SPRAY, White Cranberry Strawberry Flavored Juice Drink"
174138,"Bevande, surrogato di caffè, bevanda di cereali, in polvere"
174139,"Bevande, surrogato di caffè, bevanda di cereali, preparato con acqua"
174140,"Bevande, bevanda al succo di mirtillo rosso e mela, in bottiglia"
174141,"Bevanda alcolica, birra al malto, limonata alcolica"
174142,"Bevande, bevanda al succo di mirtillo rosso e albicocca, in bottiglia"
174143,"Bevande, tè, verde, istantaneo, decaffeinato, limone, non zuccherato, fortificato con vitamina C"
174144,"Bevande, tè, nero, pronto da bere"
174145,"Bevanda alcolica, birra, leggero, a maggior gradazione"
174146,"Bevande, AMBER, sidro alcolico"
174147,"Bevande, OCEAN SPRAY, Cran Cherry"
174148,"Bevande, OCEAN SPRAY, Light Cranberry"
174149,"Bevande, OCEAN SPRAY, White Cranberry Peach"
174150,"Bevande, OCEAN SPRAY, Light Cranberry, Concord Grape"
174151,"Bevande, Bevanda al punch di frutta, con nutrienti aggiunti, in scatola"
174152,"Bevande, Bevanda al punch di frutta, concentrato surgelato"
174153,"Bevande, Bevanda al punch di frutta, concentrato surgelato, preparato con acqua"
174154,"Bevande, caffè, istantaneo, vaniglia, zuccherato, decaffeinato, con sbiancante senza latte"
174155,"Bevande, tè, nero, in infusione, preparato con acqua distillata"
174156,"Bevande, tè, alle erbe, in infusione, camomilla"
174157,"Bevande, vino, analcolico"
174158,"Acqua, in bottiglia, generico"
174159,"Bevande, preparato al gusto cioccolato per latte, in polvere, con nutrienti aggiunti"
174160,"Bevande, preparato al gusto cioccolato per latte, in polvere, con nutrienti aggiunti, preparato con latte intero"
174161,"Bevande, Acqua con vitamine e minerali aggiunti, in bottiglia, zuccherato, gusti di frutta assortiti"
174162,"Bevande, V8 SPLASH Juice Drinks, Diet Berry Blend"
174163,"Bevande, V8 SPLASH Juice Drinks, Diet Fruit Medley"
174164,"Bevande, V8 SPLASH Juice Drinks, Diet Strawberry Kiwi"
174165,"Bevande, V8 SPLASH Juice Drinks, mango e pesca"
174166,"Bevande, V8 SPLASH Juice Drinks, arancia e ananas"
174167,"Bevande, V8 SPLASH Juice Drinks, Orchard Blend"
174168,"Bevande, V8 SPLASH Juice Drinks, fragola e banana"
174169,"Bevande, V8 V-FUSION Juices, tropicale"
174170,"Bevande, V8 V- FUSION Juices, bacche di açaí"
174171,"Bevande, Bevanda energetica, AMP"
174172,"Bevande, Bevanda energetica, FULL THROTTLE"
174173,"Bevande, Bevanda al succo di verdura e frutta, a ridotto contenuto calorico, con dolcificante ipocalorico, vitamina C aggiunta"
174174,"Bevande, bevanda a base di latte, a ridotto contenuto di grassi, aromatizzato e zuccherato, pronto da bere, calcio aggiunto, vitamine A e D"
174175,"Bevande, succo misto di verdura e frutta, 100% succo, con vitamine A, C, E"
174176,"Bevande, bevanda al succo di frutta, a ridotto contenuto di zuccheri, con vitamina E aggiunta"
174177,"Bevande, Bevanda energetica, VAULT Zero, senza zucchero, gusto agrumi"
174178,"Bevande, PEPSICO QUAKER, Gatorade G2, a basso contenuto calorico"
174179,"Bevande, Bevanda al gusto di frutta, meno del 3% di succo, non fortificato con vitamina C"
174180,"Bevande, Bevanda al gusto di frutta con meno del 3% di succo, ad alto contenuto di vitamina C"
174181,"Bevande, preparato per frullato nutrizionale, ad alto contenuto proteico, in polvere"
174182,"Pesce, acciuga, europeo, crudo"
174183,"Pesce, acciuga, europeo, in scatola sott'olio, solidi scolati"
174184,"Pesce, spigola, d'acqua dolce, specie miste, crudo"
174185,"Pesce, carpa, cotto, cottura a secco"
174186,"Pesce, pesce gatto, channel, selvatico, crudo"
174187,"Pesce, pesce gatto, channel, cotto, impanato e fritto"
174188,"Pesce, caviale, nero e rosso, granulare"
174189,"Pesce, merluzzo, atlantico, in scatola, solidi e liquido"
174190,"Pesce, merluzzo, atlantico, essiccato e salato"
174191,"Pesce, merluzzo, del Pacifico, crudo (forse precedentemente congelato)"
174192,"Pesce, ombrina, atlantico, crudo"
174193,"Pesce, anguilla, specie miste, crudo"
174194,"Pesce, anguilla, specie miste, cotto, cottura a secco"
174195,"Pesce, bastoncini di pesce, surgelato, preparato"
174196,"Pesce, pesce piatto (platessa e sogliola), crudo"
174197,"Pesce, pesce piatto (platessa e sogliola), cotto, cottura a secco"
174198,"Pesce, eglefino, cotto, cottura a secco"
174199,"Pesce, eglefino, affumicato"
174200,"Pesce, halibut, atlantico e del Pacifico, crudo"
174201,"Pesce, halibut, atlantico e del Pacifico, cotto, cottura a secco"
174202,"Crostacei, granchio, reale dell'Alaska, cotto, cottura umida"
174203,"Crostacei, granchio, reale dell'Alaska, imitazione, a base di surimi"
174204,"Crostacei, granchio, blu, crudo"
174205,"Crostacei, granchio, blu, cotto, cottura umida"
174206,"Crostacei, gambero di fiume, specie miste, selvatico, crudo"
174207,"Crostacei, gambero di fiume, specie miste, selvatico, cotto, cottura umida"
174208,"Crostacei, astice, del nord, crudo"
174209,"Crostacei, astice, del nord, cotto, cottura umida"
174210,"Crostacei, gamberetti, specie miste, crudo (può contenere additivi per trattenere l'umidità)"
174211,"Crostacei, aragosta, specie miste, crudo"
174212,"Molluschi, abalone, specie miste, crudo"
174213,"Molluschi, abalone, specie miste, cotto, fritto"
174214,"Molluschi, vongola, specie miste, crudo"
174215,"Molluschi, seppia, specie miste, crudo"
174216,"Molluschi, cozza, blu, crudo"
174217,"Molluschi, cozza, blu, cotto, cottura umida"
174218,"Molluschi, polpo, comune, crudo"
174219,"Molluschi, ostrica, del Pacifico, crudo"
174220,"Molluschi, capasanta, specie miste, crudo"
174221,"Molluschi, capasanta, specie miste, cotto, impanato e fritto"
174222,"Molluschi, capasanta, specie miste, imitazione, a base di surimi"
174223,"Molluschi, calamaro, specie miste, crudo"
174224,"Pesce, salmone, salmone keta, in scatola, senza sale, solidi scolati con lisca"
174225,"Pesce, salmone, rosa, in scatola, senza sale, solidi con lisca e liquido"
174226,"Pesce, salmone, salmone rosso, in scatola, senza sale, solidi scolati con lisca"
174227,"Pesce, tonno, leggero, in scatola sott'olio, senza sale, solidi scolati"
174228,"Pesce, spigola, striato, cotto, cottura a secco"
174229,"Pesce, pesce serra, cotto, cottura a secco"
174230,"Pesce, bottatrice, cotto, cottura a secco"
174231,"Pesce, pesce burro, cotto, cottura a secco"
174232,"Pesce, halibut, della Groenlandia, cotto, cottura a secco"
174233,"Pesce, aringa, del Pacifico, cotto, cottura a secco"
174234,"Pesce, molva, cotto, cottura a secco"
174235,"Pesce, lingcod, cotto, cottura a secco"
174236,"Pesce, sgombro, reale, cotto, cottura a secco"
174237,"Pesce, merluzzo giallo, atlantico, cotto, cottura a secco"
174238,"Pesce, pout, di mare, cotto, cottura a secco"
174239,"Pesce, uova di pesce, specie miste, cotto, cottura a secco"
174240,"Pesce, carbonaro, cotto, cottura a secco"
174241,"Pesce, sarago americano (scup), cotto, cottura a secco"
174242,"Pesce, trota di mare, specie miste, cotto, cottura a secco"
174243,"Pesce, alosa, americano, cotto, cottura a secco"
174244,"Pesce, spot, cotto, cottura a secco"
174245,"Pesce, rombo, europeo, cotto, cottura a secco"
174246,"Pesce, coregone, specie miste, cotto, cottura a secco"
174247,"Pesce, lupo di mare, atlantico, cotto, cottura a secco"
174248,"Pesce, ricciola, specie miste, cotto, cottura a secco"
174249,"Molluschi, polpo, comune, cotto, cottura umida"
174250,"Molluschi, ostrica, del Pacifico, cotto, cottura umida"
174251,"Pesce, pesce specchio atlantico, arancia, cotto, cottura a secco"
174252,"Fagioli di Lima, grande, secchi, crudo"
174253,"Fagioli di Lima, grande, secchi, cotto, lessato, senza sale"
174254,"Fagioli di Lima, grande, secchi, in scatola"
174255,"Fagioli di Lima, a semi sottili (baby), secchi, crudo"
174256,"Fagioli mung, secchi, crudo"
174257,"Fagioli mung, secchi, cotto, lessato, senza sale"
174258,"Noodle, cinese, vermicelli di soia (fagioli mung), disidratato"
174259,"Fagioli urd, secchi, crudo"
174260,"Arachidi, tutti i tipi, cotto, lessato, con sale"
174261,"Arachidi, tutti i tipi, tostato in olio, con sale"
174262,"Arachidi, tutti i tipi, tostato a secco, con sale"
174263,"Arachidi, spagnolo, crudo"
174264,"Arachidi, virginia, tostato in olio, con sale"
174265,"Burro di arachidi, a pezzi, con sale"
174266,"Burro di arachidi, vellutato, con sale"
174267,"Farina di arachidi, sgrassata"
174268,Estensore di carne
174269,"Salsiccia, senza carne"
174270,"Soia, secchi, crudo"
174271,"Soia, maturi cotti, lessato, senza sale"
174272,Tempeh
174273,"Farina di soia, intero, crudo"
174274,"Farina di soia, intero, arrosto"
174275,"Farina di soia, sgrassata"
174276,Isolato di proteine di soia
174277,Salsa di soia da soia e grano (shoyu)
174278,Salsa di soia di sola soia (tamari)
174279,Salsa di soia da proteine vegetali idrolizzate
174280,"Tofu, salato e fermentato (fuyu)"
174281,"Fagioli asparago, secchi, crudo"
174282,"Fagioli asparago, secchi, cotto, lessato, senza sale"
174283,"Fagioli alati, secchi, crudo"
174284,"Lenticchie, rosa o rosso, crudo"
174285,"Fagioli, kidney, rosso, secchi, in scatola, solidi scolati"
174286,"Fagioli, pinto, in scatola, solidi scolati"
174287,"Burger vegetali o di soia, non preparato"
174288,Farina di ceci (besan)
174289,"Hummus, commerciale"
174290,"Tofu, extra sodo, preparato con nigari"
174291,"Tofu, duro, preparato con nigari"
174292,"MORI-NU, Tofu, silken, morbido"
174293,"Latte di soia, cioccolato, non fortificato"
174294,"Burro di arachidi, liscio"
174295,"Latte di soia, cioccolato, con calcio aggiunto, vitamine A e D"
174296,"Fagioli rifritti, in scatola, vegetariano"
174297,"Vitasoy USA, Organic Nasoya Super Firm Cubed Tofu"
174298,"Fagioli rifritti, in scatola, tradizionale, a ridotto contenuto di sodio"
174299,"Soia, secchi, cotto, lessato, con sale"
174300,"Soia, secchi, arrosto, senza sale aggiunto"
174301,"Concentrato di proteine di soia, prodotta con lavaggio acido"
174302,"Isolato di proteine di soia, tipo potassio"
174303,"Tofu, essiccato-congelato (koyadofu), preparato con solfato di calcio"
174304,"Tofu, fritto, preparato con solfato di calcio"
174305,"Tofu, salato e fermentato (fuyu), preparato con solfato di calcio"
174306,"Fagioli asparago, secchi, cotto, lessato, con sale"
174307,"Agnello, insieme di tagli rifilati, solo magro, grasso rifilato a 6 mm, grado choice, crudo"
174308,"Agnello, insieme di tagli rifilati, solo magro, grasso rifilato a 6 mm, grado choice, cotto"
174309,"Agnello, insieme di tagli rifilati, grasso separabile, grasso rifilato a 6 mm, grado choice, crudo"
174310,"Agnello, insieme di tagli rifilati, grasso separabile, grasso rifilato a 6 mm, grado choice, cotto"
174311,"Agnello, coscia, intera (stinco e scamone), magro e grasso, grasso rifilato a 6 mm, grado choice, crudo"
174312,"Agnello, coscia, intera (stinco e scamone), magro e grasso, grasso rifilato a 6 mm, grado choice, cotto, arrosto"
174313,"Agnello, coscia, intera (stinco e scamone), solo magro, grasso rifilato a 6 mm, grado choice, crudo"
174314,"Agnello, coscia, intera (stinco e scamone), solo magro, grasso rifilato a 6 mm, grado choice, cotto, arrosto"
174315,"Agnello, coscia, metà dello stinco, magro e grasso, grasso rifilato a 6 mm, grado choice, crudo"
174316,"Agnello, coscia, metà scamone, magro e grasso, grasso rifilato a 6 mm, grado choice, cotto, arrosto"
174317,"Agnello, coscia, metà scamone, solo magro, grasso rifilato a 6 mm, grado choice, crudo"
174318,"Agnello, coscia, metà scamone, solo magro, grasso rifilato a 6 mm, grado choice, cotto, arrosto"
174319,"Agnello, lombata, magro e grasso, grasso rifilato a 6 mm, grado choice, crudo"
174320,"Agnello, lombata, solo magro, grasso rifilato a 6 mm, grado choice, cotto, arrosto"
174321,"Agnello, costata, magro e grasso, grasso rifilato a 6 mm, grado choice, crudo"
174322,"Agnello, costata, magro e grasso, grasso rifilato a 6 mm, grado choice, cotto, grigliato"
174323,"Agnello, costata, magro e grasso, grasso rifilato a 6 mm, grado choice, cotto, arrosto"
174324,"Agnello, spalla, intera (braccio e paletta), magro e grasso, grasso rifilato a 6 mm, grado choice, cotto, grigliato"
174325,"Agnello, spalla, intera (braccio e paletta), magro e grasso, grasso rifilato a 6 mm, grado choice, cotto, arrosto"
174326,"Agnello, spalla, intera (braccio e paletta), solo magro, grasso rifilato a 6 mm, grado choice, crudo"
174327,"Agnello, spalla, intera (braccio e paletta), solo magro, grasso rifilato a 6 mm, grado choice, cotto, brasato"
174328,"Agnello, spalla, braccio, magro e grasso, grasso rifilato a 6 mm, grado choice, cotto, grigliato"
174329,"Agnello, spalla, braccio, magro e grasso, grasso rifilato a 6 mm, grado choice, cotto, arrosto"
174330,"Agnello, spalla, braccio, solo magro, grasso rifilato a 6 mm, grado choice, crudo"
174331,"Agnello, spalla, braccio, solo magro, grasso rifilato a 6 mm, grado choice, cotto, brasato"
174332,"Agnello, spalla, paletta, magro e grasso, grasso rifilato a 6 mm, grado choice, cotto, grigliato"
174333,"Agnello, spalla, paletta, magro e grasso, grasso rifilato a 6 mm, grado choice, cotto, arrosto"
174334,"Agnello, spalla, paletta, solo magro, grasso rifilato a 6 mm, grado choice, crudo"
174335,"Agnello, spalla, paletta, solo magro, grasso rifilato a 6 mm, grado choice, cotto, brasato"
174336,"Agnello, Nuova Zelanda, importato, surgelato, insieme di tagli rifilati, magro e grasso, crudo"
174337,"Agnello, Nuova Zelanda, importato, surgelato, insieme di tagli rifilati, magro e grasso, cotto"
174338,"Agnello, Nuova Zelanda, importato, surgelato, insieme di tagli rifilati, solo magro, crudo"
174339,"Agnello, Nuova Zelanda, importato, surgelato, insieme di tagli rifilati, solo magro, cotto"
174340,"Agnello, Nuova Zelanda, importato, stinco anteriore, solo magro, crudo"
174341,"Agnello, Nuova Zelanda, importato, stinco anteriore, solo magro, cotto, brasato"
174342,"Agnello, Nuova Zelanda, importato, fettina di coscia, con osso, magro e grasso, crudo"
174343,"Agnello, Nuova Zelanda, importato, surgelato, coscia, intera (stinco e scamone), magro e grasso, cotto, arrosto"
174344,"Selvaggina, alce, crudo"
174345,"Selvaggina, alce, cotto, arrosto"
174346,"Selvaggina, coniglio, d'allevamento, insieme di tagli, cotto, in umido"
174347,"Selvaggina, coniglio, selvatico, crudo"
174348,"Selvaggina, coniglio, selvatico, cotto, in umido"
174349,"Selvaggina, procione, cotto, arrosto"
174350,"Agnello, frattaglie, cervello, cotto, in padella"
174351,"Vitello, frattaglie, cervello, crudo"
174352,"Vitello, frattaglie, cervello, cotto, brasato"
174353,"Vitello, frattaglie, cervello, cotto, in padella"
174354,"Agnello, frattaglie, reni, crudo"
174355,"Agnello, frattaglie, reni, cotto, brasato"
174356,"Vitello, frattaglie, reni, crudo"
174357,"Vitello, frattaglie, reni, cotto, brasato"
174358,"Vitello, frattaglie, fegato, cotto, in padella"
174359,"Agnello, frattaglie, polmoni, crudo"
174360,"Agnello, frattaglie, polmoni, cotto, brasato"
174361,"Vitello, frattaglie, polmoni, crudo"
174362,"Vitello, frattaglie, animelle, crudo"
174363,"Vitello, frattaglie, animelle, cotto, brasato"
174364,"Agnello, frattaglie, milza, crudo"
174365,"Agnello, frattaglie, milza, cotto, brasato"
174366,"Agnello, frattaglie, lingua, crudo"
174367,"Agnello, frattaglie, lingua, cotto, brasato"
174368,"Vitello, frattaglie, lingua, crudo"
174369,"Vitello, frattaglie, lingua, cotto, brasato"
174370,"Agnello, macinato, crudo"
174371,"Agnello, stinco anteriore, magro e grasso, grasso rifilato a 3 mm, cotto, brasato"
174372,"Agnello, coscia, intera (stinco e scamone), magro e grasso, grasso rifilato a 3 mm, grado choice, crudo"
174373,"Agnello, coscia, intera (stinco e scamone), magro e grasso, grasso rifilato a 3 mm, grado choice, cotto, arrosto"
174374,"Agnello, coscia, metà dello stinco, magro e grasso, grasso rifilato a 3 mm, grado choice, crudo"
174375,"Agnello, lombata, magro e grasso, grasso rifilato a 3 mm, grado choice, cotto, grigliato"
174376,"Agnello, lombata, magro e grasso, grasso rifilato a 3 mm, grado choice, cotto, arrosto"
174377,"Agnello, costata, magro e grasso, grasso rifilato a 3 mm, grado choice, crudo"
174378,"Agnello, costata, magro e grasso, grasso rifilato a 3 mm, grado choice, cotto, grigliato"
174379,"Agnello, spalla, intera (braccio e paletta), magro e grasso, grasso rifilato a 3 mm, grado choice, cotto, arrosto"
174380,"Agnello, spalla, braccio, magro e grasso, grasso rifilato a 3 mm, grado choice, crudo"
174381,"Agnello, spalla, braccio, magro e grasso, grasso rifilato a 3 mm, grado choice, cotto, brasato"
174382,"Agnello, spalla, braccio, magro e grasso, grasso rifilato a 3 mm, cotto, grigliato"
174383,"Agnello, spalla, braccio, magro e grasso, grasso rifilato a 3 mm, grado choice, arrosto"
174384,"Agnello, Nuova Zelanda, importato, surgelato, insieme di tagli rifilati, magro e grasso, grasso rifilato a 3 mm, crudo"
174385,"Agnello, Nuova Zelanda, importato, surgelato, insieme di tagli rifilati, magro e grasso, grasso rifilato a 3 mm, cotto"
174386,"Agnello, Nuova Zelanda, importato, surgelato, stinco anteriore, magro e grasso, grasso rifilato a 3 mm, crudo"
174387,"Agnello, Nuova Zelanda, importato, surgelato, stinco anteriore, magro e grasso, grasso rifilato a 3 mm, cotto, brasato"
174388,"Agnello, nuova Zelanda, importato, surgelato, costata, magro e grasso, grasso rifilato a 3 mm, crudo"
174389,"Agnello, Nuova Zelanda, importato, surgelato, costata, magro e grasso, grasso rifilato a 3 mm, cotto, arrosto"
174390,"Agnello, Nuova Zelanda, importato, surgelato, spalla, intera (braccio e paletta), magro e grasso, grasso rifilato a 3 mm, crudo"
174391,"Agnello, Nuova Zelanda, importato, surgelato, spalla, intera (braccio e paletta), magro e grasso, grasso rifilato a 3 mm, cotto, brasato"
174392,"Vitello, petto, intero, disossato, magro e grasso, crudo"
174393,"Vitello, petto, intero, disossato, magro e grasso, cotto, brasato"
174394,"Vitello, petto, metà pancia, disossato, magro e grasso, cotto, brasato"
174395,"Vitello, petto, metà a punta, disossato, magro e grasso, cotto, brasato"
174396,"Vitello, petto, intero, disossato, solo magro, cotto, brasato"
174397,"Agnello, australiano, importato, fresco, insieme di tagli rifilati, magro e grasso, grasso rifilato a 3 mm, crudo"
174398,"Agnello, australiano, importato, fresco, insieme di tagli rifilati, magro e grasso, grasso rifilato a 3 mm, cotto"
174399,"Agnello, australiano, importato, fresco, insieme di tagli rifilati, solo magro, grasso rifilato a 3 mm, crudo"
174400,"Agnello, australiano, importato, fresco, insieme di tagli rifilati, solo magro, grasso rifilato a 3 mm, cotto"
174401,"Agnello, australiano, importato, fresco, stinco anteriore, solo magro, grasso rifilato a 3 mm, crudo"
174402,"Agnello, australiano, importato, fresco, stinco anteriore, solo magro, grasso rifilato a 3 mm, cotto, brasato"
174403,"Agnello, australiano, importato, fresco, coscia, intera (stinco e scamone), magro e grasso, grasso rifilato a 3 mm, crudo"
174404,"Agnello, australiano, importato, fresco, coscia, intera (stinco e scamone), magro e grasso, grasso rifilato a 3 mm, cotto, arrosto"
174405,"Agnello, australiano, importato, fresco, coscia, metà dello stinco, solo magro, grasso rifilato a 3 mm, cotto, arrosto"
174406,"Agnello, australiano, importato, fresco, coscia, metà scamone, disossato, magro e grasso, grasso rifilato a 3 mm, crudo"
174407,"Agnello, australiano, importato, fresco, coscia, metà scamone, disossato, magro e grasso, grasso rifilato a 3 mm, cotto, arrosto"
174408,"Agnello, australiano, importato, fresco, coscia, metà scamone, disossato, solo magro, grasso rifilato a 3 mm, crudo"
174409,"Agnello, australiano, importato, fresco, coscia, braciole di scamone, disossato, solo magro, grasso rifilato a 3 mm, cotto, grigliato"
174410,"Agnello, australiano, importato, fresco, coscia, fetta centrale, con osso, magro e grasso, grasso rifilato a 3 mm, crudo"
174411,"Agnello, australiano, importato, fresco, coscia, fetta centrale, con osso, magro e grasso, grasso rifilato a 3 mm, cotto, grigliato"
174412,"Agnello, australiano, importato, fresco, coscia, fetta centrale, con osso, solo magro, grasso rifilato a 3 mm, crudo"
174413,"Agnello, australiano, importato, fresco, lombata, solo magro, grasso rifilato a 3 mm, cotto, grigliato"
174414,"Agnello, australiano, importato, fresco, costoletta o carré arrosto, scalzato, con osso, magro e grasso, grasso rifilato a 3 mm, crudo"
174415,"Agnello, australiano, importato, fresco, costoletta, scalzato, con osso, magro e grasso, grasso rifilato a 3 mm, cotto, alla griglia"
174416,"Agnello, australiano, importato, fresco, costoletta o carré arrosto, scalzato, con osso, solo magro, grasso rifilato a 3 mm, crudo"
174417,"Agnello, australiano, importato, fresco, spalla, braccio, magro e grasso, grasso rifilato a 3 mm, crudo"
174418,"Agnello, australiano, importato, fresco, spalla, braccio, magro e grasso, grasso rifilato a 3 mm, cotto, brasato"
174419,"Agnello, australiano, importato, fresco, spalla, braccio, solo magro, grasso rifilato a 3 mm, crudo"
174420,"Agnello, australiano, importato, fresco, spalla, braccio, solo magro, grasso rifilato a 3 mm, cotto, brasato"
174421,"Selvaggina, bisonte, macinato, crudo"
174422,"Selvaggina, bisonte, macinato, cotto, in padella senza grassi"
174423,"Selvaggina, bisonte, scamone, solo magro, bistecca da 2,5 cm, cotto, grigliato"
174424,"Selvaggina, bisonte, reale, polpa di spalla, solo magro, cotto, brasato"
174425,"Selvaggina, wapiti, macinato, crudo"
174426,"Selvaggina, wapiti, macinato, cotto, in padella senza grassi"
174427,"Selvaggina, wapiti, lombata, solo magro, cotto, grigliato"
174428,"Selvaggina, wapiti, coscia, solo magro, cotto, grigliato"
174429,"Selvaggina, wapiti, filetto, solo magro, cotto, grigliato"
174430,"Selvaggina, cervo, filetto, solo magro, cotto, grigliato"
174431,"Selvaggina, cervo, fesa, solo magro, bistecca da 2,5 cm, cotto, grigliato"
174432,"Vitello, australiano, stinco, anteriore, con osso, solo magro, crudo"
174433,"Vitello, australiano, stinco, anteriore, con osso, magro e grasso, crudo"
174434,"Agnello, Nuova Zelanda, importato, Grasso intermuscolare, crudo"
174435,"Agnello, Nuova Zelanda, importato, grasso sottocutaneo, crudo"
174436,"Agnello, Nuova Zelanda, importato, cervello, cotto, ammollato e fritto"
174437,"Agnello, Nuova Zelanda, importato, cervello, crudo"
174438,"Agnello, Nuova Zelanda, importato, culatta, disossato, solo magro, crudo"
174439,"Agnello, Nuova Zelanda, importato, rene, cotto, ammollato e fritto"
174440,"Agnello, Nuova Zelanda, importato, bavetta di fianco, disossato, solo magro, cotto, brasato"
174441,"Agnello, Nuova Zelanda, importato, bavetta di fianco, disossato, solo magro, crudo"
174442,"Agnello, Nuova Zelanda, importato, rene, crudo"
174443,"Agnello, Nuova Zelanda, importato, cuore, cotto, ammollato e sobbollito"
174444,"Agnello, Nuova Zelanda, importato, cuore, crudo"
174445,"Agnello, Nuova Zelanda, importato, animelle, cotto, ammollato e sobbollito"
174446,"Agnello, Nuova Zelanda, importato, animelle, crudo"
174447,"Agnello, Nuova Zelanda, importato, coscia disossata a tunnel, senza culatta, senza stinco, solo magro, cotto, arrosto lento"
174448,"Agnello, Nuova Zelanda, importato, coscia disossata a tunnel, senza culatta, senza stinco, solo magro, crudo"
174449,"Agnello, Nuova Zelanda, importato, braciole di spalla a taglio quadrato, solo magro, cotto, brasato"
174450,"Agnello, Nuova Zelanda, importato, braciole di spalla a taglio quadrato, solo magro, crudo"
174451,"Agnello, Nuova Zelanda, importato, lombata, disossato, solo magro, cotto, arrosto veloce"
174452,"Agnello, Nuova Zelanda, importato, lombata, disossato, solo magro, crudo"
174453,"Agnello, Nuova Zelanda, importato, stinco posteriore, solo magro, cotto, brasato"
174454,"Agnello, Nuova Zelanda, importato, stinco posteriore, solo magro, crudo"
174455,"Agnello, Nuova Zelanda, importato, braciole di collo, solo magro, crudo"
174456,"Agnello, Nuova Zelanda, importato, carré completamente scalzato, solo magro, crudo"
174457,"Agnello, Nuova Zelanda, importato, braciola di lombata, solo magro, cotto, fritto veloce"
174458,"Agnello, Nuova Zelanda, importato, spalla a taglio quadrato, solo magro, cotto, arrosto lento"
174459,"Agnello, Nuova Zelanda, importato, fettina di coscia, con osso, solo magro, cotto, fritto veloce"
174460,"Agnello, Nuova Zelanda, importato, fettina di coscia, con osso, magro e grasso, cotto, fritto veloce"
174461,"Agnello, Nuova Zelanda, importato, braciola di lombata, magro e grasso, cotto, fritto veloce"
174462,"Agnello, Nuova Zelanda, importato, sella, magro e grasso, cotto, arrosto veloce"
174463,"Agnello, Nuova Zelanda, importato, sella, magro e grasso, crudo"
174464,"Agnello, Nuova Zelanda, importato, spalla in rete, arrotolato, disossato, magro e grasso, crudo"
174465,"Pollo, capponi, rigaglie, crudo"
174466,"Pollo, capponi, rigaglie, cotto, sobbollito"
174467,"Anatra, d'allevamento, fegato, crudo"
174468,"Anatra, selvatico, carne e pelle, crudo"
174469,"Anatra, selvatico, petto, solo carne, crudo"
174470,"Oca, d'allevamento, carne e pelle, crudo"
174471,"Faraona, solo carne, crudo"
174472,"Fagiano, crudo, carne e pelle"
174473,"Fagiano, crudo, solo carne"
174474,"Fagiano, petto, solo carne, crudo"
174475,"Piccione, (piccione), carne e pelle, crudo"
174476,"Emù, filetto a ventaglio, crudo"
174477,"Emù, filetto a ventaglio, cotto, grigliato"
174478,"Emù, filetto piatto, crudo"
174479,"Emù, culatta intera, crudo"
174480,"Emù, controfiletto, cotto, grigliato"
174481,"Struzzo, macinato, crudo"
174482,"Struzzo, macinato, cotto, in padella senza grassi"
174483,"Struzzo, ventaglio, crudo"
174484,"Struzzo, coscia esterna, crudo"
174485,"Struzzo, controfiletto esterno, crudo"
174486,"Struzzo, controfiletto esterno, cotto"
174487,"Struzzo, ostrica, crudo"
174488,"Struzzo, punta rifilata, cotto"
174489,"Struzzo, controfiletto, crudo"
174490,"Struzzo, controfiletto, cotto"
174491,"Pollo, fegato, tutte le classi, cotto, in padella"
174492,"Tacchino, macinato, 93% magro, 7% grasso, hamburger, grigliato"
174493,"Tacchino, macinato, 85% magro, 15% grasso, crudo"
174494,"Tacchino, macinato, 85% magro, 15% grasso, sbriciolato in padella"
174495,"Tacchino, macinato, 85% magro, 15% grasso, hamburger, grigliato"
174496,"Pollo, pelle (fusi e sovracosce), cotto, arrosto"
174497,"Pollo, polli da carne, carne scura, fuso, carne e pelle, cotto, brasato"
174498,"Pollo, polli da carne, carne scura, sovracoscia, carne e pelle, cotto, brasato"
174499,"Pollo, carne scura, fuso, solo carne, con soluzione aggiunta, crudo"
174500,"Pollo, carne scura, sovracoscia, solo carne, con soluzione aggiunta, cotto, arrosto"
174501,"Pollo, pelle (fusi e sovracosce), con soluzione aggiunta, cotto, brasato"
174502,"Pollo, pelle (fusi e sovracosce), con soluzione aggiunta, crudo"
174503,"Pollo, pelle (fusi e sovracosce), con soluzione aggiunta, cotto, arrosto"
174504,"Pollo, carne scura, fuso, carne e pelle, con soluzione aggiunta, cotto, brasato"
174505,"Pollo, carne scura, sovracoscia, carne e pelle, con soluzione aggiunta, cotto, arrosto"
174506,"Pollo, pollo da carne, allo spiedo, barbecue, solo carne del dorso"
174507,"Tacchino, carne scura dell'intero, solo carne, con soluzione aggiunta, crudo"
174508,"Tacchino, carne scura, solo carne, con soluzione aggiunta, cotto, arrosto"
174509,"Tacchino, carne scura dell'intero, carne e pelle, con soluzione aggiunta, crudo"
174510,"Tacchino, carne scura dell'intero, carne e pelle, con soluzione aggiunta, cotto, arrosto"
174511,"Tacchino intero, carne bianca, carne e pelle, con soluzione aggiunta, crudo"
174512,"Tacchino intero, carne bianca, carne e pelle, con soluzione aggiunta, cotto, arrosto"
174513,"Tacchino, parti al dettaglio, petto, solo carne, con soluzione aggiunta, crudo"
174514,"Tacchino, parti al dettaglio, petto, solo carne, con soluzione aggiunta, cotto, arrosto"
174515,"Tacchino, parti al dettaglio, petto, solo carne, crudo"
174516,"Tacchino, parti al dettaglio, petto, solo carne, cotto, arrosto"
174517,"Tacchino, parti al dettaglio, ala, solo carne, crudo"
174518,"Tacchino, parti al dettaglio, sovracoscia, solo carne, crudo"
174519,"Tacchino, petto, dall'intero animale, solo carne, con soluzione aggiunta, arrosto"
174520,"Tacchino, dorso, dall'intero animale, solo carne, con soluzione aggiunta, crudo"
174521,"Tacchino, dorso, dall'intero animale, solo carne, con soluzione aggiunta, arrosto"
174522,"Zuppa, pollo e funghi, in scatola, condensato"
174523,"Salsa, barbecue"
174524,"Salsa, salsa messicana, pronto da servire"
174525,"Salsa, fatto in casa, bianco, medio"
174526,"Salsa, fatto in casa, bianco, spesso"
174527,"Salsa, pronto da servire, al pepe o piccante"
174528,"Salsa, pronto da servire, pepe, TABASCO"
174529,"Salsa, ostrica, pronto da servire"
174530,"Zuppa, minestrone, in scatola, a ridotto contenuto di sodio, pronto da servire"
174531,"Salsa, pesce, pronto da servire"
174532,"Zuppa, pinna di squalo, preparato al ristorante"
174533,"Zuppa, fagioli e prosciutto, in scatola, a ridotto contenuto di sodio, preparato con acqua o pronto da servire"
174534,"Zuppa di piselli spezzati, in scatola, a ridotto contenuto di sodio, preparato con acqua o pronto da servire"
174535,"Zuppa di piselli spezzati con prosciutto, in scatola, a ridotto contenuto di sodio, preparato con acqua o pronto da servire"
174536,"Zuppa, brodo di pollo, pronto da servire"
174537,"Zuppa, crema di pollo, in scatola, preparato con pari volume di latte"
174538,"Zuppa, vegetale, in scatola, a basso contenuto di sodio, condensato"
174539,"Zuppa, zuppa di vongole, new England, in scatola, preparato con pari volume di latte parzialmente scremato"
174540,"Zuppa, crema di funghi, in scatola, preparato con pari volume di latte parzialmente scremato"
174541,"Zuppa, crema di cipolla, in scatola, preparato con pari volume di latte"
174542,"Salsa, bianco, sottile, fatto in casa, con burro"
174543,"Salsa, agrodolce, fatto in casa"
174544,"Salsa, barbecue, KRAFT, originale"
174545,"Zuppa, HEALTHY CHOICE Chicken Noodle Soup, in scatola"
174546,"Zuppa, pomodoro, in scatola, preparato con pari volume di latte parzialmente scremato"
174547,"CAMPBELL'S, zuppa di pomodoro, condensato"
174548,"CAMPBELL'S CHUNKY, Classic Chicken Noodle Soup"
174549,"Zuppa, crema di asparagi, in scatola, preparato con pari volume d'acqua"
174550,"Zuppa, formaggio, in scatola, preparato con pari volume d'acqua"
174551,"Zuppa, brodo di pollo, in scatola, preparato con pari volume d'acqua"
174552,"CAMPBELL'S CHUNKY, Hearty Beef Barley Soup"
174553,"Zuppa, crema di pollo, in scatola, preparato con pari volume d'acqua"
174554,"Zuppa, zuppa di vongole, manhattan, in scatola, preparato con pari volume d'acqua"
174555,"Zuppa, zuppa di vongole, new England, in scatola, preparato con pari volume d'acqua"
174556,"CAMPBELL'S CHUNKY, New England Clam Chowder"
174557,"Zuppa, brodo di manzo, dado, consommé, preparato con pari volume d'acqua"
174558,"Zuppa, funghi con brodo di manzo, in scatola, preparato con pari volume d'acqua"
174559,"Zuppa, crema di cipolla, in scatola, preparato con pari volume d'acqua"
174560,"Zuppa, zuppa di ostriche, in scatola, preparato con pari volume d'acqua"
174561,"Zuppa, pisello, verde, in scatola, preparato con pari volume d'acqua"
174562,"Zuppa, tacchino e pasta, in scatola, preparato con pari volume d'acqua"
174563,"Zuppa, tacchino e verdure, in scatola, preparato con pari volume d'acqua"
174564,"Zuppa, verdure vegetariana, in scatola, preparato con pari volume d'acqua"
174565,"Zuppa, manzo e verdure, in scatola, preparato con pari volume d'acqua"
174566,"Zuppa, dadi di brodo di pollo, secco, preparato con acqua"
174567,"Zuppa, crema di pollo, secco, preparato, preparato con acqua"
174568,"Zuppa, cipolla, secco, preparato, preparato con acqua"
174569,"Zuppa, pomodoro, secco, preparato, preparato con acqua"
174570,"Roast beef, stile gastronomia, preconfezionato, a fette"
174571,"Carne in scatola da affettare, maiale, in scatola"
174572,"Petto di tacchino, a basso contenuto di sale, preconfezionato o da banco, carne in scatola da affettare"
174573,"Mortadella, manzo, maiale"
174574,"Polpettone al pepe, maiale, manzo"
174575,"Salame piccante (pepperoni), manzo e maiale, a fette"
174576,"Polpettone con cetriolini e peperone, maiale"
174577,"Salsiccia polacca, maiale"
174578,"Salsiccia di maiale, salsiccia o hamburger, cotto, in padella"
174579,"Salsiccia, maiale e manzo, fresco, cotto"
174580,"Salsiccia, tacchino, a ridotto contenuto di grassi, da dorare e servire, cotto"
174581,Crema spalmabile di insalata di pollame
174582,"Salame, secco o duro, maiale, manzo"
174583,"Crema spalmabile per panini, maiale, manzo"
174584,"Salsiccia, salsiccia affumicata, maiale"
174585,"Salsiccia, salsiccia affumicata, maiale e manzo"
174586,"Salsiccia, italiano, maiale, delicato, cotto, in padella"
174587,"Salsiccia da affettare, maiale e manzo"
174588,"Salsiccia, New england brand, maiale, manzo"
174589,"Oscar Mayer, Mortadella (manzo)"
174590,"Oscar Mayer, Smokies Sausage Little Cheese (pork, turkey)"
174591,"Oscar Mayer, Würstel (di manzo)"
174592,"Bacon, tacchino, non preparato"
174593,Hormel Pillow Pak Sliced Turkey Pepperoni
174594,"Carne in scatola da affettare, maiale e pollo, tritato fine, in scatola, incluso Spam Lite"
174595,"Bratwurst, vitello, cotto"
174596,Crema spalmabile di liverwurst
174597,Crema spalmabile di roast beef
174598,"Salame, maiale, manzo, con meno sodio"
174599,"Salsiccia, estivo, maiale e manzo, bastoncini, con cheddar"
174600,"Salsiccia, tacchino, salsicciotti da colazione, delicato, crudo"
174601,"Swisswurst, maiale e manzo, con formaggio svizzero, affumicato"
174602,Bastoncini di bacon e manzo
174603,"Salame, italiano, maiale"
174604,"Salsiccia, italiano, tacchino, affumicato"
174605,"Salsiccia, pollo, manzo, maiale, senza pelle, affumicato"
174606,"Salsiccia, tacchino, piccante, affumicato"
174607,"Kielbasa, polacca, tacchino e manzo, affumicato"
174608,"Petto di pollo, panino, arrosto al forno"
174609,"Mortadella, maiale e tacchino, light"
174610,"Mortadella, maiale, tacchino e manzo"
174611,"Prosciutto, miele, affumicato, cotto"
174612,"Tacchino, petto, affumicato, gusto limone e pepe, 97% senza grassi"
174613,"Tacchino, bianco, allo spiedo, taglio da banco"
174614,"Würstel, manzo, riscaldato"
174615,"Würstel, carne, riscaldato"
174616,"Salsiccia, salsiccia da colazione, manzo, precotto, non preparato"
174617,"Salsiccia, tacchino, fresco, crudo"
174618,"Salsiccia, manzo, fresco, cotto"
174619,"Cereali da colazione, MALT-O-MEAL, COCO-ROOS"
174620,"Cereali da colazione, QUAKER, QUAKER OAT CINNAMON LIFE"
174621,"Cereali da colazione, QUAKER, HONEY GRAHAM OH!S"
174622,"Cereali da colazione, QUAKER, Oatmeal Squares"
174623,"Cereali da colazione, QUAKER, Oatmeal Squares, cannella"
174624,"Cereali, QUAKER, Fiocchi d'avena istantanei, varietà frutta e panna, secco"
174625,"Cereali, QUAKER, Fiocchi d'avena istantanei, uvetta, datteri e noci, secco"
174626,"Cereali, QUAKER, crusca d'avena, QUAKER/MOTHER'S Oat Bran, secco"
174627,"Cereali, QUAKER, crusca d'avena, QUAKER/MOTHER'S Oat Bran, preparato con acqua, senza sale"
174628,"Cereali da colazione, POST, Waffle Crisp"
174629,"Cereali, QUAKER, semola di mais nixtamalizzato, bianco, rapido, secco"
174630,"Cereali, QUAKER, semola di mais nixtamalizzato, bianco, normale, secco"
174631,"Cereali da colazione, MALT-O-MEAL, COLOSSAL CRUNCH"
174632,"Cereali da colazione, QUAKER, MOTHER'S Cinnamon Oat Crunch"
174633,"Cereali da colazione, QUAKER, MOTHER'S GRAHAM BUMPERS"
174634,"Cereali da colazione, QUAKER, MOTHER'S COCOA BUMPERS"
174635,"Cereali da colazione, SUN COUNTRY, KRETSCHMER Toasted Wheat Bran"
174636,"Cereali, QUAKER, Fiocchi d'avena istantanei, cannella e spezie, secco"
174637,"Cereali, QUAKER, Fiocchi d'avena istantanei, DINOSAUR EGGS, zucchero di canna, secco"
174638,"Cereali, QUAKER, Fiocchi d'avena istantanei, pane alla banana, secco"
174639,"Cereali da colazione, UNCLE SAM CEREAL"
174640,"Cereali, QUAKER, avena a cottura rapida con ferro, secco"
174641,"Cereali, QUAKER, cereali di grano integrale, secco"
174642,"Cereali da colazione, MALT-O-MEAL, Honey BUZZERS"
174643,"Cereali da colazione, MALT-O-MEAL, GOLDEN PUFFS"
174644,"Cereali da colazione, MOM'S BEST, Honey Nut TOASTY O'S"
174645,"Cereali da colazione, MALT-O-MEAL, Apple ZINGS"
174646,"Cereali da colazione, MALT-O-MEAL, CINNAMON TOASTERS"
174647,"Cereali da colazione, MALT-O-MEAL, Cocoa DYNO-BITES"
174648,"Cereali da colazione, RALSTON Corn Flakes"
174649,"Cereali da colazione, RALSTON Crispy Hexagons"
174650,Barretta di latte e cereali
174651,"Cereali, MALT-O-MEAL, originale, naturale, preparato con acqua, senza sale"
174652,"Cereali da colazione, QUAKER, Christmas Crunch"
174653,"Cereali da colazione, POST SELECTS Maple Pecan Crunch"
174654,"Cereali da colazione, NATURE'S PATH, Organic FLAX PLUS, Pumpkin Granola"
174655,"Cereali, CREAM OF WHEAT, cottura 2 minuti e mezzo, secco"
174656,"Incaparina, preparato secco (farine di mais e soia), non preparato"
174657,"Cereali da colazione, QUAKER, CAP'N CRUNCH'S Halloween Crunch"
174658,"Cereali da colazione, QUAKER, Natural Granola Apple Cranberry Almond"
174659,"Cereali da colazione, QUAKER, Maple Brown Sugar LIFE Cereal"
174660,"Cereali, QUAKER, fiocchi d'avena istantanei biologici, normale"
174661,"Cereali, QUAKER, Fiocchi d'avena istantanei, frutta e panna, vari gusti, a ridotto contenuto di zuccheri"
174662,"Cereali, QUAKER, Fiocchi d'avena istantanei, mela e cannella, a ridotto contenuto di zuccheri"
174663,"Cereali da colazione, POST, HONEY BUNCHES OF OATS, pecan bunches"
174664,"Cereali da colazione, MALT-O-MEAL, CHOCOLATE MARSHMALLOW MATEYS"
174665,"Fichi, essiccato, non cotto"
174666,"Fichi, essiccato, in umido"
174667,"Macedonia, (pesca, ananas, pera, uva e ciliegia), in scatola, al naturale, solidi e liquidi"
174668,"Macedonia, (pesca, ananas, pera, uva e ciliegia), in scatola, nel proprio succo, solidi e liquidi"
174669,"Macedonia, (pesca, pera, albicocca, ananas e ciliegia), in scatola, al naturale, solidi e liquidi"
174670,"Macedonia, (pesca, pera, albicocca, ananas e ciliegia), in scatola, nel proprio succo, solidi e liquidi"
174671,"Macedonia, (pesca, pera, albicocca, ananas e ciliegia), in scatola, sciroppo leggero, solidi e liquidi"
174672,"Macedonia, (pesca, pera, albicocca, ananas e ciliegia), in scatola, sciroppo molto denso, solidi e liquidi"
174673,"Pompelmo, crudo, rosa e rosso, tutte le aree"
174674,"Pompelmo, crudo, rosa e rosso, California e Arizona"
174675,"Pompelmo, crudo, rosa e rosso, Florida"
174676,"Pompelmo, crudo, bianco, tutte le aree"
174677,"Pompelmo, crudo, bianco, California"
174678,"Succo di pompelmo, bianco, in scatola o in bottiglia, non zuccherato"
174679,"Succo di pompelmo, bianco, in scatola, zuccherato"
174680,"Succo di pompelmo, bianco, concentrato surgelato, non zuccherato, non diluito"
174681,"Succo di pompelmo, bianco, concentrato surgelato, non zuccherato, diluito con 3 volumi d'acqua"
174682,"Uva, tipo americano (buccia staccabile), crudo"
174683,"Uva, rossa o bianca (tipo europeo, come Thompson senza semi), crudo"
174684,"Uva, in scatola, thompson senza semi, al naturale, solidi e liquidi"
174685,"Uva, in scatola, thompson senza semi, in sciroppo denso, solidi e liquidi"
174686,"Salsa di guava, cotto"
174687,"Jackfruit, crudo"
174688,"Manzo, filetto di controfiletto, disossato, solo magro, grasso rifilato a 3 mm, tutte le qualità, cotto, alla griglia"
174689,"Manzo, filetto di controfiletto, disossato, solo magro, grasso rifilato a 3 mm, grado choice, cotto, alla griglia"
174690,"Manzo, filetto di controfiletto, disossato, solo magro, grasso rifilato a 3 mm, grado select, cotto, alla griglia"
174691,"Manzo, arrostino o filetto di controfiletto, disossato, solo magro, grasso rifilato a 3 mm, grado choice, crudo"
174692,"Manzo, arrostino o filetto di controfiletto, disossato, solo magro, grasso rifilato a 3 mm, grado select, crudo"
174693,"Manzo, lombata, filetto di scamone, disossato, solo magro, grasso rifilato a 0 mm, tutte le qualità, cotto, alla griglia"
174694,"Manzo, lombata, filetto di scamone, disossato, solo magro, grasso rifilato a 0 mm, grado choice, cotto, alla griglia"
174695,"Manzo, lombata, arrostino o filetto di scamone, disossato, solo magro, grasso rifilato a 0 mm, grado select, crudo"
174696,"Manzo, arrostino o filetto di entrecôte, disossato, solo magro, grasso rifilato a 0 mm, tutte le qualità, crudo"
174697,"Manzo, arrostino o filetto di entrecôte, disossato, solo magro, grasso rifilato a 0 mm, grado choice, crudo"
174698,"Manzo, arrostino o filetto di entrecôte, disossato, solo magro, grasso rifilato a 0 mm, grado select, crudo"
174699,"Manzo, bistecca di copertina di costata, disossato, solo magro, grasso rifilato a 0 mm, grado choice, crudo"
174700,"Manzo, bistecca di copertina di costata, disossato, solo magro, grasso rifilato a 0 mm, grado select, crudo"
174701,"Manzo, filetto di entrecôte, disossato, solo magro, grasso rifilato a 0 mm, tutte le qualità, cotto, alla griglia"
174702,"Manzo, filetto di entrecôte, disossato, solo magro, grasso rifilato a 0 mm, grado choice, cotto, alla griglia"
174703,"Manzo, filetto di entrecôte, disossato, solo magro, grasso rifilato a 0 mm, grado select, cotto, alla griglia"
174704,"Manzo, lombata, bistecca di copertina di scamone, disossato, magro e grasso, grasso rifilato a 3 mm, grado choice, cotto, alla griglia"
174705,"Manzo, lombata, bistecca di copertina di scamone, disossato, magro e grasso, grasso rifilato a 3 mm, grado select, cotto, alla griglia"
174706,"Manzo, lombata, bistecca di copertina di scamone, disossato, magro e grasso, grasso rifilato a 3 mm, tutte le qualità, crudo"
174707,"Manzo, lombata, bistecca di copertina di scamone, disossato, magro e grasso, grasso rifilato a 3 mm, grado choice, crudo"
174708,"Manzo, arrostino di controfiletto, disossato, magro e grasso, grasso rifilato a 3 mm, tutte le qualità, cotto, arrosto"
174709,"Manzo, arrostino di controfiletto, disossato, magro e grasso, grasso rifilato a 3 mm, grado choice, cotto, arrosto"
174710,"Manzo, arrostino di controfiletto, disossato, magro e grasso, grasso rifilato a 3 mm, grado select, cotto, arrosto"
174711,"Manzo, arrostino o filetto di controfiletto, disossato, magro e grasso, grasso rifilato a 3 mm, tutte le qualità, crudo"
174712,"Manzo, lombata, bistecca di controfiletto, disossato, con copertina, magro e grasso, grasso rifilato a 3 mm, grado choice, cotto, alla griglia"
174713,"Manzo, lombata, bistecca di controfiletto, disossato, con copertina, magro e grasso, grasso rifilato a 3 mm, grado select, cotto, alla griglia"
174714,"Manzo, lombata, bistecca di controfiletto, disossato, con copertina, magro e grasso, grasso rifilato a 3 mm, tutte le qualità, cotto, alla griglia"
174715,"Manzo, Nuova Zelanda, importato, polpa di spalla (bolar), solo magro, cotto, arrosto veloce"
174716,"Manzo, Nuova Zelanda, importato, polpa di spalla (bolar), solo magro, crudo"
174717,"Manzo, Nuova Zelanda, importato, punta di petto (parte dell'ombelico), solo magro, cotto, brasato"
174718,"Manzo, Nuova Zelanda, importato, punta di petto (parte dell'ombelico), solo magro, crudo"
174719,"Manzo, Nuova Zelanda, importato, cube roll (costata disossata), solo magro, cotto, arrosto veloce"
174720,"Manzo, Nuova Zelanda, importato, cube roll (costata disossata), solo magro, crudo"
174721,"Manzo, Nuova Zelanda, importato, girello, solo magro, cotto, arrosto lento"
174722,"Manzo, Nuova Zelanda, importato, girello, solo magro, crudo"
174723,"Manzo, Nuova Zelanda, importato, frattaglie, cuore, crudo"
174724,"Manzo, Nuova Zelanda, importato, stinco posteriore, solo magro, cotto, brasato"
174725,"Manzo, Nuova Zelanda, importato, stinco posteriore, solo magro, crudo"
174726,"Manzo, Nuova Zelanda, importato, interno, crudo"
174727,"Manzo, Nuova Zelanda, importato, frattaglie, rene, crudo"
174728,"Manzo, Nuova Zelanda, importato, frattaglie, fegato, cotto, lessato"
174729,"Manzo, Nuova Zelanda, importato, frattaglie, fegato, crudo"
174730,"Manzo, Nuova Zelanda, importato, manzo da lavorazione, cotto, lessato"
174731,"Manzo, Nuova Zelanda, importato, costine preparate, crudo"
174732,"Manzo, Nuova Zelanda, importato, centro di culatta, solo magro, cotto, fritto veloce"
174733,"Manzo, Nuova Zelanda, importato, controfiletto, solo magro, cotto, fritto veloce"
174734,"Manzo, Nuova Zelanda, importato, controfiletto, solo magro, crudo"
174735,"Manzo, Nuova Zelanda, importato, paletta (oyster blade), magro e grasso, crudo"
174736,"Manzo, Nuova Zelanda, importato, filetto, solo magro, crudo"
174737,"Manzo, Nuova Zelanda, importato, frattaglie, lingua, cotto, lessato"
174738,"Manzo, Nuova Zelanda, importato, frattaglie, lingua, crudo"
174739,"Manzo, Nuova Zelanda, importato, punta di petto (parte dell'ombelico), magro e grasso, cotto, brasato"
174740,"Manzo, Nuova Zelanda, importato, punta di petto (parte dell'ombelico), magro e grasso, crudo"
174741,"Manzo, Nuova Zelanda, importato, punta di petto (parte grassa), magro e grasso, cotto, brasato"
174742,"Manzo, Nuova Zelanda, importato, punta di petto (parte grassa), magro e grasso, crudo"
174743,"Manzo, Nuova Zelanda, importato, girello, magro e grasso, cotto, arrosto lento"
174744,"Manzo, Nuova Zelanda, importato, girello, magro e grasso, crudo"
174745,"Manzo, Nuova Zelanda, importato, bavetta, magro e grasso, cotto, brasato"
174746,"Manzo, Nuova Zelanda, importato, bavetta, magro e grasso, crudo"
174747,"Manzo, Nuova Zelanda, importato, piatto, magro e grasso, cotto, brasato"
174748,"Manzo, Nuova Zelanda, importato, centro di culatta, magro e grasso, cotto, fritto veloce"
174749,"Manzo, Nuova Zelanda, importato, centro di culatta, solo magro, crudo"
174750,"Manzo, Nuova Zelanda, importato, centro di culatta, magro e grasso, crudo"
174751,"Manzo, Nuova Zelanda, importato, controfiletto, magro e grasso, cotto, fritto veloce"
174752,"Manzo, macinato, 93% magro / 7% grasso, hamburger, cotto, grigliato"
174753,"Manzo, macinato, 93% magro / 7% grasso, hamburger, cotto, in padella senza grassi"
174754,"Manzo, macinato, 93% magro / 7% grasso, in forma, cotto, al forno"
174755,"Manzo, macinato, 93% magro / 7% grasso, sbriciolato, cotto, rosolato in padella"
174756,"Manzo, macinato, 97% magro / 3% grasso, sbriciolato, cotto, rosolato in padella"
174757,"Manzo, insieme di tagli rifilati, magro e grasso, grasso rifilato a 0 mm, tutte le qualità, crudo"
174758,"Manzo, insieme di tagli rifilati, solo magro, grasso rifilato a 3 mm, tutte le qualità, crudo"
174759,"Manzo, insieme di tagli rifilati, solo magro, grasso rifilato a 3 mm, tutte le qualità, cotto"
174760,"Manzo, insieme di tagli rifilati, solo magro, grasso rifilato a 0 mm, tutte le qualità, crudo"
174761,"Manzo, costata, parte posteriore (coste 10-12), solo magro, grasso rifilato a 3 mm, grado choice, crudo"
174762,"Manzo, filetto, bistecca, solo magro, grasso rifilato a 3 mm, grado choice, crudo"
174763,"Manzo, scamone, bistecca, solo magro, grasso rifilato a 3 mm, grado choice, crudo"
174764,"Manzo, costata, parte posteriore (coste 10-12), solo magro, grasso rifilato a 3 mm, grado choice, cotto, grigliato"
174765,"Manzo, reale, arrosto di braccio, solo magro, grasso rifilato a 3 mm, grado select, crudo"
174766,"Manzo, punta di petto, metà piatta, solo magro, grasso rifilato a 3 mm, grado select, crudo"
174767,"Manzo, reale, arrosto di braccio, solo magro, grasso rifilato a 3 mm, grado select, cotto, brasato"
174768,"Manzo, punta di petto, metà piatta, solo magro, grasso rifilato a 3 mm, grado select, cotto, brasato"
174769,"Manzo, frattaglie, trippa, cotto, sobbollito"
174770,"Manzo, scamone inferiore, punta di scamone (tri-tip), solo magro, grasso rifilato a 0 mm, tutte le qualità, crudo"
174771,"Manzo, scamone inferiore, punta di scamone (tri-tip), solo magro, grasso rifilato a 0 mm, grado choice, cotto, arrosto"
174772,"Manzo, scamone inferiore, punta di scamone (tri-tip), solo magro, grasso rifilato a 0 mm, grado choice, crudo"
174773,"Manzo, scamone inferiore, punta di scamone (tri-tip), solo magro, grasso rifilato a 0 mm, grado select, cotto, arrosto"
174774,"Manzo, bavetta, bistecca, solo magro, grasso rifilato a 0 mm, tutte le qualità, cotto, grigliato"
174775,"Manzo, bavetta, bistecca, solo magro, grasso rifilato a 0 mm, grado select, cotto, grigliato"
174776,"Manzo, bavetta, bistecca, solo magro, grasso rifilato a 0 mm, tutte le qualità, crudo"
174777,"Manzo, bavetta, bistecca, solo magro, grasso rifilato a 0 mm, grado select, crudo"
174778,"Snack, popcorn, microonde, a basso contenuto di grassi"
174779,"Snack, rotoli di caramelle, ricoperto di yogurt, al gusto di frutta ad alto contenuto di vitamina C"
174780,"Barretta formulata, MARS SNACKFOOD US, SNICKERS MARATHON Chewy Chocolate Peanut Bar"
174781,"Barretta formulata, MARS SNACKFOOD US, SNICKERS MARATHON MULTIGRAIN CRUNCH BAR"
174782,"Barretta formulata, MARS SNACKFOOD US, COCOAVIA, Chocolate Almond Snack Bar"
174783,"Snack, chips di patata dolce, non salato"
174784,"Snack, FRITOLAY, SUNCHIPS, snack multicereali, gusto originale"
174785,"Snack, popcorn, microonde, gusto normale (burro), con olio parzialmente idrogenato"
174786,"Barretta formulata, MARS SNACKFOOD US, SNICKERS MARATHON Protein Performance Bar, Caramel Nut Rush"
174787,"Barretta formulata, LUNA BAR, NUTZ OVER CHOCOLATE"
174788,"Snack, FRITOLAY, SUNCHIPS, multicereali, gusto cipolla francese"
174789,"Snack, FRITOLAY, SUNCHIPS, snack multicereali, Harvest Cheddar flavor"
174790,"Pretzel, morbido, non salato"
174791,"Snack, chips di verdure, HAIN CELESTIAL GROUP, TERRA CHIPS"
174792,"Barretta formulata, ZONE PERFECT CLASSIC CRUNCH BAR, gusti misti"
174793,"Snack, barretta di granola, KASHI GOLEAN, morbido, gusti misti"
174794,"Snack, barretta di granola, KASHI TLC Bar, morbido, gusti misti"
174795,"Snack, barrette di granola, QUAKER OATMEAL TO GO, tutti i gusti"
174796,"Snack, chips di verdure, da verdure dell'orto"
174797,"Snack, barretta di granola, KASHI TLC Bar, croccante, gusti misti"
174798,"Snack, pezzetti di caramella, ricoperto di yogurt con vitamina C"
174799,"Snack, CLIF BAR, gusti misti"
174800,"Snack, barretta di granola, QUAKER, morbido, barretta da 90 calorie"
174801,"Snack, barretta di granola, GENERAL MILLS NATURE VALLEY, SWEET&SALTY NUT, arachide"
174802,"Snack, barretta di granola, GENERAL MILLS, NATURE VALLEY, con copertura allo yogurt"
174803,"Snack, barretta ai frutti di bosco"
174804,"Snack, patatine in sacchetto, da patate disidratate (preformate), multicereali"
174805,"Snack, patatine in sacchetto, leggermente salato"
174806,"Snack, pretzel, senza glutine con amido di mais e farina di patate"
174807,"Zuppa, all'uovo sbattuto (egg drop), Ristorante cinese"
174808,"Zuppa, agropiccante, Ristorante cinese"
174809,"Bevande, The COCA-COLA company, NOS Zero, bevanda energetica, senza zucchero con guaranà, fortificato con vitamine B6 e B12"
174810,"Bevanda alcolica, whiskey sour, in scatola"
174811,"Bevande, Preparato per whiskey sour, in bottiglia"
174812,"Bevanda alcolica, whiskey sour, preparato dalla voce 14028"
174813,"Bevande, ABBOTT, EAS soy protein powder"
174814,"Bevande, CYTOSPORT, Muscle Milk, pronto da bere"
174815,"Bevanda alcolica, distillato, tutti (gin, rum, vodka, whiskey) 40% vol"
174816,"Bevande, OCEAN SPRAY, Cran-Energy, Cranberry Energy Juice Drink"
174817,"Bevanda alcolica, distillato, rum, 40% vol"
174818,"Bevanda alcolica, distillato, vodka, 40% vol"
174819,"Bevanda alcolica, distillato, whiskey, 43% vol"
174820,"Bevande, latte di mandorla, cioccolato, pronto da bere"
174821,"Bevande, Bevanda energetica con acqua gassata e sciroppo di mais ad alto fruttosio"
174822,"Bevande, Bevanda energetica, senza zucchero"
174823,"Bevande, ABBOTT, ENSURE, frullato nutrizionale, pronto da bere"
174824,"Bevande, cioccolato in polvere, senza zuccheri aggiunti"
174825,"Bevande, ZEVIA, cola"
174826,"Bevande, ZEVIA, cola, senza caffeina"
174827,"Bevande, GEROLSTEINER BRUNNEN GmbH & Co. KG, Gerolsteiner naturally sparkling mineral water"
174828,"Bevande, bibita agli agrumi giallo-verde con caffeina"
174829,"Bevande, V8 SPLASH Smoothies, fragola e banana"
174830,"Bevande, V8 SPLASH Smoothies, Tropical Colada"
174831,"Bevande, Acqua di cocco, pronto da bere, non zuccherato"
174832,"Bevande, latte di mandorla, non zuccherato, a lunga conservazione"
174833,"Bevanda alcolica, vino, da tavola, rosso, Cabernet Sauvignon"
174834,"Bevanda alcolica, vino, da tavola, rosso, Cabernet Franc"
174835,"Bevanda alcolica, vino, da tavola, rosso, Pinot Nero"
174836,"Bevanda alcolica, vino, da tavola, rosso, Syrah"
174837,"Bevanda alcolica, vino, da tavola, bianco"
174838,"Bevanda alcolica, vino, da tavola, rosso, Lemberger"
174839,"Bevanda alcolica, vino, da tavola, rosso, Sangiovese"
174840,"Bevanda alcolica, vino, da tavola, rosso, Carignano"
174841,"Bevanda alcolica, vino, da tavola, bianco, Pinot Grigio"
174842,"Bevande, gassato, acqua di seltz"
174843,"Bevanda alcolica, vino, da tavola, bianco, Gewürztraminer"
174844,"Bevanda alcolica, vino, da tavola, bianco, vendemmia tardiva, Gewürztraminer"
174845,"Bevanda alcolica, vino, da tavola, bianco, Sémillon"
174846,"Bevande, gassato, ginger ale"
174847,"Bevande, NESTEA, tè, nero, pronto da bere, limone"
174848,"Bevanda alcolica, vino, da tavola, bianco, Pinot Bianco"
174849,"Bevanda alcolica, vino, da tavola, bianco, Moscato"
174850,"Bevande, gassato, a basso contenuto calorico, tipo cola o pepper, con aspartame, senza caffeina"
174851,"Bevande, gassato, cola, senza caffeina"
174852,"Bevande, gassato, cola, normale"
174853,"Bevande, gassato, a ridotto contenuto di zuccheri, cola, contiene caffeina e dolcificanti"
174854,"Bevande, gassato, arancia"
174855,"Bevande, tè, nero, pronto da bere, pesca, dietetico"
174856,"Bevande, OCEAN SPRAY, Ruby Red cranberry"
174857,"Bevande, MOTTS, succo di mela light, fortificato con vitamina C"
174858,"Bevande, Limonata, in polvere"
174859,"Limonata, in polvere, preparato con acqua"
174860,"Bevande, bevanda al gusto limonata, in polvere"
174861,"Bevande, bevanda al gusto limonata, in polvere, preparato con acqua"
174862,"Bevanda al lime, concentrato surgelato, preparato con acqua"
174863,"Bevanda al malto, inclusa birra analcolica"
174864,"Bevande, OVALTINE, Classic Malt powder"
174865,"Bevande, Preparato per bevanda al malto, cioccolato, con nutrienti aggiunti, in polvere, preparato con latte intero"
174866,"Bevande, preparato per bevanda al malto, cioccolato, in polvere"
174867,"Bevande, Preparato per bevanda al malto, cioccolato, in polvere, preparato con latte intero"
174868,"Bevande, bevanda all'arancia, in scatola, con vitamina C aggiunta"
174869,"Preparato per bevanda al gusto fragola, in polvere"
174870,"Bevande, Preparato per bevanda al gusto fragola, in polvere, preparato con latte intero"
174871,"Bevande, tè, nero, in infusione, preparato con acqua del rubinetto, decaffeinato"
174872,"Bevande, tè, istantaneo, decaffeinato, non zuccherato"
174873,"Bevande, tè, istantaneo, non zuccherato, preparato con acqua"
174874,"Agnello, Nuova Zelanda, importato, braciole di spalla a taglio quadrato, magro e grasso, cotto, brasato"
174875,"Agnello, Nuova Zelanda, importato, braciole di spalla a taglio quadrato, magro e grasso, crudo"
174876,"Agnello, Nuova Zelanda, importato, spalla a taglio quadrato, magro e grasso, cotto, arrosto lento"
174877,"Agnello, Nuova Zelanda, importato, coscia disossata a tunnel, senza culatta, senza stinco, magro e grasso, crudo"
174878,"Agnello, Nuova Zelanda, importato, filetto, magro e grasso, crudo"
174879,"Vitello, macinato, cotto, in padella"
174880,"Vitello, coscia, fesa, senza copertina, fettina, disossato, cotto, alla griglia"
174881,"Vitello, spalla, braciola di paletta, solo magro, cotto, alla griglia"
174882,"Vitello, solo grasso esterno, crudo"
174883,"Vitello, solo grasso esterno, cotto"
174884,"Vitello, solo grasso intermuscolare, crudo"
174885,"Agnello, australiano, importato, fresco, coscia, inferiore, disossato, solo magro, grasso rifilato a 3 mm, cotto, arrosto"
174886,"Agnello, australiano, importato, fresco, coscia, stinco posteriore, con muscolo, con osso, solo magro, grasso rifilato a 3 mm, cotto, brasato"
174887,"Agnello, australiano, importato, fresco, coscia, stinco posteriore, con muscolo, con osso, solo magro, grasso rifilato a 3 mm, crudo"
174888,"Agnello, australiano, importato, fresco, filetto, disossato, solo magro, grasso rifilato a 3 mm, cotto, arrosto"
174889,"Agnello, australiano, importato, fresco, carré, arrosto, scalzato, denudato, con osso, solo magro, grasso rifilato a 0 mm, cotto, arrosto"
174890,"Agnello, australiano, importato, fresco, carré, arrosto, scalzato, con osso, solo magro, grasso rifilato a 3 mm, cotto, arrosto"
174891,"Agnello, australiano, importato, fresco, grasso esterno, cotto"
174892,"Agnello, australiano, importato, fresco, grasso esterno, crudo"
174893,"Agnello, australiano, importato, fresco, coscia, stinco posteriore, con muscolo, con osso, magro e grasso, grasso rifilato a 3 mm, cotto, brasato"
174894,"Agnello, australiano, importato, fresco, coscia, stinco posteriore, con muscolo, con osso, magro e grasso, grasso rifilato a 3 mm, crudo"
174895,"Agnello, australiano, importato, fresco, coscia, senza zampetto, con osso, magro e grasso, grasso rifilato a 3 mm, cotto, arrosto"
174896,"Agnello, australiano, importato, fresco, coscia, senza zampetto, con osso, magro e grasso, grasso rifilato a 3 mm, crudo"
174897,"Agnello, australiano, importato, fresco, filetto, disossato, magro e grasso, grasso rifilato a 3 mm, cotto, arrosto"
174898,"Agnello, australiano, importato, fresco, costoletta, scalzato, denudato, con osso, magro e grasso, grasso rifilato a 0 mm, cotto, alla griglia"
174899,"Bagel, naturale, arricchito, con propionato di calcio (incluso cipolla, papavero, sesamo)"
174900,"Bagel, naturale, arricchito, con propionato di calcio (incluso cipolla, papavero, sesamo), tostato"
174901,"Bagel, uovo"
174902,"Biscuit, naturale o al latticello, preparato in polvere"
174903,"Biscuit, naturale o al latticello, preparato in polvere, preparato"
174904,"Biscuit, naturale o al latticello, impasto refrigerato, a ridotto contenuto di grassi"
174905,"Biscuit, naturale o al latticello, impasto refrigerato, a ridotto contenuto di grassi, al forno"
174906,"Pane, banana, fatto in casa, con margarina"
174907,"Pane, boston brown, in scatola"
174908,"Pane, pane di mais, preparato in polvere, arricchito (incluso preparato per muffin di mais)"
174909,"Pane, pane di mais, preparato in polvere, preparato con latte parzialmente scremato, margarina all'80%, e uova"
174910,"Pane, pane di mais, fatto in casa, con latte parzialmente scremato"
174911,"Pane, francese o viennese, tostato (incluso a lievitazione naturale)"
174912,"Pane, soda irlandese, fatto in casa"
174913,"Pane, italiano"
174914,"Pane, multicereali, tostato (incluso integrale)"
174915,"Pane, pita, bianco, arricchito"
174916,"Pane, pita, integrale"
174917,"Pane, proteico (incluso al glutine)"
174918,"Pane, pumpernickel"
174919,"Pane, a ridotto contenuto calorico, fiocchi d'avena"
174920,"Pane, a ridotto contenuto calorico, segale"
174921,"Pane, a ridotto contenuto calorico, grano"
174922,"Pane, a ridotto contenuto calorico, bianco"
174923,"Pane, crusca di riso"
174924,"Pane, bianco, di produzione industriale (incluso pangrattato morbido)"
174925,"Pane, bianco, di produzione industriale, tostato"
174926,"Pane, bianco, fatto in casa, con latte scremato in polvere"
174927,"Pane, bianco, fatto in casa, con latte parzialmente scremato"
174928,"Pane, pangrattato, secco, grattugiato, naturale"
174929,"Pane, bastoncini, naturale"
174930,"Pane, ripieno, preparato in polvere"
174931,"Pane, ripieno, preparato in polvere, preparato"
174932,"Torta, tipo budino, carota, preparato in polvere"
174933,"Torta, fudge alla ciliegia con glassa al cioccolato"
174934,"Torta, cioccolato, di produzione industriale con glassa al cioccolato, da panetteria del supermercato"
174935,"Torta, tipo budino, cioccolato, preparato in polvere"
174936,"Torta, torta da colazione, ripieno di crema con glassa al cioccolato"
174937,"Torta, torta da colazione, frutta"
174938,"Torta, torta da colazione, alla cannella con crumble, preparato in polvere, preparato"
174939,"Torta, torta di frutta secca, di produzione industriale"
174940,"Torta, pound, di produzione industriale, non tutto burro, arricchito"
174941,"Torta, shortcake, tipo biscuit, fatto in casa"
174942,"Torta, merendine, ripieno di crema, al cioccolato con glassa"
174943,"Torta, merendine, ripieno di crema, pan di Spagna"
174944,"Torta, giallo, di produzione industriale, con glassa al cioccolato, da panetteria del supermercato"
174945,"Torta, giallo, di produzione industriale, con glassa alla vaniglia"
174946,"Torta, tipo budino, giallo, preparato in polvere"
174947,"Torta, giallo, arricchito, preparato in polvere"
174948,"Biscotti, brownie, preparato in polvere, normale"
174949,"Biscotti, brownie, fatto in casa"
174950,"Biscotti, burro, di produzione industriale, arricchito"
174951,"Biscotti, fudge, tipo torta"
174952,"Biscotti, con gocce di cioccolato, preparato in polvere"
174953,"Biscotti, con gocce di cioccolato, impasto refrigerato"
174954,"Biscotti, con gocce di cioccolato, impasto refrigerato, al forno"
174955,"Biscotti, con gocce di cioccolato, fatto in casa, con margarina"
174956,"Biscotti, biscotti allo zenzero"
174957,"Biscotti, cracker graham, semplice o al miele (incluso alla cannella)"
174958,"Biscotti, cracker graham, ricoperto di cioccolato"
174959,"Biscotti, savoiardi, con succo e scorza di limone"
174960,"Biscotti, fiocchi d'avena, preparato in polvere"
174961,"Biscotti, fiocchi d'avena, impasto refrigerato"
174962,"Biscotti, fiocchi d'avena, impasto refrigerato, al forno"
174963,"Biscotti, fiocchi d'avena, con uvetta"
174964,"Biscotti, burro di arachidi, fatto in casa"
174965,"Biscotti, ripieni al burro di arachidi, normale"
174966,"Biscotti, uvetta, tipo morbido"
174967,"Biscotti, frollini, di produzione industriale, naturale"
174968,"Biscotti, frollini, di produzione industriale, pecan"
174969,"Biscotti, ripieni al burro di arachidi, dietetico speciale"
174970,"Biscotti, wafer zuccherato, con ripieno alla crema, senza zucchero"
174971,"Biscotti, zucchero, di produzione industriale, normale (incluso vaniglia)"
174972,"Biscotti, zucchero, impasto refrigerato"
174973,"Biscotti, wafer alla vaniglia, a ridotto contenuto di grassi"
174974,"Biscotti, wafer alla vaniglia, più grasso"
174975,"Cracker, formaggio, normale"
174976,"Cracker, formaggio, tipo sandwich con ripieno al burro di arachidi"
174977,"Cracker, fette biscottate melba, naturale"
174978,"Cracker, fette biscottate melba, di segale (incluso pumpernickel)"
174979,"Cracker, fette biscottate melba, grano"
174980,"Cracker, latte"
174981,"Cracker, fette biscottate"
174982,"Cracker, tipo snack standard, normale"
174983,"Cracker, tipo snack standard, sandwich, con ripieno al formaggio"
174984,"Cracker, tipo snack standard, sandwich, con ripieno al burro di arachidi"
174985,"Cracker, grano, normale"
174986,"Guscio di bignè, fatto in casa"
174987,"Croissant, burro"
174988,"Croissant, mela"
174989,"Croissant, formaggio"
174990,"Ciambelle fritte, tipo torta, semplice (incluso non zuccherato, classico)"
174991,"Ciambelle fritte, tipo torta, naturale, ricoperto o glassato al cioccolato"
174992,"Ciambelle fritte, tipo torta, naturale, zuccherato o glassato"
174993,"Ciambelle fritte, tipo torta, cioccolato, zuccherato o glassato"
174994,"Muffin, inglese, naturale, arricchito, con propionato di calcio (incluso a lievitazione naturale)"
174995,"Muffin, inglese, naturale, tostato, arricchito, con propionato di calcio (incluso a lievitazione naturale)"
174996,"Muffin, inglese, ai cereali misti (inclusa granola)"
174997,"Muffin, inglese, uvetta e cannella (incluso mela e cannella)"
174998,"French toast, fatto in casa, con latte parzialmente scremato"
174999,"Hush puppies, fatto in casa"
175000,"Coni gelato, tipo torta o wafer"
175001,"Coni gelato, zucchero, tipo arrotolato"
175002,"Muffin, mais, di produzione industriale"
175003,"Muffin, mais, preparato in polvere, preparato"
175004,"Muffin, mais, da tostapane"
175005,"Muffin, mais, fatto in casa, con latte parzialmente scremato"
175006,"Pancake, naturale, preparato in polvere, completo, preparato"
175007,"Pancake, naturale, preparato in polvere, incompleto (incluso al latticello)"
175008,"Pancake, naturale, preparato in polvere, incompleto, preparato"
175009,"Pancake, naturale, fatto in casa"
175010,"Pancake, integrale, preparato in polvere, incompleto, preparato"
175011,"Torta ripiena, mela, di produzione industriale, farina arricchita"
175012,"Torta ripiena, mela, fatto in casa"
175013,"Torta ripiena, crema di banana, preparato da miscela, tipo senza cottura"
175014,"Torta ripiena, crema al cioccolato, di produzione industriale"
175015,"Torta ripiena, mousse al cioccolato, preparato da miscela, tipo senza cottura"
175016,"Torta ripiena, crema al cocco, di produzione industriale"
175017,"Torta ripiena, crema di cocco, preparato da miscela, tipo senza cottura"
175018,"Torta ripiena, meringa al limone, fatto in casa"
175019,"Torta ripiena, mincemeat, fatto in casa"
175020,"Torta ripiena, pesca"
175021,"Torta ripiena, pecan, di produzione industriale"
175022,"Base per torta, tipo standard, preparato in polvere"
175023,"Base per torta, tipo standard, preparato in polvere, preparato, al forno"
175024,"Base per torta, tipo standard, surgelato, pronto da cuocere, arricchito"
175025,"Base per torta, tipo standard, surgelato, pronto da cuocere, arricchito, al forno"
175026,"Base per torta, tipo standard, fatto in casa, al forno"
175027,"Panini, da tavola, uovo"
175028,"Panini, da tavola, crusca d'avena"
175029,"Panini, da tavola, segale"
175030,"Panini, da tavola, grano"
175031,"Panini, duro (incluso kaiser)"
175032,"Strudel, mela"
175033,"Brioche, formaggio"
175034,"Brioche, cannella, di produzione industriale con uvetta"
175035,"Merendine da tostapane, alla frutta (incluso mela, mirtillo, ciliegia, fragola)"
175036,"Tortilla, pronto da cuocere o friggere, mais"
175037,"Tortilla, pronto da cuocere o friggere, farina, refrigerato"
175038,"Waffle, naturale, surgelato, pronto da riscaldare"
175039,"Waffle, naturale, fatto in casa"
175040,"Agenti lievitanti, bicarbonato"
175041,"Agenti lievitanti, cremor tartaro"
175042,"Agenti lievitanti, lievito, di birra, fresco in panetto"
175043,"Agenti lievitanti, lievito, di birra, secco attivo"
175044,"Pane, crusca di riso, tostato"
175045,"Muffin, mirtillo, da tostapane, tostato"
175046,"Muffin, crusca di grano, da tostapane con uvetta, tostato"
175047,"Pancake, latticello, fatto in casa"
175048,"Waffle, naturale, surgelato, pronto da riscaldare, tostato"
175049,"Bagel, naturale, arricchito, senza propionato di calcio (incluso cipolla, papavero, sesamo)"
175050,"Bagel, naturale, non arricchito, con propionato di calcio (incluso cipolla, papavero, sesamo)"
175051,"Bagel, naturale, non arricchito, senza propionato di calcio (incluso cipolla, papavero, sesamo)"
175052,"Torta, torta da colazione, alla cannella con crumble, di produzione industriale, non arricchito"
175053,"Torta, pound, di produzione industriale, non tutto burro, non arricchito"
175054,"Torta, tipo budino, bianco, non arricchito, preparato in polvere"
175055,"Torta, giallo, non arricchito, preparato in polvere"
175056,"Cracker, saltine, a basso contenuto di sale (inclusi oyster, soda, da zuppa)"
175057,"Cracker, saltine, superficie non salata (inclusi oyster, soda, da zuppa)"
175058,"Cracker, tipo snack standard, normale, a basso contenuto di sale"
175059,"Cracker, grano, a basso contenuto di sale"
175060,"Cracker, formaggio, a basso contenuto di sodio"
175061,"Sfoglia danese, lampone, non arricchito"
175062,"Ciambelle fritte, lievitato con lievito, glassato, non arricchito (incluse honey buns)"
175063,"Muffin inglesi, naturale, arricchito, senza propionato di calcio (incluso a lievitazione naturale)"
175064,"Torta ripiena, tortine fritte, limone"
175065,"Base per torta, tipo standard, surgelato, pronto da cuocere, non arricchito"
175066,"Popover, preparato in polvere, non arricchito"
175067,"Gusci per taco, al forno, senza sale aggiunto"
175068,"Cracker, saltine, senza grassi, a basso contenuto di sodio"
175069,"Aspro, da colazione, a basso contenuto di grassi"
175070,"Archway Home Style Cookies, Sugar Free Oatmeal"
175071,"Archway Home Style Cookies, Chocolate Chip Ice Box"
175072,"Archway Home Style Cookies, Iced Oatmeal"
175073,"Archway Home Style Cookies, Melassa"
175074,"Archway Home Style Cookies, fiocchi d'avena"
175075,"Archway Home Style Cookies, Oatmeal Raisin"
175076,"Archway Home Style Cookies, Strawberry Filled"
175077,"Archway Home Style Cookies, Reduced Fat Ginger Snaps"
175078,"Artificial Blueberry Muffin Mix, secco"
175079,"KRAFT, Stove Top Stuffing Mix Chicken Flavor"
175080,"Martha White Foods, Martha White's Chewy Fudge Brownie Mix, secco"
175081,"Martha White Foods, Martha White's Buttermilk Biscuit Mix, secco"
175082,"Mission Foods, Mission Flour Tortillas, taco morbido, 20 cm"
175083,"Nabisco, Nabisco Grahams Crackers"
175084,"Nabisco, Nabisco Oreo Crunchies, Cookie Crumb Topping"
175085,"Selvaggina, cervo, cotto, arrosto"
175086,"Selvaggina, cavallo, crudo"
175087,"Selvaggina, cavallo, cotto, arrosto"
175088,"Bevande, tè, istantaneo, limone, non zuccherato"
175089,"Bevande, tè, istantaneo, limone, zuccherato, in polvere"
175090,"Bevande, tè, istantaneo, limone, zuccherato, preparato con acqua"
175091,"Bevande, tè, istantaneo, dolcificato con saccarina, gusto limone, in polvere"
175092,"Bevande, preparato per cioccolata, con aspartame, in polvere, preparato con acqua"
175093,"Bevande, gassato, cola, cola da fast food"
175094,"Bevande, bevanda al succo punch di frutta, concentrato surgelato"
175095,"Bevande, bevanda al succo punch di frutta, concentrato surgelato, preparato con acqua"
175096,"Bevande, acqua, del rubinetto, di pozzo"
175097,"Bevanda alcolica, liquore, caffè, 26,5% vol"
175098,"Bevanda alcolica, liquore, caffè con panna, 17% vol"
175099,"Bevande, gassato, a basso contenuto calorico, tipo cola o pepper, con aspartame, contiene caffeina"
175100,"Bevande, Bevanda all'arancia, da colazione, con succo e polpa, concentrato surgelato"
175101,"Bevande, Bevanda all'arancia, da colazione, con succo e polpa, concentrato surgelato, preparato con acqua"
175102,"Bevande, frullato, fast food, fragola"
175103,"Bevande, acqua, del rubinetto, dell'acquedotto"
175104,"Bevande, The COCA-COLA company, DASANI, acqua, in bottiglia, non gassato"
175105,"Bevande, bevanda all'arancia da colazione, pronto da bere, con nutrienti aggiunti"
175106,"Bevande, acqua, in bottiglia, non gassato, CALISTOGA"
175107,"Bevande, acqua, in bottiglia, non gassato, CRYSTAL GEYSER"
175108,"Bevande, COCA-COLA, POWERADE, gusto limone e lime, pronto da bere"
175109,"Bevande, Propel Zero, al gusto di frutta, non gassato"
175110,"Bevande, ARIZONA, tè, pronto da bere, limone"
175111,"Bevande, LIPTON BRISK, tè, nero, pronto da bere, limone"
175112,"Bevanda alcolica, vino, dessert, secco"
175113,"Bevanda gassata, a basso contenuto calorico, diversa da cola o pepper, con saccarina, senza caffeina"
175114,"Bevande, Preparato per cioccolata, a basso contenuto calorico, in polvere, con calcio aggiunto, fosforo, aspartame, senza sodio o vitamina A aggiunti"
175115,"Bevande, bevanda al gusto punch di frutta, in polvere, senza sodio aggiunto, preparato con acqua"
175116,"Pesce, aringa, atlantico, crudo"
175117,"Pesce, aringa, atlantico, cotto, cottura a secco"
175118,"Pesce, aringa, atlantico, sott'aceto"
175119,"Pesce, sgombro, atlantico, crudo"
175120,"Pesce, sgombro, atlantico, cotto, cottura a secco"
175121,"Pesce, sgombro, jack, in scatola, solidi scolati"
175122,"Pesce, sgombro, reale, crudo"
175123,"Pesce, cefalo, striato, crudo"
175124,"Pesce, cefalo, striato, cotto, cottura a secco"
175125,"Pesce, sebaste, atlantico, crudo"
175126,"Pesce, sebaste, atlantico, cotto, cottura a secco"
175127,"Pesce, luccio, del nord, cotto, cottura a secco"
175128,"Pesce, luccio, lucioperca americano, crudo"
175129,"Pesce, merluzzo giallo, atlantico, crudo"
175130,"Pesce, merluzzo giallo, Alaska, crudo (può contenere additivi per trattenere l'umidità)"
175131,"Pesce, scorfano, del Pacifico, specie miste, cotto, cottura a secco"
175132,"Pesce, uova di pesce, specie miste, crudo"
175133,"Pesce, pesce specchio atlantico, arancia, crudo"
175134,"Pesce, carbonaro, crudo"
175135,"Pesce, salmone, salmone keta, in scatola, solidi scolati con lisca"
175136,"Pesce, salmone, salmone argentato (coho), selvatico, crudo"
175137,"Pesce, salmone, salmone argentato (coho), selvatico, cotto, cottura umida"
175138,"Pesce, salmone, rosa, crudo"
175139,"Pesce, sardina, atlantico, in scatola sott'olio, solidi scolati con lisca"
175140,"Pesce, sardina, del Pacifico, in scatola in salsa di pomodoro, solidi scolati con lisca"
175141,"Pesce, sarago americano (scup), crudo"
175142,"Pesce, branzino, specie miste, crudo"
175143,"Pesce, squalo, specie miste, cotto, in pastella e fritto"
175144,"Pesce, sarago testa di pecora, crudo"
175145,"Pesce, sarago testa di pecora, cotto, cottura a secco"
175146,"Pesce, eperlano, iridea, crudo"
175147,"Pesce, eperlano, iridea, cotto, cottura a secco"
175148,"Pesce, storione, specie miste, cotto, cottura a secco"
175149,"Pesce, storione, specie miste, affumicato"
175150,"Pesce, catostomo, bianco, crudo"
175151,"Pesce, persico sole, pumpkinseed, crudo"
175152,"Pesce, tilefish, cotto, cottura a secco"
175153,"Pesce, trota, specie miste, crudo"
175154,"Pesce, trota, iridea, selvatico, crudo"
175155,"Pesce, trota, iridea, selvatico, cotto, cottura a secco"
175156,"Pesce, tonno, fresco, tonnetto striato, crudo"
175157,"Pesce, tonno, bianco, in scatola sott'olio, solidi scolati"
175158,"Pesce, tonno, bianco, in scatola al naturale, solidi scolati"
175159,"Pesce, tonno, fresco, tonno pinna gialla, crudo"
175160,"Pesce, insalata di tonno"
175161,"Pesce, merlano, specie miste, cotto, cottura a secco"
175162,"Pesce, lupo di mare, atlantico, crudo"
175163,"Pesce, ricciola, specie miste, crudo"
175164,"Crostacei, granchio, reale dell'Alaska, crudo"
175165,"Pesce, pesce gatto, channel, d'allevamento, crudo"
175166,"Pesce, pesce gatto, channel, d'allevamento, cotto, cottura a secco"
175167,"Pesce, salmone, atlantico, d'allevamento, crudo"
175168,"Pesce, salmone, atlantico, d'allevamento, cotto, cottura a secco"
175169,"Crostacei, gambero di fiume, specie miste, d'allevamento, crudo"
175170,"Crostacei, gambero di fiume, specie miste, d'allevamento, cotto, cottura umida"
175171,"Molluschi, ostrica, orientale, selvatico, cotto, cottura a secco"
175172,"Molluschi, ostrica, orientale, d'allevamento, crudo"
175173,"Molluschi, ostrica, orientale, d'allevamento, cotto, cottura a secco"
175174,"Salmone, salmone rosso, in scatola, contenuto totale della scatola"
175175,"Pesce, salmone, rosa, in scatola, solidi scolati"
175176,"Pesce, tilapia, crudo"
175177,"Pesce, tilapia, cotto, cottura a secco"
175178,"Pesce, merluzzo, del Pacifico, cotto"
175179,"Crostacei, gamberetti, crudo"
175180,"Crostacei, gamberetti, cotto"
175181,"Pesce, trota, di torrente, crudo, dello Stato di New York"
175182,"Fagioli, al forno, in scatola, semplice o vegetariano"
175183,"Fagioli, al forno, in scatola, con manzo"
175184,"Fagioli, al forno, in scatola, con würstel"
175185,"Fagioli, al forno, in scatola, con maiale"
175186,"Fagioli, neri, secchi, crudo"
175187,"Fagioli, neri, secchi, cotto, lessato, senza sale"
175188,"Fagioli, neri, secchi, in scatola"
175189,"Fagioli, borlotti (cranberry), secchi, crudo"
175190,"Fagioli, great northern (bianchi), secchi, crudo"
175191,"Fagioli, great northern (bianchi), secchi, cotto, lessato, senza sale"
175192,"Fagioli, great northern (bianchi), secchi, in scatola"
175193,"Fagioli, kidney, tutti i tipi, secchi, crudo"
175194,"Fagioli, kidney, rosso, secchi, cotto, lessato, senza sale"
175195,"Fagioli, kidney, rosso, secchi, in scatola, solidi e liquidi"
175196,"Fagioli, kidney, royal red, secchi, crudo"
175197,"Fagioli, kidney, royal red, secchi, cotto, lessato, senza sale"
175198,"Fagioli, rosa, secchi, cotto, lessato, senza sale"
175199,"Fagioli, pinto, secchi, crudo"
175200,"Fagioli, pinto, secchi, cotto, lessato, senza sale"
175201,"Fagioli, pinto, secchi, in scatola, solidi e liquidi"
175202,"Fagioli, bianco, secchi, crudo"
175203,"Fagioli, bianco, secchi, cotto, lessato, senza sale"
175204,"Fagioli, bianco, secchi, in scatola"
175205,"Fave, secchi, crudo"
175206,"Ceci, secchi, in scatola, solidi e liquidi"
175207,"Chili con fagioli, in scatola"
175208,"Fagioli dall'occhio, catjang, secchi, crudo"
175209,"Fagioli dall'occhio, catjang, secchi, cotto, lessato, senza sale"
175210,"Fagioli giacinto, secchi, crudo"
175211,"Fagioli giacinto, secchi, cotto, lessato, senza sale"
175212,"Vitasoy USA, Vitasoy Organic Creamy Original Soymilk"
175213,"Vitasoy USA, Vitasoy Organic Classic Original Soymilk"
175214,"Vitasoy USA, Vitasoy Light Vanilla Soymilk"
175215,"Latte di soia (tutti i gusti), non zuccherato, con calcio aggiunto, vitamine A e D"
175216,"Latte di soia (tutti i gusti), senza grassi, con calcio aggiunto, vitamine A e D"
175217,"Latte di soia, cioccolato, senza grassi, con calcio aggiunto, vitamine A e D"
175218,"SILK Plain, latte di soia"
175219,"SILK Vanilla, latte di soia"
175220,"SILK Plus Omega-3 DHA, latte di soia"
175221,"SILK Plus for Bone Health, latte di soia"
175222,"SILK Plus Fiber, latte di soia"
175223,"SILK Unsweetened, latte di soia"
175224,"SILK Coffee, latte di soia"
175225,SILK Vanilla soy yogurt (family size)
175226,SILK Vanilla soy yogurt (single serving size)
175227,SILK Plain soy yogurt
175228,SILK Strawberry soy yogurt
175229,SILK Key Lime soy yogurt
175230,SILK Banana-Strawberry soy yogurt
175231,SILK Original Creamer
175232,SILK French Vanilla Creamer
175233,"Vitasoy USA Organic Nasoya, Tofu Plus Firm"
175234,"Vitasoy USA Organic Nasoya Sprouted, Tofu Plus Super Firm"
175235,"Vitasoy USA Azumaya, tofu extra sodo"
175236,"Vitasoy USA Azumaya, tofu sodo"
175237,"Fagioli, nero, secchi, cotto, lessato, con sale"
175238,"Fagioli, nero, secchi, in scatola, a basso contenuto di sodio"
175239,"Fagioli, neri, secchi, cotto, lessato, con sale"
175240,"Fagioli, borlotti (cranberry), secchi, cotto, lessato, con sale"
175241,"Fagioli, francese, secchi, cotto, lessato, con sale"
175242,"Fagioli, kidney, rosso, secchi, cotto, lessato, con sale"
175243,"Fagioli, kidney, rosso, secchi, in scatola, solidi scolati, sciacquato con acqua del rubinetto"
175244,"Fagioli, kidney, royal red, secchi, cotto, lessato con sale"
175245,"Fagioli, kidney, rosso, secchi, in scatola, solidi e liquido, a basso contenuto di sodio"
175246,"Fagioli, bianchi piccoli, secchi, cotto, lessato, con sale"
175247,"Fagioli, pinto, secchi, in scatola, solidi e liquidi, a basso contenuto di sodio"
175248,"Fagioli, giallo, secchi, cotto, lessato, con sale"
175249,"Fagioli, bianco, secchi, cotto, lessato, con sale"
175250,"Ceci, secchi, in scatola, solidi e liquidi, a basso contenuto di sodio"
175251,"Fagioli dall'occhio, catjang, secchi, cotto, lessato, con sale"
175252,"Fagioli dall'occhio, comuni (dall'occhio, crowder, southern), secchi, cotto, lessato, con sale"
175253,"Fagioli giacinto, secchi, cotto, lessato, con sale"
175254,"Lenticchie, secchi, cotto, lessato, con sale"
175255,"Fagioli mung, secchi, cotto, lessato, con sale"
175256,"Fagioli urd, secchi, cotto, lessato, con sale"
175257,"Piselli, decorticati spezzati, secchi, cotto, lessato, con sale"
175258,"Arachidi, tutti i tipi, tostato in olio, senza sale"
175259,"Agnello, Nuova Zelanda, importato, surgelato, lombata, magro e grasso, cotto, grigliato"
175260,"Agnello, Nuova Zelanda, importato, carré parzialmente scalzato, solo magro, crudo"
175261,"Agnello, Nuova Zelanda, importato, carré parzialmente scalzato, solo magro, cotto, arrosto veloce"
175262,"Agnello, Nuova Zelanda, importato, spalla a taglio quadrato, magro e grasso, crudo"
175263,"Agnello, Nuova Zelanda, importato, surgelato, spalla, intera (braccio e paletta), magro e grasso, cotto, brasato"
175264,"Agnello, Nuova Zelanda, importato, spalla a taglio quadrato, solo magro, crudo"
175265,"Vitello, insieme di tagli rifilati, solo magro, cotto"
175266,"Vitello, insieme di tagli rifilati, grasso separabile, crudo"
175267,"Vitello, insieme di tagli rifilati, grasso separabile, cotto"
175268,"Vitello, coscia (fesa), magro e grasso, crudo"
175269,"Vitello, coscia (fesa), solo magro, crudo"
175270,"Vitello, coscia (fesa), solo magro, cotto, brasato"
175271,"Vitello, coscia (fesa), solo magro, cotto, in padella, impanato"
175272,"Vitello, coscia (fesa), solo magro, cotto, in padella, non impanato"
175273,"Vitello, lombata, solo magro, cotto, brasato"
175274,"Vitello, lombata, solo magro, cotto, arrosto"
175275,"Vitello, costata, magro e grasso, crudo"
175276,"Vitello, costata, magro e grasso, cotto, brasato"
175277,"Vitello, spalla, intera (braccio e paletta), magro e grasso, crudo"
175278,"Vitello, spalla, intera (braccio e paletta), magro e grasso, cotto, brasato"
175279,"Vitello, spalla, intera (braccio e paletta), magro e grasso, cotto, arrosto"
175280,"Vitello, spalla, intera (braccio e paletta), solo magro, crudo"
175281,"Vitello, spalla, braccio, magro e grasso, cotto, arrosto"
175282,"Vitello, spalla, braccio, solo magro, crudo"
175283,"Vitello, spalla, braccio, solo magro, cotto, brasato"
175284,"Vitello, spalla, braccio, solo magro, cotto, arrosto"
175285,"Vitello, spalla, paletta, solo magro, cotto, arrosto"
175286,"Vitello, scamone, magro e grasso, crudo"
175287,"Vitello, scamone, magro e grasso, cotto, brasato"
175288,"Vitello, scamone, magro e grasso, cotto, arrosto"
175289,"Vitello, a cubetti per spezzatino (coscia e spalla), solo magro, cotto, brasato"
175290,"Vitello, macinato, crudo"
175291,"Vitello, macinato, cotto, grigliato"
175292,"Selvaggina, antilope, crudo"
175293,"Bisonte, macinato, allevato a erba, crudo"
175294,"Selvaggina, castoro, crudo"
175295,"Selvaggina, castoro, cotto, arrosto"
175296,"Selvaggina, beefalo, insieme di tagli, crudo"
175297,"Selvaggina, cinghiale, selvatico, crudo"
175298,"Selvaggina, cinghiale, selvatico, cotto, arrosto"
175299,"Selvaggina, bufalo, acqua, crudo"
175300,"Selvaggina, bufalo, acqua, cotto, arrosto"
175301,"Selvaggina, wapiti, crudo"
175302,"Selvaggina, wapiti, cotto, arrosto"
175303,"Selvaggina, capra, crudo"
175304,"Selvaggina, capra, cotto, arrosto"
321358,"Hummus, commerciale"
321359,"Latte, a ridotto contenuto di grassi, liquido, 2% di grassi, con vitamine A e D aggiunte"
321360,"Pomodori, uva, crudo"
321611,"Fagioli, fagiolini, verde, in scatola, confezione normale, solidi scolati"
321900,"Broccoli, crudo"
322228,"Latte, a basso contenuto di grassi, liquido, 1% di grassi, con vitamine A e D aggiunte"
322559,"Latte, senza grassi, liquido, con vitamine A e D aggiunte (scremato)"
322892,"Latte, intero, 3,25% di grassi, con vitamina D aggiunta"
323121,"Würstel, manzo, non riscaldato"
323294,"Frutta secca a guscio, mandorle, tostato a secco, con sale aggiunto"
323444,"Formaggio, ricotta, latte intero"
323505,"Cavolo riccio, crudo"
323604,"Uovo, intero, crudo, surgelato, pastorizzato"
323697,"Uovo, bianco, crudo, surgelato, pastorizzato"
323793,"Uovo, bianco, essiccato"
324038,"Salsa, salsa messicana, pronto da servire"
324157,"Salsiccia, salsiccia da colazione, manzo, precotto, non preparato"
324317,"Anelli di cipolla, impanato, prefritto, surgelato, preparato, riscaldato in forno"
324653,"Sottaceti, cetriolo, all'aneto"
324860,"Burro di arachidi, vellutato, con sale"
325036,"Formaggio, parmigiano, grattugiato"
325198,"Formaggio, fuso, americano, fortificato con vitamina D"
325287,"Succo di pompelmo, bianco, in scatola o in bottiglia, non zuccherato"
325430,"Pesche, giallo, crudo"
325524,"Semi, semi di girasole decorticati, tostato a secco, con sale aggiunto"
325658,"Salsiccia, italiano, maiale, delicato, cotto, in padella"
325871,"Pane, bianco, di produzione industriale"
325992,"Salsiccia, tacchino, salsicciotti da colazione, delicato, crudo"
326135,"Formaggio, svizzero"
326196,"Cavolo riccio, surgelato, cotto, lessato, scolato, senza sale"
326458,"Carote, surgelato, non preparato"
326698,"Senape, preparato, giallo"
326905,"Fichi, essiccato, non cotto"
327046,"Kiwi, verde, crudo"
327198,"Meloni, cantalupo, crudo"
327357,"Nettarine, crudo"
327501,"Arance, crudo, navel"
327699,"Fragole, crudo"
327923,"Lattuga, romana, crudo"
328637,"Formaggio, cheddar"
328841,"Formaggio, cottage, a basso contenuto di grassi, 2% di grassi"
329370,"Formaggio, mozzarella, a bassa umidità, parzialmente scremato"
329490,"Uovo, intero, essiccato"
329596,"Uovo, tuorlo, crudo, surgelato, pastorizzato"
329716,"Uovo, tuorlo, essiccato"
329830,"Formaggio, bianco secco, queso seco"
330137,"Yogurt, greco, naturale, senza grassi"
330415,"Yogurt, greco, fragola, senza grassi"
330458,"Olio, cocco"
330869,"Tacchino, macinato, 93% magro, 7% grasso, sbriciolato in padella"
331897,"Pollo, polli da carne, fuso, solo carne, cotto, brasato"
331960,"Pollo, polli da carne, petto, senza pelle, disossato, solo carne, cotto, brasato"
332282,"Salsa, pasta, spaghetti alla marinara, pronto da servire"
332397,"Prosciutto, a fette, preconfezionato, affettato (96% senza grassi, con acqua aggiunta)"
332597,"Pere, crudo, williams"
332791,"Olive, verde, Manzanilla, ripiene di peperone"
332864,"Salsiccia, maiale, chorizo, in salsiccia o macinata, cotto, in padella"
333008,"Biscotti, fiocchi d'avena, morbido, con uvetta"
333281,"Pomodori, in scatola, rosso, maturo, a dadini"
333374,"Pesce, eglefino, crudo"
333476,"Pesce, merluzzo giallo, crudo"
334194,"Pesce, tonno, leggero, in scatola al naturale, solidi scolati"
334247,"Zuccheri, granulato"
334462,"Ristorante, cinese, maiale in agrodolce"
334536,"Ristorante, cinese, riso fritto, senza carne"
334628,"Ristorante, latinoamericano, tamale, maiale"
334720,"Ristorante, latinoamericano, pupusas con fagioli"
334849,"Manzo, lombata, bistecca di controfiletto, disossato, con copertina, solo magro, grasso rifilato a 3 mm, grado choice, crudo"
334897,"Manzo, lombata, arrosto di filetto, solo magro, disossato, grasso rifilato a 0 mm, grado select, cotto, arrosto"
334898,"Manzo, coscia, arrosto di girello, disossato, solo magro, grasso rifilato a 0 mm, grado select, crudo"
334963,"Manzo, coscia, arrosto di fesa, disossato, solo magro, grasso rifilato a 0 mm, grado select, crudo"
335061,"Manzo, lombata corta, bistecca T-bone, con osso, solo magro, grasso rifilato a 3 mm, grado choice, cotto, alla griglia"
335109,"Manzo, lombata corta, bistecca porterhouse, solo magro, grasso rifilato a 3 mm, grado select, crudo"
335240,"Pane, integrale, di produzione industriale"
746758,"Manzo, lombata, arrosto di filetto, solo magro, disossato, grasso rifilato a 0 mm, grado select, cotto, arrosto"
746759,"Manzo, lombata, bistecca di controfiletto, disossato, con copertina, solo magro, grasso rifilato a 3 mm, grado choice, crudo"
746760,"Manzo, coscia, arrosto di girello, disossato, solo magro, grasso rifilato a 0 mm, grado select, crudo"
746761,"Manzo, coscia, arrosto di fesa, disossato, solo magro, grasso rifilato a 0 mm, grado select, crudo"
746762,"Manzo, lombata corta, bistecca porterhouse, solo magro, grasso rifilato a 3 mm, grado select, crudo"
746763,"Manzo, lombata corta, bistecca T-bone, con osso, solo magro, grasso rifilato a 3 mm, grado choice, cotto, alla griglia"
746764,"Carote, surgelato, non preparato"
746765,"Formaggio, bianco secco, queso seco"
746766,"Formaggio, ricotta, latte intero"
746767,"Formaggio, svizzero"
746768,"Fichi, essiccato, non cotto"
746769,"Lattuga, romana, crudo"
746770,"Meloni, cantalupo, crudo"
746771,"Arance, crudo, navel"
746772,"Latte, a basso contenuto di grassi, liquido, 1% di grassi, con vitamine A e D aggiunte"
746773,"Pere, crudo, williams"
746774,"Ristorante, cinese, maiale in agrodolce"
746775,"Sale, da tavola, iodato"
746776,"Latte, senza grassi, liquido, con vitamine A e D aggiunte (scremato)"
746777,"Salsa, salsa messicana, pronto da servire"
746778,"Latte, a ridotto contenuto di grassi, liquido, 2% di grassi, con vitamine A e D aggiunte"
746779,"Salsiccia, salsiccia da colazione, manzo, precotto, non preparato"
746780,"Salsiccia, italiano, maiale, delicato, cotto, in padella"
746781,"Salsiccia, maiale, chorizo, in salsiccia o macinata, cotto, in padella"
746782,"Latte, intero, 3,25% di grassi, con vitamina D aggiunta"
746783,"Salsiccia, tacchino, salsicciotti da colazione, delicato, crudo"
746784,"Zuccheri, granulato"
746785,"Tacchino, macinato, 93% magro, 7% grasso, sbriciolato in padella"
746952,"Prosciutto, a fette, ristorante"
747429,"Formaggio, americano, ristorante"
747447,"Broccoli, crudo"
747448,"Fragole, crudo"
747693,"Ketchup, ristorante"
747997,"Uova, grado A, grande, albume"
748236,"Uova, grado A, grande, tuorlo"
748967,"Uova, grado A, grande, uovo intero"
749420,"Maiale, stagionato, bacon, cotto, ristorante"
789890,"Farina, grano, per tutti gli usi, arricchito, sbiancata"
789951,"Farina, grano, per tutti gli usi, arricchito, non sbiancata"
790018,"Farina, grano, per tutti gli usi, non arricchito, non sbiancata"
790085,"Farina, integrale, non arricchito"
790146,"Farina, pane, bianco, arricchito, non sbiancata"
790214,"Farina, riso, bianco, non arricchito"
790276,"Farina, mais, giallo, farina fine, arricchito"
790577,"Cipolle, rosso, crudo"
790646,"Cipolle, giallo, crudo"
790774,"Banane, molto maturo, crudo"
790991,"Banane, maturo e leggermente maturo, crudo"
1104647,"Aglio, crudo"
1104705,"Farina, soia, sgrassata"
1104766,"Farina, soia, intero"
1104812,"Farina, riso, scuro"
1104867,"Farina, riso, glutinoso"
1104913,"Farina, pasticceria, non arricchito, non sbiancata"
1104962,"Cipolle, bianco, crudo"
1105073,"Banane, molto maturo, crudo"
1105314,"Banane, maturo e leggermente maturo, crudo"
1105430,"Mele, red delicious, con pelle, crudo"
1105547,"Mele, honeycrisp, con pelle, crudo"
1105664,"Mele, granny smith, con pelle, crudo"
1105781,"Mele, gala, con pelle, crudo"
1105897,"Mele, fuji, con pelle, crudo"
1750337,"Latte di soia, non zuccherato, naturale, a lunga conservazione"
1750338,"Latte di mandorla, non zuccherato, naturale, a lunga conservazione"
1750339,"Mele, red delicious, con pelle, crudo"
1750340,"Mele, fuji, con pelle, crudo"
1750341,"Mele, gala, con pelle, crudo"
1750342,"Mele, granny smith, con pelle, crudo"
1750343,"Mele, honeycrisp, con pelle, crudo"
1750344,"Funghi, hericium (criniera di leone)"
1750345,"Funghi, ostrica"
1750346,"Funghi, shiitake"
1750347,"Funghi, champignon"
1750352,"Spinaci, baby"
1750353,"Spinaci, maturo"
1750354,"Pomodoro, roma"
1999626,"Funghi, hericium (criniera di leone)"
1999627,"Funghi, ostrica"
1999628,"Funghi, shiitake"
1999629,"Funghi, champignon"
1999630,"Latte di soia, non zuccherato, naturale, a lunga conservazione"
1999631,"Latte di mandorla, non zuccherato, naturale, a lunga conservazione"
1999632,"Spinaci, baby"
1999633,"Spinaci, maturo"
1999634,"Pomodoro, roma"
2003586,"Farina, 00"
2003587,"Farina, farro, integrale"
2003588,"Farina, semola, grossa e semigrossa"
2003589,"Farina, semola, fine"
2003590,"Succo di mela, con vitamina C aggiunta, da concentrato, a lunga conservazione"
2003591,"Succo d'arancia, senza polpa, non fortificato, da concentrato, refrigerato"
2003592,"Succo d'uva, viola, con vitamina C aggiunta, da concentrato, a lunga conservazione"
2003593,"Succo d'uva, bianco, con vitamina C aggiunta, da concentrato, a lunga conservazione"
2003594,"Succo di mirtillo rosso, non fortificato, da concentrato, a lunga conservazione"
2003595,"Succo di pompelmo, rosso, non fortificato, non da concentrato, refrigerato"
2003596,"Succo di pomodoro, con ingredienti aggiunti, da concentrato, a lunga conservazione"
2003597,"Succo d'arancia, senza polpa, non fortificato, non da concentrato, refrigerato"
2003598,"Funghi, portobello"
2003599,"Funghi, cardoncello"
2003600,"Funghi, enoki"
2003601,"Funghi, cremini"
2003602,"Funghi, maitake"
2003603,"Funghi, shimeji"
2003604,"Funghi, pioppini"
2257044,"Latte di soia, zuccherato, naturale, refrigerato"
2257045,"Latte di mandorla, non zuccherato, naturale, refrigerato"
2257046,"Latte d'avena, non zuccherato, naturale, refrigerato"
2258586,"Carote, maturo, crudo"
2258587,"Carote, baby, crudo"
2258588,"Peperoni, dolce, verde, crudo"
2258589,"Peperoni, dolce, giallo, crudo"
2258590,"Peperoni, dolce, rosso, crudo"
2258591,"Peperoni, dolce, arancia, crudo"
2259792,"Latticello, a basso contenuto di grassi"
2259793,"Yogurt, naturale, latte intero"
2259794,"Yogurt, greco, naturale, latte intero"
2259795,"Formaggio, parmigiano, grattugiato, refrigerato"
2259796,"Formaggio, feta, latte intero, sbriciolato"
2261420,"Farina, mandorla"
2261421,"Farina, avena, integrale"
2261422,"Farina, patata"
2262072,"Burro di arachidi, cremoso"
2262073,"Burro di sesamo, cremoso"
2262074,"Burro di mandorle, cremoso"
2262075,"Semi di lino, macinato"
2263887,"Fragole, crudo"
2263888,"Lamponi, crudo"
2263889,"Mirtilli, crudo"
2263890,"Uva, rosso, senza semi, crudo"
2263891,"Uva, verde, senza semi, crudo"
2263892,"Purea di mele, non zuccherato, con vitamina C aggiunta"
2346384,"Fiocchi di latte, intero, a grana grossa o fine"
2346385,"Formaggio spalmabile, intero, in panetto"
2346386,"Panna, da montare"
2346387,"Panna, aspro, intero"
2346388,"Lattuga, iceberg, crudo"
2346389,"Lattuga, romana, verde, crudo"
2346390,"Lattuga, in foglie, rosso, crudo"
2346391,"Lattuga, in foglie, verde, crudo"
2346392,"Frutta secca a guscio, pinoli, crudo"
2346393,"Frutta secca a guscio, mandorle, intero, crudo"
2346394,"Frutta secca a guscio, noci, inglese, metà, crudo"
2346395,"Frutta secca a guscio, noci pecan, metà, crudo"
2346396,"Avena, integrale, arrotolato, classico"
2346397,"Avena, integrale, tagliata (steel cut)"
2346398,"Ananas, crudo"
2346399,"Ciliegie, dolce, rosso scuro, crudo"
2346400,"Fagioli, fagiolini, verde, crudo"
2346401,"Patate, russet, senza pelle, crudo"
2346402,"Patate, rosso, senza pelle, crudo"
2346403,"Patate, gold, senza pelle, crudo"
2346404,"Patate dolci, a polpa arancione, senza pelle, crudo"
2346405,"Sedano, crudo"
2346406,"Cetriolo, con buccia, crudo"
2346407,"Cavolo, verde, crudo"
2346408,"Cavolo, rosso, crudo"
2346409,"Fragole, crudo"
2346410,"Lamponi, crudo"
2346411,"Mirtilli, crudo"
2346412,"Uva, rosso, senza semi, crudo"
2346413,"Uva, verde, senza semi, crudo"
2346414,"Purea di mele, non zuccherato, con vitamina C aggiunta"
2512371,"Farina, amaranto"
2512372,"Farina, quinoa"
2512373,"Farina, sorgo"
2512374,"Farina, grano saraceno"
2512375,"Farina, segale"
2512376,"Farina, orzo"
2512377,"Farina, manioca"
2512378,"Grano saraceno, integrale"
2512379,"Miglio, integrale"
2512380,"Riso, scuro, a chicco lungo, non arricchito, crudo"
2512381,"Riso, bianco, a chicco lungo, non arricchito, crudo"
2514743,"Manzo, macinato, 90% magro / 10% grasso, crudo"
2514744,"Manzo, macinato, 80% magro / 20% grasso, crudo"
2514745,"Maiale, macinato, crudo"
2514746,"Pollo, macinato, con additivi, crudo"
2514747,"Tacchino, macinato, 93% magro / 7% grasso, crudo"
2515373,"Frutta secca a guscio, noci del Brasile, crudo"
2515374,"Frutta secca a guscio, anacardi, crudo"
2515375,"Frutta secca a guscio, nocciole, crudo"
2515376,"Arachidi, crudo"
2515377,"Farina, castagna"
2515378,"Frutta secca a guscio, noci di macadamia, crudo"
2515379,"Frutta secca a guscio, pistacchi, crudo"
2515380,"Semi, semi di zucca (pepitas), crudo"
2515381,"Semi, semi di girasole, decorticati, crudo"
2515382,"Farina, cocco"
2644281,"Fagioli, cannellini, secco"
2644282,"Ceci, (ceci), secco"
2644283,"Lenticchie, secco"
2644284,"Fagioli dall'occhio, secco"
2644285,"Fagioli, nero, in scatola, con sodio aggiunto, scolato e sciacquato"
2644286,"Fagioli, navy (bianchi piccoli), in scatola, con sodio aggiunto, scolato e sciacquato"
2644287,"Fagioli, cannellini, in scatola, con sodio aggiunto, scolato e sciacquato"
2644288,"Ceci, in scatola, con sodio aggiunto, scolato e sciacquato"
2644289,"Fagioli, kidney, rosso scuro, in scatola, con sodio aggiunto, con zucchero aggiunto, scolato e sciacquato"
2644290,"Fagioli, kidney, rosso chiaro, in scatola, con sodio aggiunto, con zucchero aggiunto, scolato e sciacquato"
2644291,"Piselli, verde, dolce, in scatola, con sodio aggiunto, con zucchero aggiunto, scolato e sciacquato"
2644292,"Fagioli, pinto, in scatola, con sodio aggiunto, scolato e sciacquato"
2644293,"Fagioli dall'occhio, in scatola, con sodio aggiunto, scolato e sciacquato"
2644294,"Fagioli, great northern (bianchi), in scatola, con sodio aggiunto, scolato e sciacquato"
2646168,"Maiale, lombata, disossato, crudo"
2646169,"Maiale, lombata, filetto, disossato, crudo"
2646170,"Pollo, petto, disossato, senza pelle, crudo"
2646171,"Pollo, sovracoscia, disossato, senza pelle, crudo"
2646172,"Manzo, entrecôte, bistecca, disossato, grado choice, crudo"
2646173,"Manzo, coscia, fesa, disossato, grado choice, crudo"
2646174,"Manzo, reale, arrosto, disossato, grado choice, crudo"
2646175,"Manzo, bavetta, bistecca, disossato, grado choice, crudo"
2647437,"Yogurt, naturale, senza grassi"
2647438,"Formaggio, monterey jack, solido"
2647439,"Formaggio, preparato di formaggio fuso, americano, sottilette"
2647440,"Formaggio, provolone, a fette"
2647441,"Formaggio, oaxaca, solido"
2647442,"Formaggio, queso fresco, solido"
2647443,"Formaggio, cotija, solido"
2684440,"Pesce, salmone, salmone rosso, pescato, crudo"
2684441,"Pesce, salmone, atlantico, d'allevamento, crudo"
2684442,"Pesce, tilapia, d'allevamento, crudo"
2684443,"Crostacei, gamberetti, d'allevamento, crudo"
2684444,"Pesce, merluzzo, atlantico, pescato, crudo"
2684445,"Pesce, pesce gatto, d'allevamento, crudo"
2684446,"Crostacei, granchio, nuotatore blu, polpa, pastorizzato, refrigerato"
2685568,"Zucca, estivo, verde, zucchine, con buccia, crudo"
2685569,"Zucca, estivo, giallo, con buccia, crudo"
2685570,"Zucca, invernale, butternut, crudo"
2685571,"Zucca, invernale, ghianda (acorn), crudo"
2685572,"Cavolo, pak choi, crudo"
2685573,"Cavolfiore, crudo"
2685574,"Cavolo a foglia (collards), crudo"
2685575,"Cavolini di Bruxelles, crudo"
2685576,"Barbabietole, crudo"
2685577,"Melanzana, crudo"
2685578,"Pomodori, intero, in scatola, solidi e liquidi, con sale aggiunto"
2685579,"Pomodoro, salsa, in scatola, con sale aggiunto"
2685580,"Pomodoro, concentrato, in scatola, senza sale aggiunto"
2685581,"Pomodori, tritato, in scatola"
2685582,"Pomodoro, purea, in scatola"
2710815,"Albicocca, con pelle, crudo"
2710816,"Meloni, melone bianco, crudo"
2710817,"Platani, maturo, crudo"
2710818,"Platani, acerbo, crudo"
2710819,"Semi di chia, secco, crudo"
2710820,"Bulgur, secco, crudo"
2710821,"Riso selvatico, secco, crudo"
2710822,"Rucola, baby, crudo"
2710823,"Asparagi, verde, crudo"
2710824,"Avocado, Hass, sbucciato, crudo"
2710825,"Riso, nero, non arricchito, crudo"
2710826,"Mais, dolce, chicchi gialli e bianchi, fresco, crudo"
2710827,"Monococco (einkorn), in chicchi, secco, crudo"
2710828,"Farro, perlato, secco, crudo"
2710829,"Fonio, in chicchi, secco, crudo"
2710830,"Khorasan, in chicchi, secco, crudo"
2710831,"Kiwi, verde, sbucciato, crudo"
2710832,"Mandarino, senza semi, sbucciato, crudo"
2710833,"Mango, Tommy Atkins, sbucciato, crudo"
2710834,"Mango, Ataulfo, sbucciato, crudo"
2710835,"Farina di mais fine, masa harina, bianco o giallo, secco, crudo"
2710836,"Pera, Anjou, verde, con pelle, crudo"
2710837,"Prugna, nero, con pelle, crudo"
2710838,"Riso, rosso, non arricchito, secco, crudo"
2710839,"Crusca di sorgo, bianco, non arricchito, secco, crudo"
2710840,"Farina di sorgo, bianco, perlato, non arricchito, secco, crudo"
2710841,"Sorgo in chicchi, bianco, perlato, non arricchito, secco, crudo"
2710842,"Sorgo, integrale, bianco, secco, crudo"
2710843,"Platani, molto maturo, crudo"
2727566,"Pollo, fuso, carne e pelle, crudo"
2727567,"Pollo, sovracoscia, carne e pelle, crudo"
2727568,"Pollo, ala, carne e pelle, crudo"
2727569,"Pollo, petto, carne e pelle, crudo"
2727570,"Agnello, macinato, crudo"
2727571,"Bisonte, macinato, crudo"
2727572,"Manzo, lombata corta (bistecca NY strip), crudo"
2727573,"Manzo, bistecca di filetto, crudo"
2727574,"Manzo, bistecca di scamone, crudo"
2727575,"Maiale, braciola, taglio centrale, crudo"
2727576,"Maiale, pancetta, con pelle, crudo"
2747652,"Acciughe, in scatola in olio d'oliva, con sale, scolato"
2747653,"Foglie di barbabietola, crudo"
2747654,"Merluzzo, del Pacifico o dell'Alaska, surgelato, pescato"
2747655,"Finocchio, bulbo, crudo"
2747656,"Halibut, surgelato, pescato"
2747657,"Astice, solo coda, surgelato, pescato"
2747658,"Lampuga, surgelato, pescato"
2747659,"Pastinaca, crudo"
2747660,"Peperoni, banana o ungherese, con semi, crudo"
2747661,"Peperoni, jalapeño, con semi, crudo"
2747662,"Peperoni, poblano, con semi, crudo"
2747663,"Peperoni, serrano, con semi, crudo"
2747664,"Radicchio, crudo"
2747665,"Ravanelli, rosso, crudo"
2747666,"Capesante, di baia, patagonico, surgelato, pescato"
2747667,"Capesante, di mare, surgelato, pescato"
2747668,"Branzino, cileno, surgelato, pescato"
2747669,"Dentice (snapper), surgelato, pescato"
2747670,"Granchio delle nevi, solo zampe, surgelato"
2747671,"Calamaro, surgelato, solo tubi"
2747672,"Pesce spada, surgelato, pescato"
2747673,"Tonno, pinna gialla (ahi), surgelato, pescato"
2747674,"Rape, crudo"
2747676,"Anguria, senza semi, solo scorza, crudo"
2768188,"Merluzzo dell'Alaska, crudo"
